[16Sep2025 15:20:57.125] [main/INFO] [cpw.mods.modlauncher.Launcher/MODLAUNCHER]: ModLauncher running: args [--launchTarget, forgeserver, --fml.forgeVersion, 47.3.7, --fml.mcVersion, 1.20.1, --fml.forgeGroup, net.minecraftforge, --fml.mcpVersion, 20230612.114412, nogui]
[16Sep2025 15:20:57.130] [main/INFO] [cpw.mods.modlauncher.Launcher/MODLAUNCHER]: ModLauncher 10.0.9+10.0.9+main.dcd20f30 starting: java version 17.0.16 by Ubuntu; OS Linux arch amd64 version 6.8.0-1030-azure
[16Sep2025 15:20:57.160] [main/DEBUG] [cpw.mods.modlauncher.LaunchServiceHandler/MODLAUNCHER]: Found launch services [fmlclientdev,forgeclient,minecraft,forgegametestserverdev,fmlserveruserdev,fmlclient,fmldatauserdev,forgeserverdev,forgeserveruserdev,forgeclientdev,forgeclientuserdev,forgeserver,forgedatadev,fmlserver,fmlclientuserdev,fmlserverdev,forgedatauserdev,testharness,forgegametestserveruserdev]
[16Sep2025 15:20:57.173] [main/DEBUG] [cpw.mods.modlauncher.NameMappingServiceHandler/MODLAUNCHER]: Found naming services : [srgtomcp]
[16Sep2025 15:20:57.190] [main/DEBUG] [cpw.mods.modlauncher.LaunchPluginHandler/MODLAUNCHER]: Found launch plugins: [mixin,eventbus,slf4jfixer,object_holder_definalize,runtime_enum_extender,capability_token_subclass,accesstransformer,runtimedistcleaner]
[16Sep2025 15:20:57.206] [main/DEBUG] [cpw.mods.modlauncher.TransformationServicesHandler/MODLAUNCHER]: Discovering transformation services
[16Sep2025 15:20:57.214] [main/DEBUG] [net.minecraftforge.fml.loading.FMLPaths/CORE]: Path GAMEDIR is /workspaces/Server-/servidor_minecraft
[16Sep2025 15:20:57.214] [main/DEBUG] [net.minecraftforge.fml.loading.FMLPaths/CORE]: Path MODSDIR is /workspaces/Server-/servidor_minecraft/mods
[16Sep2025 15:20:57.215] [main/DEBUG] [net.minecraftforge.fml.loading.FMLPaths/CORE]: Path CONFIGDIR is /workspaces/Server-/servidor_minecraft/config
[16Sep2025 15:20:57.215] [main/DEBUG] [net.minecraftforge.fml.loading.FMLPaths/CORE]: Path FMLCONFIG is /workspaces/Server-/servidor_minecraft/config/fml.toml
[16Sep2025 15:20:57.815] [main/DEBUG] [cpw.mods.modlauncher.TransformationServicesHandler/MODLAUNCHER]: Found additional transformation services from discovery services: [/workspaces/Server-/servidor_minecraft/mods/OptiFine-1.20.1_HD_U_I6_pre6.jar]
[16Sep2025 15:20:57.855] [main/INFO] [net.minecraftforge.fml.loading.ImmediateWindowHandler/]: ImmediateWindowProvider not loading because launch target is forgeserver
[16Sep2025 15:20:57.868] [main/DEBUG] [cpw.mods.modlauncher.TransformationServicesHandler/MODLAUNCHER]: Found transformer services : [mixin,OptiFine,fml]
[16Sep2025 15:20:57.868] [main/DEBUG] [cpw.mods.modlauncher.TransformationServicesHandler/MODLAUNCHER]: Transformation services loading
[16Sep2025 15:20:57.870] [main/DEBUG] [cpw.mods.modlauncher.TransformationServiceDecorator/MODLAUNCHER]: Loading service mixin
[16Sep2025 15:20:57.870] [main/DEBUG] [cpw.mods.modlauncher.TransformationServiceDecorator/MODLAUNCHER]: Loaded service mixin
[16Sep2025 15:20:57.870] [main/DEBUG] [cpw.mods.modlauncher.TransformationServiceDecorator/MODLAUNCHER]: Loading service OptiFine
[16Sep2025 15:20:57.870] [main/INFO] [optifine.OptiFineTransformationService/]: OptiFineTransformationService.onLoad
[16Sep2025 15:20:57.871] [main/INFO] [optifine.OptiFineTransformationService/]: OptiFine ZIP file URL: union:/workspaces/Server-/servidor_minecraft/mods/OptiFine-1.20.1_HD_U_I6_pre6.jar%23139!/
[16Sep2025 15:20:57.890] [main/INFO] [optifine.OptiFineTransformationService/]: OptiFine ZIP file: /workspaces/Server-/servidor_minecraft/mods/OptiFine-1.20.1_HD_U_I6_pre6.jar
[16Sep2025 15:20:57.894] [main/INFO] [optifine.OptiFineTransformer/]: Target.PRE_CLASS is available
[16Sep2025 15:20:57.914] [main/DEBUG] [cpw.mods.modlauncher.TransformationServiceDecorator/MODLAUNCHER]: Loaded service OptiFine
[16Sep2025 15:20:57.915] [main/DEBUG] [cpw.mods.modlauncher.TransformationServiceDecorator/MODLAUNCHER]: Loading service fml
[16Sep2025 15:20:57.916] [main/DEBUG] [net.minecraftforge.fml.loading.LauncherVersion/CORE]: Found FMLLauncher version 1.0
[16Sep2025 15:20:57.916] [main/DEBUG] [net.minecraftforge.fml.loading.FMLLoader/CORE]: FML 1.0 loading
[16Sep2025 15:20:57.917] [main/DEBUG] [net.minecraftforge.fml.loading.FMLLoader/CORE]: FML found ModLauncher version : 10.0.9+10.0.9+main.dcd20f30
[16Sep2025 15:20:57.917] [main/DEBUG] [net.minecraftforge.fml.loading.FMLLoader/CORE]: FML found AccessTransformer version : 8.0.4+66+master.c09db6d7
[16Sep2025 15:20:57.918] [main/DEBUG] [net.minecraftforge.fml.loading.FMLLoader/CORE]: FML found EventBus version : 6.0.5+6.0.5+master.eb8e549b
[16Sep2025 15:20:57.918] [main/DEBUG] [net.minecraftforge.fml.loading.FMLLoader/CORE]: Found Runtime Dist Cleaner
[16Sep2025 15:20:57.920] [main/DEBUG] [net.minecraftforge.fml.loading.FMLLoader/CORE]: FML found CoreMod version : 5.1.6
[16Sep2025 15:20:57.921] [main/DEBUG] [net.minecraftforge.fml.loading.FMLLoader/CORE]: Found ForgeSPI package implementation version 7.0.1+7.0.1+master.d2b38bf6
[16Sep2025 15:20:57.921] [main/DEBUG] [net.minecraftforge.fml.loading.FMLLoader/CORE]: Found ForgeSPI package specification 5
[16Sep2025 15:20:57.921] [main/DEBUG] [cpw.mods.modlauncher.TransformationServiceDecorator/MODLAUNCHER]: Loaded service fml
[16Sep2025 15:20:57.922] [main/DEBUG] [cpw.mods.modlauncher.TransformationServicesHandler/MODLAUNCHER]: Configuring option handling for services
[16Sep2025 15:20:57.932] [main/DEBUG] [cpw.mods.modlauncher.TransformationServicesHandler/MODLAUNCHER]: Transformation services initializing
[16Sep2025 15:20:57.936] [main/DEBUG] [cpw.mods.modlauncher.TransformationServiceDecorator/MODLAUNCHER]: Initializing transformation service mixin
[16Sep2025 15:20:57.954] [main/DEBUG] [mixin/]: MixinService [ModLauncher] was successfully booted in cpw.mods.cl.ModuleClassLoader@7a3d45bd
[16Sep2025 15:20:57.969] [main/INFO] [mixin/]: SpongePowered MIXIN Subsystem Version=0.8.5 Source=union:/workspaces/Server-/servidor_minecraft/libraries/org/spongepowered/mixin/0.8.5/mixin-0.8.5.jar%2365!/ Service=ModLauncher Env=SERVER
[16Sep2025 15:20:57.973] [main/DEBUG] [mixin/]: Initialising Mixin Platform Manager
[16Sep2025 15:20:57.974] [main/DEBUG] [mixin/]: Adding mixin platform agents for container ModLauncher Root Container(ModLauncher:4f56a0a2)
[16Sep2025 15:20:57.974] [main/DEBUG] [mixin/]: Instancing new MixinPlatformAgentMinecraftForge for ModLauncher Root Container(ModLauncher:4f56a0a2)
[16Sep2025 15:20:57.975] [main/DEBUG] [mixin/]: MixinPlatformAgentMinecraftForge rejected container ModLauncher Root Container(ModLauncher:4f56a0a2)
[16Sep2025 15:20:57.975] [main/DEBUG] [mixin/]: Instancing new MixinPlatformAgentDefault for ModLauncher Root Container(ModLauncher:4f56a0a2)
[16Sep2025 15:20:57.975] [main/DEBUG] [mixin/]: MixinPlatformAgentDefault accepted container ModLauncher Root Container(ModLauncher:4f56a0a2)
[16Sep2025 15:20:57.978] [main/DEBUG] [cpw.mods.modlauncher.TransformationServiceDecorator/MODLAUNCHER]: Initialized transformation service mixin
[16Sep2025 15:20:57.978] [main/DEBUG] [cpw.mods.modlauncher.TransformationServiceDecorator/MODLAUNCHER]: Initializing transformation service OptiFine
[16Sep2025 15:20:57.978] [main/INFO] [optifine.OptiFineTransformationService/]: OptiFineTransformationService.initialize
[16Sep2025 15:20:57.979] [main/DEBUG] [cpw.mods.modlauncher.TransformationServiceDecorator/MODLAUNCHER]: Initialized transformation service OptiFine
[16Sep2025 15:20:57.979] [main/DEBUG] [cpw.mods.modlauncher.TransformationServiceDecorator/MODLAUNCHER]: Initializing transformation service fml
[16Sep2025 15:20:57.979] [main/DEBUG] [net.minecraftforge.fml.loading.FMLServiceProvider/CORE]: Setting up basic FML game directories
[16Sep2025 15:20:57.980] [main/DEBUG] [net.minecraftforge.fml.loading.FMLPaths/CORE]: Path GAMEDIR is /workspaces/Server-/servidor_minecraft
[16Sep2025 15:20:57.980] [main/DEBUG] [net.minecraftforge.fml.loading.FMLPaths/CORE]: Path MODSDIR is /workspaces/Server-/servidor_minecraft/mods
[16Sep2025 15:20:57.980] [main/DEBUG] [net.minecraftforge.fml.loading.FMLPaths/CORE]: Path CONFIGDIR is /workspaces/Server-/servidor_minecraft/config
[16Sep2025 15:20:57.980] [main/DEBUG] [net.minecraftforge.fml.loading.FMLPaths/CORE]: Path FMLCONFIG is /workspaces/Server-/servidor_minecraft/config/fml.toml
[16Sep2025 15:20:57.980] [main/DEBUG] [net.minecraftforge.fml.loading.FMLServiceProvider/CORE]: Loading configuration
[16Sep2025 15:20:57.983] [main/DEBUG] [net.minecraftforge.fml.loading.FMLServiceProvider/CORE]: Preparing ModFile
[16Sep2025 15:20:57.988] [main/DEBUG] [net.minecraftforge.fml.loading.FMLServiceProvider/CORE]: Preparing launch handler
[16Sep2025 15:20:57.988] [main/DEBUG] [net.minecraftforge.fml.loading.FMLLoader/CORE]: Using forgeserver as launch service
[16Sep2025 15:20:58.001] [main/DEBUG] [net.minecraftforge.fml.loading.FMLLoader/CORE]: Received command line version data  : VersionInfo[forgeVersion=47.3.7, mcVersion=1.20.1, mcpVersion=20230612.114412, forgeGroup=net.minecraftforge]
[16Sep2025 15:20:58.002] [main/DEBUG] [cpw.mods.modlauncher.TransformationServiceDecorator/MODLAUNCHER]: Initialized transformation service fml
[16Sep2025 15:20:58.003] [main/DEBUG] [cpw.mods.modlauncher.NameMappingServiceHandler/MODLAUNCHER]: Current naming domain is 'srg'
[16Sep2025 15:20:58.003] [main/DEBUG] [cpw.mods.modlauncher.NameMappingServiceHandler/MODLAUNCHER]: Identified name mapping providers {}
[16Sep2025 15:20:58.003] [main/DEBUG] [cpw.mods.modlauncher.TransformationServicesHandler/MODLAUNCHER]: Transformation services begin scanning
[16Sep2025 15:20:58.004] [main/DEBUG] [cpw.mods.modlauncher.TransformationServiceDecorator/MODLAUNCHER]: Beginning scan trigger - transformation service mixin
[16Sep2025 15:20:58.004] [main/DEBUG] [cpw.mods.modlauncher.TransformationServiceDecorator/MODLAUNCHER]: End scan trigger - transformation service mixin
[16Sep2025 15:20:58.005] [main/DEBUG] [cpw.mods.modlauncher.TransformationServiceDecorator/MODLAUNCHER]: Beginning scan trigger - transformation service OptiFine
[16Sep2025 15:20:58.005] [main/DEBUG] [cpw.mods.modlauncher.TransformationServiceDecorator/MODLAUNCHER]: End scan trigger - transformation service OptiFine
[16Sep2025 15:20:58.005] [main/DEBUG] [cpw.mods.modlauncher.TransformationServiceDecorator/MODLAUNCHER]: Beginning scan trigger - transformation service fml
[16Sep2025 15:20:58.005] [main/DEBUG] [net.minecraftforge.fml.loading.FMLServiceProvider/CORE]: Initiating mod scan
[16Sep2025 15:20:58.016] [main/DEBUG] [net.minecraftforge.fml.loading.moddiscovery.ModListHandler/CORE]: Found mod coordinates from lists: []
[16Sep2025 15:20:58.020] [main/DEBUG] [net.minecraftforge.fml.loading.moddiscovery.ModDiscoverer/CORE]: Found Mod Locators : (mods folder:null),(maven libs:null),(exploded directory:null),(minecraft:null),(userdev classpath:null)
[16Sep2025 15:20:58.020] [main/DEBUG] [net.minecraftforge.fml.loading.moddiscovery.ModDiscoverer/CORE]: Found Dependency Locators : (JarInJar:null)
[16Sep2025 15:20:58.034] [main/DEBUG] [net.minecraftforge.fml.loading.moddiscovery.ModFileParser/LOADING]: Considering mod file candidate /workspaces/Server-/servidor_minecraft/mods/[1.20.1] SecurityCraft v1.9.10.jar
[16Sep2025 15:20:58.076] [main/DEBUG] [net.minecraftforge.fml.loading.moddiscovery.ModFileInfo/LOADING]: Found valid mod file [1.20.1] SecurityCraft v1.9.10.jar with {securitycraft} mods - versions {1.9.10}
[16Sep2025 15:20:58.081] [main/DEBUG] [net.minecraftforge.fml.loading.moddiscovery.ModFileParser/LOADING]: Considering mod file candidate /workspaces/Server-/servidor_minecraft/mods/alexscaves-2.0.2.jar
[16Sep2025 15:20:58.083] [main/DEBUG] [net.minecraftforge.fml.loading.moddiscovery.ModFileInfo/LOADING]: Found valid mod file alexscaves-2.0.2.jar with {alexscaves} mods - versions {2.0.2}
[16Sep2025 15:20:58.086] [main/DEBUG] [net.minecraftforge.fml.loading.moddiscovery.ModFileParser/LOADING]: Considering mod file candidate /workspaces/Server-/servidor_minecraft/mods/alexsmobs-1.22.9.jar
[16Sep2025 15:20:58.087] [main/DEBUG] [net.minecraftforge.fml.loading.moddiscovery.ModFileInfo/LOADING]: Found valid mod file alexsmobs-1.22.9.jar with {alexsmobs} mods - versions {1.22.9}
[16Sep2025 15:20:58.088] [main/DEBUG] [net.minecraftforge.fml.loading.moddiscovery.ModFileParser/LOADING]: Considering mod file candidate /workspaces/Server-/servidor_minecraft/mods/appleskin-forge-mc1.20.1-2.5.1.jar
[16Sep2025 15:20:58.090] [main/DEBUG] [net.minecraftforge.fml.loading.moddiscovery.ModFileInfo/LOADING]: Found valid mod file appleskin-forge-mc1.20.1-2.5.1.jar with {appleskin} mods - versions {2.5.1+mc1.20.1}
[16Sep2025 15:20:58.091] [main/DEBUG] [net.minecraftforge.fml.loading.moddiscovery.ModFileParser/LOADING]: Considering mod file candidate /workspaces/Server-/servidor_minecraft/mods/architectury-9.2.14-forge.jar
[16Sep2025 15:20:58.092] [main/DEBUG] [net.minecraftforge.fml.loading.moddiscovery.ModFileInfo/LOADING]: Found valid mod file architectury-9.2.14-forge.jar with {architectury} mods - versions {9.2.14}
[16Sep2025 15:20:58.093] [main/DEBUG] [net.minecraftforge.fml.loading.moddiscovery.ModFileParser/LOADING]: Considering mod file candidate /workspaces/Server-/servidor_minecraft/mods/artifacts-forge-9.5.15.jar
[16Sep2025 15:20:58.094] [main/DEBUG] [net.minecraftforge.fml.loading.moddiscovery.ModFileInfo/LOADING]: Found valid mod file artifacts-forge-9.5.15.jar with {artifacts} mods - versions {9.5.15}
[16Sep2025 15:20:58.095] [main/DEBUG] [net.minecraftforge.fml.loading.moddiscovery.ModFileParser/LOADING]: Considering mod file candidate /workspaces/Server-/servidor_minecraft/mods/ATi Structures V1.4.3 (1.20+).jar
[16Sep2025 15:20:58.096] [main/DEBUG] [net.minecraftforge.fml.loading.moddiscovery.ModFileInfo/LOADING]: Found valid mod file ATi Structures V1.4.3 (1.20+).jar with {atistructures} mods - versions {1.4.0}
[16Sep2025 15:20:58.099] [main/DEBUG] [net.minecraftforge.fml.loading.moddiscovery.ModFileParser/LOADING]: Considering mod file candidate /workspaces/Server-/servidor_minecraft/mods/BiomesOPlenty-1.20.1-18.0.0.592.jar
[16Sep2025 15:20:58.100] [main/DEBUG] [net.minecraftforge.fml.loading.moddiscovery.ModFileInfo/LOADING]: Found valid mod file BiomesOPlenty-1.20.1-18.0.0.592.jar with {biomesoplenty} mods - versions {18.0.0.592}
[16Sep2025 15:20:58.101] [main/DEBUG] [net.minecraftforge.fml.loading.moddiscovery.ModFileParser/LOADING]: Considering mod file candidate /workspaces/Server-/servidor_minecraft/mods/camera-forge-1.20.1-1.0.14.jar
[16Sep2025 15:20:58.102] [main/DEBUG] [net.minecraftforge.fml.loading.moddiscovery.ModFileInfo/LOADING]: Found valid mod file camera-forge-1.20.1-1.0.14.jar with {camera} mods - versions {1.20.1-1.0.14}
[16Sep2025 15:20:58.103] [main/DEBUG] [net.minecraftforge.fml.loading.moddiscovery.ModFileParser/LOADING]: Considering mod file candidate /workspaces/Server-/servidor_minecraft/mods/carryon-forge-1.20.1-2.1.2.7.jar
[16Sep2025 15:20:58.104] [main/DEBUG] [net.minecraftforge.fml.loading.moddiscovery.ModFileInfo/LOADING]: Found valid mod file carryon-forge-1.20.1-2.1.2.7.jar with {carryon} mods - versions {2.1.2.7}
[16Sep2025 15:20:58.106] [main/DEBUG] [net.minecraftforge.fml.loading.moddiscovery.ModFileParser/LOADING]: Considering mod file candidate /workspaces/Server-/servidor_minecraft/mods/citadel-2.6.0-1.20.1.jar
[16Sep2025 15:20:58.107] [main/DEBUG] [net.minecraftforge.fml.loading.moddiscovery.ModFileInfo/LOADING]: Found valid mod file citadel-2.6.0-1.20.1.jar with {citadel} mods - versions {2.6.0}
[16Sep2025 15:20:58.108] [main/DEBUG] [net.minecraftforge.fml.loading.moddiscovery.ModFileParser/LOADING]: Considering mod file candidate /workspaces/Server-/servidor_minecraft/mods/cloth-config-11.1.118-forge.jar
[16Sep2025 15:20:58.109] [main/DEBUG] [net.minecraftforge.fml.loading.moddiscovery.ModFileInfo/LOADING]: Found valid mod file cloth-config-11.1.118-forge.jar with {cloth_config} mods - versions {11.1.118}
[16Sep2025 15:20:58.109] [main/DEBUG] [net.minecraftforge.fml.loading.moddiscovery.ModFileParser/LOADING]: Considering mod file candidate /workspaces/Server-/servidor_minecraft/mods/corpse-forge-1.20.1-1.0.21.jar
[16Sep2025 15:20:58.111] [main/DEBUG] [net.minecraftforge.fml.loading.moddiscovery.ModFileInfo/LOADING]: Found valid mod file corpse-forge-1.20.1-1.0.21.jar with {corpse} mods - versions {1.20.1-1.0.21}
[16Sep2025 15:20:58.113] [main/DEBUG] [net.minecraftforge.fml.loading.moddiscovery.ModFileParser/LOADING]: Considering mod file candidate /workspaces/Server-/servidor_minecraft/mods/CreativeCore_FORGE_v2.11.28_mc1.20.1.jar
[16Sep2025 15:20:58.114] [main/DEBUG] [net.minecraftforge.fml.loading.moddiscovery.ModFileInfo/LOADING]: Found valid mod file CreativeCore_FORGE_v2.11.28_mc1.20.1.jar with {creativecore} mods - versions {2.11.28}
[16Sep2025 15:20:58.115] [main/DEBUG] [net.minecraftforge.fml.loading.moddiscovery.ModFileParser/LOADING]: Considering mod file candidate /workspaces/Server-/servidor_minecraft/mods/curios-forge-5.9.1+1.20.1.jar
[16Sep2025 15:20:58.117] [main/DEBUG] [net.minecraftforge.fml.loading.moddiscovery.ModFileInfo/LOADING]: Found valid mod file curios-forge-5.9.1+1.20.1.jar with {curios} mods - versions {5.9.1+1.20.1}
[16Sep2025 15:20:58.119] [main/DEBUG] [net.minecraftforge.fml.loading.moddiscovery.ModFileParser/LOADING]: Considering mod file candidate /workspaces/Server-/servidor_minecraft/mods/dungeons-and-taverns-3.0.3.f[Forge].jar
[16Sep2025 15:20:58.120] [main/DEBUG] [net.minecraftforge.fml.loading.moddiscovery.ModFileInfo/LOADING]: Found valid mod file dungeons-and-taverns-3.0.3.f[Forge].jar with {mr_dungeons_andtaverns} mods - versions {3.0.3.f}
[16Sep2025 15:20:58.122] [main/DEBUG] [net.minecraftforge.fml.loading.moddiscovery.ModFileParser/LOADING]: Considering mod file candidate /workspaces/Server-/servidor_minecraft/mods/DungeonsArise-1.20.x-2.1.58-release.jar
[16Sep2025 15:20:58.123] [main/DEBUG] [net.minecraftforge.fml.loading.moddiscovery.ModFileInfo/LOADING]: Found valid mod file DungeonsArise-1.20.x-2.1.58-release.jar with {dungeons_arise} mods - versions {2.1.58-1.20.x}
[16Sep2025 15:20:58.124] [main/DEBUG] [net.minecraftforge.fml.loading.moddiscovery.ModFileParser/LOADING]: Considering mod file candidate /workspaces/Server-/servidor_minecraft/mods/DungeonsAriseSevenSeas-1.20.x-1.0.2-forge.jar
[16Sep2025 15:20:58.124] [main/DEBUG] [net.minecraftforge.fml.loading.moddiscovery.ModFileInfo/LOADING]: Found valid mod file DungeonsAriseSevenSeas-1.20.x-1.0.2-forge.jar with {dungeons_arise_seven_seas} mods - versions {1.0.2}
[16Sep2025 15:20:58.125] [main/DEBUG] [net.minecraftforge.fml.loading.moddiscovery.ModFileParser/LOADING]: Considering mod file candidate /workspaces/Server-/servidor_minecraft/mods/extra_dungeons-1.0.7-forge-1.20.1.jar
[16Sep2025 15:20:58.126] [main/DEBUG] [net.minecraftforge.fml.loading.moddiscovery.ModFileInfo/LOADING]: Found valid mod file extra_dungeons-1.0.7-forge-1.20.1.jar with {extra_dungeons} mods - versions {1.0.7}
[16Sep2025 15:20:58.127] [main/DEBUG] [net.minecraftforge.fml.loading.moddiscovery.ModFileParser/LOADING]: Considering mod file candidate /workspaces/Server-/servidor_minecraft/mods/FarmersDelight-1.20.1-1.2.7.jar
[16Sep2025 15:20:58.129] [main/DEBUG] [net.minecraftforge.fml.loading.moddiscovery.ModFileInfo/LOADING]: Found valid mod file FarmersDelight-1.20.1-1.2.7.jar with {farmersdelight} mods - versions {1.20.1-1.2.7}
[16Sep2025 15:20:58.132] [main/DEBUG] [net.minecraftforge.fml.loading.moddiscovery.ModFileParser/LOADING]: Considering mod file candidate /workspaces/Server-/servidor_minecraft/mods/framework-forge-1.20.1-0.7.12.jar
[16Sep2025 15:20:58.133] [main/DEBUG] [net.minecraftforge.fml.loading.moddiscovery.ModFileInfo/LOADING]: Found valid mod file framework-forge-1.20.1-0.7.12.jar with {framework} mods - versions {0.7.12}
[16Sep2025 15:20:58.134] [main/DEBUG] [net.minecraftforge.fml.loading.moddiscovery.ModFileParser/LOADING]: Considering mod file candidate /workspaces/Server-/servidor_minecraft/mods/geckolib-forge-1.20.1-4.4.7.jar
[16Sep2025 15:20:58.135] [main/DEBUG] [net.minecraftforge.fml.loading.moddiscovery.ModFileInfo/LOADING]: Found valid mod file geckolib-forge-1.20.1-4.4.7.jar with {geckolib} mods - versions {4.4.7}
[16Sep2025 15:20:58.140] [main/DEBUG] [net.minecraftforge.fml.loading.moddiscovery.ModFileParser/LOADING]: Considering mod file candidate /workspaces/Server-/servidor_minecraft/mods/goblintraders-forge-1.20.1-1.9.3.jar
[16Sep2025 15:20:58.141] [main/DEBUG] [net.minecraftforge.fml.loading.moddiscovery.ModFileInfo/LOADING]: Found valid mod file goblintraders-forge-1.20.1-1.9.3.jar with {goblintraders} mods - versions {1.9.3}
[16Sep2025 15:20:58.145] [main/DEBUG] [net.minecraftforge.fml.loading.moddiscovery.ModFileParser/LOADING]: Considering mod file candidate /workspaces/Server-/servidor_minecraft/mods/iceandfire-2.1.13-1.20.1-beta-5.jar
[16Sep2025 15:20:58.146] [main/DEBUG] [net.minecraftforge.fml.loading.moddiscovery.ModFileInfo/LOADING]: Found valid mod file iceandfire-2.1.13-1.20.1-beta-5.jar with {iceandfire} mods - versions {2.1.13-1.20.1}
[16Sep2025 15:20:58.147] [main/DEBUG] [net.minecraftforge.fml.loading.moddiscovery.ModFileParser/LOADING]: Considering mod file candidate /workspaces/Server-/servidor_minecraft/mods/Jade-1.20.1-Forge-11.13.2.jar
[16Sep2025 15:20:58.147] [main/DEBUG] [net.minecraftforge.fml.loading.moddiscovery.ModFileInfo/LOADING]: Found valid mod file Jade-1.20.1-Forge-11.13.2.jar with {jade} mods - versions {11.13.2+forge}
[16Sep2025 15:20:58.149] [main/DEBUG] [net.minecraftforge.fml.loading.moddiscovery.ModFileParser/LOADING]: Considering mod file candidate /workspaces/Server-/servidor_minecraft/mods/jei-1.20.1-forge-15.12.2.51.jar
[16Sep2025 15:20:58.150] [main/DEBUG] [net.minecraftforge.fml.loading.moddiscovery.ModFileInfo/LOADING]: Found valid mod file jei-1.20.1-forge-15.12.2.51.jar with {jei} mods - versions {15.12.2.51}
[16Sep2025 15:20:58.158] [main/DEBUG] [net.minecraftforge.fml.loading.moddiscovery.ModFileParser/LOADING]: Considering mod file candidate /workspaces/Server-/servidor_minecraft/mods/journeymap-1.20.1-5.10.1-forge.jar
[16Sep2025 15:20:58.159] [main/DEBUG] [net.minecraftforge.fml.loading.moddiscovery.ModFileInfo/LOADING]: Found valid mod file journeymap-1.20.1-5.10.1-forge.jar with {journeymap} mods - versions {5.10.1}
[16Sep2025 15:20:58.160] [main/DEBUG] [net.minecraftforge.fml.loading.moddiscovery.ModFileParser/LOADING]: Considering mod file candidate /workspaces/Server-/servidor_minecraft/mods/JustEnoughResources-1.20.1-1.4.0.247.jar
[16Sep2025 15:20:58.160] [main/DEBUG] [net.minecraftforge.fml.loading.moddiscovery.ModFileInfo/LOADING]: Found valid mod file JustEnoughResources-1.20.1-1.4.0.247.jar with {jeresources} mods - versions {1.4.0.247}
[16Sep2025 15:20:58.162] [main/DEBUG] [net.minecraftforge.fml.loading.moddiscovery.ModFileParser/LOADING]: Considering mod file candidate /workspaces/Server-/servidor_minecraft/mods/mowziesmobs-1.7.1.jar
[16Sep2025 15:20:58.163] [main/DEBUG] [net.minecraftforge.fml.loading.moddiscovery.ModFileInfo/LOADING]: Found valid mod file mowziesmobs-1.7.1.jar with {mowziesmobs} mods - versions {1.7.1}
[16Sep2025 15:20:58.164] [main/DEBUG] [net.minecraftforge.fml.loading.moddiscovery.ModFileParser/LOADING]: Considering mod file candidate /workspaces/Server-/servidor_minecraft/mods/PlayerRevive_FORGE_v2.0.31_mc1.20.1.jar
[16Sep2025 15:20:58.164] [main/DEBUG] [net.minecraftforge.fml.loading.moddiscovery.ModFileInfo/LOADING]: Found valid mod file PlayerRevive_FORGE_v2.0.31_mc1.20.1.jar with {playerrevive} mods - versions {2.0.31}
[16Sep2025 15:20:58.165] [main/DEBUG] [net.minecraftforge.fml.loading.moddiscovery.ModFileParser/LOADING]: Considering mod file candidate /workspaces/Server-/servidor_minecraft/mods/sophisticatedbackpacks-1.20.1-3.20.5.1044.jar
[16Sep2025 15:20:58.166] [main/DEBUG] [net.minecraftforge.fml.loading.moddiscovery.ModFileInfo/LOADING]: Found valid mod file sophisticatedbackpacks-1.20.1-3.20.5.1044.jar with {sophisticatedbackpacks} mods - versions {3.20.5.1044}
[16Sep2025 15:20:58.167] [main/DEBUG] [net.minecraftforge.fml.loading.moddiscovery.ModFileParser/LOADING]: Considering mod file candidate /workspaces/Server-/servidor_minecraft/mods/sophisticatedcore-1.20.1-0.6.22.611.jar
[16Sep2025 15:20:58.168] [main/DEBUG] [net.minecraftforge.fml.loading.moddiscovery.ModFileInfo/LOADING]: Found valid mod file sophisticatedcore-1.20.1-0.6.22.611.jar with {sophisticatedcore} mods - versions {0.6.22.611}
[16Sep2025 15:20:58.168] [main/DEBUG] [net.minecraftforge.fml.loading.moddiscovery.ModFileParser/LOADING]: Considering mod file candidate /workspaces/Server-/servidor_minecraft/mods/TerraBlender-forge-1.20.1-3.0.1.7.jar
[16Sep2025 15:20:58.169] [main/DEBUG] [net.minecraftforge.fml.loading.moddiscovery.ModFileInfo/LOADING]: Found valid mod file TerraBlender-forge-1.20.1-3.0.1.7.jar with {terrablender} mods - versions {3.0.1.7}
[16Sep2025 15:20:58.170] [main/DEBUG] [net.minecraftforge.fml.loading.moddiscovery.ModFileParser/LOADING]: Considering mod file candidate /workspaces/Server-/servidor_minecraft/mods/The_Graveyard_3.0_(FORGE)_for_1.20.1.jar
[16Sep2025 15:20:58.171] [main/DEBUG] [net.minecraftforge.fml.loading.moddiscovery.ModFileInfo/LOADING]: Found valid mod file The_Graveyard_3.0_(FORGE)_for_1.20.1.jar with {graveyard} mods - versions {3.0}
[16Sep2025 15:20:58.177] [main/DEBUG] [net.minecraftforge.fml.loading.moddiscovery.ModFileParser/LOADING]: Considering mod file candidate /workspaces/Server-/servidor_minecraft/mods/tl_skin_cape_forge_1.20-1.36.jar
[16Sep2025 15:20:58.177] [main/DEBUG] [net.minecraftforge.fml.loading.moddiscovery.ModFileInfo/LOADING]: Found valid mod file tl_skin_cape_forge_1.20-1.36.jar with {tlskincape} mods - versions {1.36}
[16Sep2025 15:20:58.182] [main/DEBUG] [net.minecraftforge.fml.loading.moddiscovery.ModFileParser/LOADING]: Considering mod file candidate /workspaces/Server-/servidor_minecraft/mods/tl_skin_cape_forge_1.20.1-1.32.jar
[16Sep2025 15:20:58.183] [main/DEBUG] [net.minecraftforge.fml.loading.moddiscovery.ModFileInfo/LOADING]: Found valid mod file tl_skin_cape_forge_1.20.1-1.32.jar with {tlskincape} mods - versions {1.32}
[16Sep2025 15:20:58.184] [main/DEBUG] [net.minecraftforge.fml.loading.moddiscovery.ModFileParser/LOADING]: Considering mod file candidate /workspaces/Server-/servidor_minecraft/mods/torchmaster-20.1.6.jar
[16Sep2025 15:20:58.185] [main/DEBUG] [net.minecraftforge.fml.loading.moddiscovery.ModFileInfo/LOADING]: Found valid mod file torchmaster-20.1.6.jar with {torchmaster} mods - versions {20.1.6}
[16Sep2025 15:20:58.190] [main/DEBUG] [net.minecraftforge.fml.loading.moddiscovery.ModFileParser/LOADING]: Considering mod file candidate /workspaces/Server-/servidor_minecraft/mods/twilightforest-1.20.1-4.3.2508-universal.jar
[16Sep2025 15:20:58.191] [main/DEBUG] [net.minecraftforge.fml.loading.moddiscovery.ModFileInfo/LOADING]: Found valid mod file twilightforest-1.20.1-4.3.2508-universal.jar with {twilightforest} mods - versions {4.3.2508}
[16Sep2025 15:20:58.359] [main/DEBUG] [net.minecraftforge.fml.loading.moddiscovery.ModFileInfo/LOADING]: Found valid mod file server-1.20.1-20230612.114412-srg.jar with {minecraft} mods - versions {1.20.1}
[16Sep2025 15:20:58.361] [main/DEBUG] [net.minecraftforge.fml.loading.moddiscovery.ModFileParser/LOADING]: Considering mod file candidate /workspaces/Server-/servidor_minecraft/libraries/net/minecraftforge/fmlcore/1.20.1-47.3.7/fmlcore-1.20.1-47.3.7.jar
[16Sep2025 15:20:58.361] [main/WARN] [net.minecraftforge.fml.loading.moddiscovery.ModFileParser/LOADING]: Mod file /workspaces/Server-/servidor_minecraft/libraries/net/minecraftforge/fmlcore/1.20.1-47.3.7/fmlcore-1.20.1-47.3.7.jar is missing mods.toml file
[16Sep2025 15:20:58.362] [main/DEBUG] [net.minecraftforge.fml.loading.moddiscovery.ModFileParser/LOADING]: Considering mod file candidate /workspaces/Server-/servidor_minecraft/libraries/net/minecraftforge/javafmllanguage/1.20.1-47.3.7/javafmllanguage-1.20.1-47.3.7.jar
[16Sep2025 15:20:58.363] [main/WARN] [net.minecraftforge.fml.loading.moddiscovery.ModFileParser/LOADING]: Mod file /workspaces/Server-/servidor_minecraft/libraries/net/minecraftforge/javafmllanguage/1.20.1-47.3.7/javafmllanguage-1.20.1-47.3.7.jar is missing mods.toml file
[16Sep2025 15:20:58.364] [main/DEBUG] [net.minecraftforge.fml.loading.moddiscovery.ModFileParser/LOADING]: Considering mod file candidate /workspaces/Server-/servidor_minecraft/libraries/net/minecraftforge/lowcodelanguage/1.20.1-47.3.7/lowcodelanguage-1.20.1-47.3.7.jar
[16Sep2025 15:20:58.364] [main/WARN] [net.minecraftforge.fml.loading.moddiscovery.ModFileParser/LOADING]: Mod file /workspaces/Server-/servidor_minecraft/libraries/net/minecraftforge/lowcodelanguage/1.20.1-47.3.7/lowcodelanguage-1.20.1-47.3.7.jar is missing mods.toml file
[16Sep2025 15:20:58.365] [main/DEBUG] [net.minecraftforge.fml.loading.moddiscovery.ModFileParser/LOADING]: Considering mod file candidate /workspaces/Server-/servidor_minecraft/libraries/net/minecraftforge/mclanguage/1.20.1-47.3.7/mclanguage-1.20.1-47.3.7.jar
[16Sep2025 15:20:58.365] [main/WARN] [net.minecraftforge.fml.loading.moddiscovery.ModFileParser/LOADING]: Mod file /workspaces/Server-/servidor_minecraft/libraries/net/minecraftforge/mclanguage/1.20.1-47.3.7/mclanguage-1.20.1-47.3.7.jar is missing mods.toml file
[16Sep2025 15:20:58.407] [main/DEBUG] [net.minecraftforge.fml.loading.moddiscovery.ModFileParser/LOADING]: Considering mod file candidate /workspaces/Server-/servidor_minecraft/libraries/net/minecraftforge/forge/1.20.1-47.3.7/forge-1.20.1-47.3.7-universal.jar
[16Sep2025 15:20:58.408] [main/DEBUG] [net.minecraftforge.fml.loading.moddiscovery.ModFileInfo/LOADING]: Found valid mod file forge-1.20.1-47.3.7-universal.jar with {forge} mods - versions {47.3.7}
[16Sep2025 15:20:58.413] [main/DEBUG] [net.minecraftforge.fml.loading.UniqueModListBuilder/]: Found 2 mods for first modid tlskincape, selecting most recent based on version data
[16Sep2025 15:20:58.414] [main/DEBUG] [net.minecraftforge.fml.loading.UniqueModListBuilder/]: Selected file tl_skin_cape_forge_1.20-1.36.jar for modid tlskincape with version 1.36
[16Sep2025 15:20:58.421] [main/DEBUG] [net.minecraftforge.fml.loading.moddiscovery.AbstractJarFileDependencyLocator/]: Failed to load resource META-INF/jarjar/metadata.json from server-1.20.1-20230612.114412-srg.jar, it does not contain dependency information.
[16Sep2025 15:20:58.421] [main/DEBUG] [net.minecraftforge.fml.loading.moddiscovery.AbstractJarFileDependencyLocator/]: Failed to load resource META-INF/jarjar/metadata.json from FarmersDelight-1.20.1-1.2.7.jar, it does not contain dependency information.
[16Sep2025 15:20:58.421] [main/DEBUG] [net.minecraftforge.fml.loading.moddiscovery.AbstractJarFileDependencyLocator/]: Failed to load resource META-INF/jarjar/metadata.json from torchmaster-20.1.6.jar, it does not contain dependency information.
[16Sep2025 15:20:58.421] [main/DEBUG] [net.minecraftforge.fml.loading.moddiscovery.AbstractJarFileDependencyLocator/]: Failed to load resource META-INF/jarjar/metadata.json from alexscaves-2.0.2.jar, it does not contain dependency information.
[16Sep2025 15:20:58.421] [main/DEBUG] [net.minecraftforge.fml.loading.moddiscovery.AbstractJarFileDependencyLocator/]: Failed to load resource META-INF/jarjar/metadata.json from mowziesmobs-1.7.1.jar, it does not contain dependency information.
[16Sep2025 15:20:58.421] [main/DEBUG] [net.minecraftforge.fml.loading.moddiscovery.AbstractJarFileDependencyLocator/]: Failed to load resource META-INF/jarjar/metadata.json from TerraBlender-forge-1.20.1-3.0.1.7.jar, it does not contain dependency information.
[16Sep2025 15:20:58.422] [main/DEBUG] [net.minecraftforge.fml.loading.moddiscovery.AbstractJarFileDependencyLocator/]: Failed to load resource META-INF/jarjar/metadata.json from alexsmobs-1.22.9.jar, it does not contain dependency information.
[16Sep2025 15:20:58.422] [main/DEBUG] [net.minecraftforge.fml.loading.moddiscovery.AbstractJarFileDependencyLocator/]: Failed to load resource META-INF/jarjar/metadata.json from BiomesOPlenty-1.20.1-18.0.0.592.jar, it does not contain dependency information.
[16Sep2025 15:20:58.422] [main/DEBUG] [net.minecraftforge.fml.loading.moddiscovery.AbstractJarFileDependencyLocator/]: Failed to load resource META-INF/jarjar/metadata.json from Jade-1.20.1-Forge-11.13.2.jar, it does not contain dependency information.
[16Sep2025 15:20:58.422] [main/DEBUG] [net.minecraftforge.fml.loading.moddiscovery.AbstractJarFileDependencyLocator/]: Failed to load resource META-INF/jarjar/metadata.json from CreativeCore_FORGE_v2.11.28_mc1.20.1.jar, it does not contain dependency information.
[16Sep2025 15:20:58.422] [main/DEBUG] [net.minecraftforge.fml.loading.moddiscovery.AbstractJarFileDependencyLocator/]: Failed to load resource META-INF/jarjar/metadata.json from ATi Structures V1.4.3 (1.20+).jar, it does not contain dependency information.
[16Sep2025 15:20:58.422] [main/DEBUG] [net.minecraftforge.fml.loading.moddiscovery.AbstractJarFileDependencyLocator/]: Failed to load resource META-INF/jarjar/metadata.json from jei-1.20.1-forge-15.12.2.51.jar, it does not contain dependency information.
[16Sep2025 15:20:58.422] [main/DEBUG] [net.minecraftforge.fml.loading.moddiscovery.AbstractJarFileDependencyLocator/]: Failed to load resource META-INF/jarjar/metadata.json from The_Graveyard_3.0_(FORGE)_for_1.20.1.jar, it does not contain dependency information.
[16Sep2025 15:20:58.422] [main/DEBUG] [net.minecraftforge.fml.loading.moddiscovery.AbstractJarFileDependencyLocator/]: Failed to load resource META-INF/jarjar/metadata.json from goblintraders-forge-1.20.1-1.9.3.jar, it does not contain dependency information.
[16Sep2025 15:20:58.423] [main/DEBUG] [net.minecraftforge.fml.loading.moddiscovery.AbstractJarFileDependencyLocator/]: Failed to load resource META-INF/jarjar/metadata.json from sophisticatedcore-1.20.1-0.6.22.611.jar, it does not contain dependency information.
[16Sep2025 15:20:58.423] [main/DEBUG] [net.minecraftforge.fml.loading.moddiscovery.AbstractJarFileDependencyLocator/]: Failed to load resource META-INF/jarjar/metadata.json from curios-forge-5.9.1+1.20.1.jar, it does not contain dependency information.
[16Sep2025 15:20:58.423] [main/DEBUG] [net.minecraftforge.fml.loading.moddiscovery.AbstractJarFileDependencyLocator/]: Failed to load resource META-INF/jarjar/metadata.json from camera-forge-1.20.1-1.0.14.jar, it does not contain dependency information.
[16Sep2025 15:20:58.423] [main/DEBUG] [net.minecraftforge.fml.loading.moddiscovery.AbstractJarFileDependencyLocator/]: Failed to load resource META-INF/jarjar/metadata.json from journeymap-1.20.1-5.10.1-forge.jar, it does not contain dependency information.
[16Sep2025 15:20:58.423] [main/DEBUG] [net.minecraftforge.fml.loading.moddiscovery.AbstractJarFileDependencyLocator/]: Failed to load resource META-INF/jarjar/metadata.json from citadel-2.6.0-1.20.1.jar, it does not contain dependency information.
[16Sep2025 15:20:58.423] [main/DEBUG] [net.minecraftforge.fml.loading.moddiscovery.AbstractJarFileDependencyLocator/]: Failed to load resource META-INF/jarjar/metadata.json from [1.20.1] SecurityCraft v1.9.10.jar, it does not contain dependency information.
[16Sep2025 15:20:58.423] [main/DEBUG] [net.minecraftforge.fml.loading.moddiscovery.AbstractJarFileDependencyLocator/]: Failed to load resource META-INF/jarjar/metadata.json from dungeons-and-taverns-3.0.3.f[Forge].jar, it does not contain dependency information.
[16Sep2025 15:20:58.424] [main/DEBUG] [net.minecraftforge.fml.loading.moddiscovery.AbstractJarFileDependencyLocator/]: Failed to load resource META-INF/jarjar/metadata.json from sophisticatedbackpacks-1.20.1-3.20.5.1044.jar, it does not contain dependency information.
[16Sep2025 15:20:58.424] [main/DEBUG] [net.minecraftforge.fml.loading.moddiscovery.AbstractJarFileDependencyLocator/]: Failed to load resource META-INF/jarjar/metadata.json from architectury-9.2.14-forge.jar, it does not contain dependency information.
[16Sep2025 15:20:58.424] [main/DEBUG] [net.minecraftforge.fml.loading.moddiscovery.AbstractJarFileDependencyLocator/]: Failed to load resource META-INF/jarjar/metadata.json from appleskin-forge-mc1.20.1-2.5.1.jar, it does not contain dependency information.
[16Sep2025 15:20:58.424] [main/DEBUG] [net.minecraftforge.fml.loading.moddiscovery.AbstractJarFileDependencyLocator/]: Failed to load resource META-INF/jarjar/metadata.json from iceandfire-2.1.13-1.20.1-beta-5.jar, it does not contain dependency information.
[16Sep2025 15:20:58.424] [main/DEBUG] [net.minecraftforge.fml.loading.moddiscovery.AbstractJarFileDependencyLocator/]: Failed to load resource META-INF/jarjar/metadata.json from extra_dungeons-1.0.7-forge-1.20.1.jar, it does not contain dependency information.
[16Sep2025 15:20:58.424] [main/DEBUG] [net.minecraftforge.fml.loading.moddiscovery.AbstractJarFileDependencyLocator/]: Failed to load resource META-INF/jarjar/metadata.json from JustEnoughResources-1.20.1-1.4.0.247.jar, it does not contain dependency information.
[16Sep2025 15:20:58.424] [main/DEBUG] [net.minecraftforge.fml.loading.moddiscovery.AbstractJarFileDependencyLocator/]: Failed to load resource META-INF/jarjar/metadata.json from framework-forge-1.20.1-0.7.12.jar, it does not contain dependency information.
[16Sep2025 15:20:58.424] [main/DEBUG] [net.minecraftforge.fml.loading.moddiscovery.AbstractJarFileDependencyLocator/]: Failed to load resource META-INF/jarjar/metadata.json from DungeonsAriseSevenSeas-1.20.x-1.0.2-forge.jar, it does not contain dependency information.
[16Sep2025 15:20:58.425] [main/DEBUG] [net.minecraftforge.fml.loading.moddiscovery.AbstractJarFileDependencyLocator/]: Failed to load resource META-INF/jarjar/metadata.json from cloth-config-11.1.118-forge.jar, it does not contain dependency information.
[16Sep2025 15:20:58.425] [main/DEBUG] [net.minecraftforge.fml.loading.moddiscovery.AbstractJarFileDependencyLocator/]: Failed to load resource META-INF/jarjar/metadata.json from forge-1.20.1-47.3.7-universal.jar, it does not contain dependency information.
[16Sep2025 15:20:58.425] [main/DEBUG] [net.minecraftforge.fml.loading.moddiscovery.AbstractJarFileDependencyLocator/]: Failed to load resource META-INF/jarjar/metadata.json from twilightforest-1.20.1-4.3.2508-universal.jar, it does not contain dependency information.
[16Sep2025 15:20:58.425] [main/DEBUG] [net.minecraftforge.fml.loading.moddiscovery.AbstractJarFileDependencyLocator/]: Failed to load resource META-INF/jarjar/metadata.json from tl_skin_cape_forge_1.20-1.36.jar, it does not contain dependency information.
[16Sep2025 15:20:58.425] [main/DEBUG] [net.minecraftforge.fml.loading.moddiscovery.AbstractJarFileDependencyLocator/]: Failed to load resource META-INF/jarjar/metadata.json from PlayerRevive_FORGE_v2.0.31_mc1.20.1.jar, it does not contain dependency information.
[16Sep2025 15:20:58.425] [main/DEBUG] [net.minecraftforge.fml.loading.moddiscovery.AbstractJarFileDependencyLocator/]: Failed to load resource META-INF/jarjar/metadata.json from corpse-forge-1.20.1-1.0.21.jar, it does not contain dependency information.
[16Sep2025 15:20:58.425] [main/DEBUG] [net.minecraftforge.fml.loading.moddiscovery.AbstractJarFileDependencyLocator/]: Failed to load resource META-INF/jarjar/metadata.json from DungeonsArise-1.20.x-2.1.58-release.jar, it does not contain dependency information.
[16Sep2025 15:20:58.426] [main/DEBUG] [net.minecraftforge.fml.loading.moddiscovery.AbstractJarFileDependencyLocator/]: Failed to load resource META-INF/jarjar/metadata.json from mclanguage-1.20.1-47.3.7.jar, it does not contain dependency information.
[16Sep2025 15:20:58.426] [main/DEBUG] [net.minecraftforge.fml.loading.moddiscovery.AbstractJarFileDependencyLocator/]: Failed to load resource META-INF/jarjar/metadata.json from javafmllanguage-1.20.1-47.3.7.jar, it does not contain dependency information.
[16Sep2025 15:20:58.426] [main/DEBUG] [net.minecraftforge.fml.loading.moddiscovery.AbstractJarFileDependencyLocator/]: Failed to load resource META-INF/jarjar/metadata.json from fmlcore-1.20.1-47.3.7.jar, it does not contain dependency information.
[16Sep2025 15:20:58.426] [main/DEBUG] [net.minecraftforge.fml.loading.moddiscovery.AbstractJarFileDependencyLocator/]: Failed to load resource META-INF/jarjar/metadata.json from lowcodelanguage-1.20.1-47.3.7.jar, it does not contain dependency information.
[16Sep2025 15:20:58.474] [main/DEBUG] [net.minecraftforge.fml.loading.moddiscovery.ModFileParser/LOADING]: Considering mod file candidate 
[16Sep2025 15:20:58.475] [main/DEBUG] [net.minecraftforge.fml.loading.moddiscovery.ModFileInfo/LOADING]: Found valid mod file mixinextras-forge-0.2.0-beta.6.jar with {mixinextras} mods - versions {0.2.0-beta.6}
[16Sep2025 15:20:58.477] [main/DEBUG] [net.minecraftforge.fml.loading.moddiscovery.ModFileParser/LOADING]: Considering mod file candidate 
[16Sep2025 15:20:58.477] [main/DEBUG] [net.minecraftforge.fml.loading.moddiscovery.ModFileInfo/LOADING]: Found valid mod file expandability-forge-9.0.4.jar with {expandability} mods - versions {9.0.4}
[16Sep2025 15:20:58.479] [main/DEBUG] [net.minecraftforge.fml.loading.moddiscovery.ModFileParser/LOADING]: Considering mod file candidate 
[16Sep2025 15:20:58.479] [main/DEBUG] [net.minecraftforge.fml.loading.moddiscovery.ModFileInfo/LOADING]: Found valid mod file mixinextras-forge-0.3.5.jar with {mixinextras} mods - versions {0.3.5}
[16Sep2025 15:20:58.498] [main/DEBUG] [net.minecraftforge.fml.loading.moddiscovery.AbstractJarFileDependencyLocator/]: Failed to load resource META-INF/jarjar/metadata.json from mclib-20.jar, it does not contain dependency information.
[16Sep2025 15:20:58.498] [main/DEBUG] [net.minecraftforge.fml.loading.moddiscovery.AbstractJarFileDependencyLocator/]: Failed to load resource META-INF/jarjar/metadata.json from MixinExtras-0.2.0-beta.6.jar, it does not contain dependency information.
[16Sep2025 15:20:58.498] [main/DEBUG] [net.minecraftforge.fml.loading.moddiscovery.AbstractJarFileDependencyLocator/]: Failed to load resource META-INF/jarjar/metadata.json from MixinExtras-0.1.1.jar, it does not contain dependency information.
[16Sep2025 15:20:58.499] [main/DEBUG] [net.minecraftforge.fml.loading.moddiscovery.AbstractJarFileDependencyLocator/]: Failed to load resource META-INF/jarjar/metadata.json from MixinExtras-0.3.5.jar, it does not contain dependency information.
[16Sep2025 15:20:58.528] [main/DEBUG] [net.minecraftforge.fml.loading.moddiscovery.ModFileParser/LOADING]: Considering mod file candidate 
[16Sep2025 15:20:58.529] [main/DEBUG] [net.minecraftforge.fml.loading.moddiscovery.ModFileInfo/LOADING]: Found valid mod file expandability-forge-9.0.4.jar with {expandability} mods - versions {9.0.4}
[16Sep2025 15:20:58.530] [main/DEBUG] [net.minecraftforge.fml.loading.moddiscovery.ModFileParser/LOADING]: Considering mod file candidate 
[16Sep2025 15:20:58.531] [main/DEBUG] [net.minecraftforge.fml.loading.moddiscovery.ModFileInfo/LOADING]: Found valid mod file mixinextras-forge-0.3.5.jar with {mixinextras} mods - versions {0.3.5}
[16Sep2025 15:20:58.532] [main/DEBUG] [net.minecraftforge.fml.loading.moddiscovery.ModFileParser/LOADING]: Considering mod file candidate 
[16Sep2025 15:20:58.532] [main/DEBUG] [net.minecraftforge.fml.loading.moddiscovery.ModFileInfo/LOADING]: Found valid mod file mixinextras-forge-0.2.0-beta.6.jar with {mixinextras} mods - versions {0.2.0-beta.6}
[16Sep2025 15:20:58.533] [main/WARN] [net.minecraftforge.jarjar.selection.JarSelector/]: Attempted to select two dependency jars from JarJar which have the same identification: Mod File:  and Mod File: . Using Mod File: 
[16Sep2025 15:20:58.534] [main/INFO] [net.minecraftforge.fml.loading.moddiscovery.JarInJarDependencyLocator/]: Found 4 dependencies adding them to mods collection
[16Sep2025 15:20:58.536] [main/DEBUG] [net.minecraftforge.fml.loading.moddiscovery.ModFileParser/LOADING]: Considering mod file candidate /workspaces/Server-/servidor_minecraft/mods/FarmersDelight-1.20.1-1.2.7.jar
[16Sep2025 15:20:58.537] [main/DEBUG] [net.minecraftforge.fml.loading.moddiscovery.ModFileInfo/LOADING]: Found valid mod file FarmersDelight-1.20.1-1.2.7.jar with {farmersdelight} mods - versions {1.20.1-1.2.7}
[16Sep2025 15:20:58.540] [main/DEBUG] [net.minecraftforge.fml.loading.moddiscovery.ModFile/LOADING]: Loading mod file /workspaces/Server-/servidor_minecraft/mods/FarmersDelight-1.20.1-1.2.7.jar with languages [LanguageSpec[languageName=javafml, acceptedVersions=[46,)]]
[16Sep2025 15:20:58.541] [main/DEBUG] [net.minecraftforge.fml.loading.moddiscovery.ModFileInfo/LOADING]: Found valid mod file server-1.20.1-20230612.114412-srg.jar with {minecraft} mods - versions {1.20.1}
[16Sep2025 15:20:58.541] [main/DEBUG] [net.minecraftforge.fml.loading.moddiscovery.ModFile/LOADING]: Loading mod file /workspaces/Server-/servidor_minecraft/libraries/net/minecraft/server/1.20.1-20230612.114412/server-1.20.1-20230612.114412-srg.jar with languages [LanguageSpec[languageName=minecraft, acceptedVersions=1]]
[16Sep2025 15:20:58.541] [main/DEBUG] [net.minecraftforge.fml.loading.moddiscovery.ModFileParser/LOADING]: Considering mod file candidate /workspaces/Server-/servidor_minecraft/mods/alexscaves-2.0.2.jar
[16Sep2025 15:20:58.542] [main/DEBUG] [net.minecraftforge.fml.loading.moddiscovery.ModFileInfo/LOADING]: Found valid mod file alexscaves-2.0.2.jar with {alexscaves} mods - versions {2.0.2}
[16Sep2025 15:20:58.542] [main/DEBUG] [net.minecraftforge.fml.loading.moddiscovery.ModFile/LOADING]: Loading mod file /workspaces/Server-/servidor_minecraft/mods/alexscaves-2.0.2.jar with languages [LanguageSpec[languageName=javafml, acceptedVersions=[46,)]]
[16Sep2025 15:20:58.542] [main/DEBUG] [net.minecraftforge.fml.loading.moddiscovery.ModFileParser/LOADING]: Considering mod file candidate /workspaces/Server-/servidor_minecraft/mods/torchmaster-20.1.6.jar
[16Sep2025 15:20:58.543] [main/DEBUG] [net.minecraftforge.fml.loading.moddiscovery.ModFileInfo/LOADING]: Found valid mod file torchmaster-20.1.6.jar with {torchmaster} mods - versions {20.1.6}
[16Sep2025 15:20:58.543] [main/DEBUG] [net.minecraftforge.fml.loading.moddiscovery.ModFile/LOADING]: Loading mod file /workspaces/Server-/servidor_minecraft/mods/torchmaster-20.1.6.jar with languages [LanguageSpec[languageName=javafml, acceptedVersions=[47,)]]
[16Sep2025 15:20:58.543] [main/DEBUG] [net.minecraftforge.fml.loading.moddiscovery.ModFileParser/LOADING]: Considering mod file candidate /workspaces/Server-/servidor_minecraft/mods/mowziesmobs-1.7.1.jar
[16Sep2025 15:20:58.544] [main/DEBUG] [net.minecraftforge.fml.loading.moddiscovery.ModFileInfo/LOADING]: Found valid mod file mowziesmobs-1.7.1.jar with {mowziesmobs} mods - versions {1.7.1}
[16Sep2025 15:20:58.544] [main/DEBUG] [net.minecraftforge.fml.loading.moddiscovery.ModFile/LOADING]: Loading mod file /workspaces/Server-/servidor_minecraft/mods/mowziesmobs-1.7.1.jar with languages [LanguageSpec[languageName=javafml, acceptedVersions=[43,)]]
[16Sep2025 15:20:58.544] [main/DEBUG] [net.minecraftforge.fml.loading.moddiscovery.ModFileParser/LOADING]: Considering mod file candidate /workspaces/Server-/servidor_minecraft/mods/TerraBlender-forge-1.20.1-3.0.1.7.jar
[16Sep2025 15:20:58.544] [main/DEBUG] [net.minecraftforge.fml.loading.moddiscovery.ModFileInfo/LOADING]: Found valid mod file TerraBlender-forge-1.20.1-3.0.1.7.jar with {terrablender} mods - versions {3.0.1.7}
[16Sep2025 15:20:58.545] [main/DEBUG] [net.minecraftforge.fml.loading.moddiscovery.ModFile/LOADING]: Loading mod file /workspaces/Server-/servidor_minecraft/mods/TerraBlender-forge-1.20.1-3.0.1.7.jar with languages [LanguageSpec[languageName=javafml, acceptedVersions=[47,)]]
[16Sep2025 15:20:58.545] [main/DEBUG] [net.minecraftforge.fml.loading.moddiscovery.ModFileParser/LOADING]: Considering mod file candidate /workspaces/Server-/servidor_minecraft/mods/alexsmobs-1.22.9.jar
[16Sep2025 15:20:58.545] [main/DEBUG] [net.minecraftforge.fml.loading.moddiscovery.ModFileInfo/LOADING]: Found valid mod file alexsmobs-1.22.9.jar with {alexsmobs} mods - versions {1.22.9}
[16Sep2025 15:20:58.545] [main/DEBUG] [net.minecraftforge.fml.loading.moddiscovery.ModFile/LOADING]: Loading mod file /workspaces/Server-/servidor_minecraft/mods/alexsmobs-1.22.9.jar with languages [LanguageSpec[languageName=javafml, acceptedVersions=[46,)]]
[16Sep2025 15:20:58.545] [main/DEBUG] [net.minecraftforge.fml.loading.moddiscovery.ModFileParser/LOADING]: Considering mod file candidate /workspaces/Server-/servidor_minecraft/mods/BiomesOPlenty-1.20.1-18.0.0.592.jar
[16Sep2025 15:20:58.546] [main/DEBUG] [net.minecraftforge.fml.loading.moddiscovery.ModFileInfo/LOADING]: Found valid mod file BiomesOPlenty-1.20.1-18.0.0.592.jar with {biomesoplenty} mods - versions {18.0.0.592}
[16Sep2025 15:20:58.546] [main/DEBUG] [net.minecraftforge.fml.loading.moddiscovery.ModFile/LOADING]: Loading mod file /workspaces/Server-/servidor_minecraft/mods/BiomesOPlenty-1.20.1-18.0.0.592.jar with languages [LanguageSpec[languageName=javafml, acceptedVersions=[45,)]]
[16Sep2025 15:20:58.546] [main/DEBUG] [net.minecraftforge.fml.loading.moddiscovery.ModFileParser/LOADING]: Considering mod file candidate /workspaces/Server-/servidor_minecraft/mods/Jade-1.20.1-Forge-11.13.2.jar
[16Sep2025 15:20:58.547] [main/DEBUG] [net.minecraftforge.fml.loading.moddiscovery.ModFileInfo/LOADING]: Found valid mod file Jade-1.20.1-Forge-11.13.2.jar with {jade} mods - versions {11.13.2+forge}
[16Sep2025 15:20:58.547] [main/DEBUG] [net.minecraftforge.fml.loading.moddiscovery.ModFile/LOADING]: Loading mod file /workspaces/Server-/servidor_minecraft/mods/Jade-1.20.1-Forge-11.13.2.jar with languages [LanguageSpec[languageName=javafml, acceptedVersions=[46,)]]
[16Sep2025 15:20:58.547] [main/DEBUG] [net.minecraftforge.fml.loading.moddiscovery.ModFileParser/LOADING]: Considering mod file candidate /workspaces/Server-/servidor_minecraft/mods/geckolib-forge-1.20.1-4.4.7.jar
[16Sep2025 15:20:58.547] [main/DEBUG] [net.minecraftforge.fml.loading.moddiscovery.ModFileInfo/LOADING]: Found valid mod file geckolib-forge-1.20.1-4.4.7.jar with {geckolib} mods - versions {4.4.7}
[16Sep2025 15:20:58.547] [main/DEBUG] [net.minecraftforge.fml.loading.moddiscovery.ModFile/LOADING]: Loading mod file /workspaces/Server-/servidor_minecraft/mods/geckolib-forge-1.20.1-4.4.7.jar with languages [LanguageSpec[languageName=javafml, acceptedVersions=[47,)]]
[16Sep2025 15:20:58.548] [main/DEBUG] [net.minecraftforge.fml.loading.moddiscovery.ModFileParser/LOADING]: Considering mod file candidate /workspaces/Server-/servidor_minecraft/mods/ATi Structures V1.4.3 (1.20+).jar
[16Sep2025 15:20:58.548] [main/DEBUG] [net.minecraftforge.fml.loading.moddiscovery.ModFileInfo/LOADING]: Found valid mod file ATi Structures V1.4.3 (1.20+).jar with {atistructures} mods - versions {1.4.0}
[16Sep2025 15:20:58.548] [main/DEBUG] [net.minecraftforge.fml.loading.moddiscovery.ModFile/LOADING]: Loading mod file /workspaces/Server-/servidor_minecraft/mods/ATi Structures V1.4.3 (1.20+).jar with languages [LanguageSpec[languageName=lowcodefml, acceptedVersions=[1,)]]
[16Sep2025 15:20:58.548] [main/DEBUG] [net.minecraftforge.fml.loading.moddiscovery.ModFileParser/LOADING]: Considering mod file candidate /workspaces/Server-/servidor_minecraft/mods/CreativeCore_FORGE_v2.11.28_mc1.20.1.jar
[16Sep2025 15:20:58.549] [main/DEBUG] [net.minecraftforge.fml.loading.moddiscovery.ModFileInfo/LOADING]: Found valid mod file CreativeCore_FORGE_v2.11.28_mc1.20.1.jar with {creativecore} mods - versions {2.11.28}
[16Sep2025 15:20:58.549] [main/DEBUG] [net.minecraftforge.fml.loading.moddiscovery.ModFile/LOADING]: Loading mod file /workspaces/Server-/servidor_minecraft/mods/CreativeCore_FORGE_v2.11.28_mc1.20.1.jar with languages [LanguageSpec[languageName=javafml, acceptedVersions=[46,)]]
[16Sep2025 15:20:58.549] [main/DEBUG] [net.minecraftforge.fml.loading.moddiscovery.ModFileParser/LOADING]: Considering mod file candidate /workspaces/Server-/servidor_minecraft/mods/jei-1.20.1-forge-15.12.2.51.jar
[16Sep2025 15:20:58.550] [main/DEBUG] [net.minecraftforge.fml.loading.moddiscovery.ModFileInfo/LOADING]: Found valid mod file jei-1.20.1-forge-15.12.2.51.jar with {jei} mods - versions {15.12.2.51}
[16Sep2025 15:20:58.550] [main/DEBUG] [net.minecraftforge.fml.loading.moddiscovery.ModFile/LOADING]: Loading mod file /workspaces/Server-/servidor_minecraft/mods/jei-1.20.1-forge-15.12.2.51.jar with languages [LanguageSpec[languageName=javafml, acceptedVersions=[47,)]]
[16Sep2025 15:20:58.550] [main/DEBUG] [net.minecraftforge.fml.loading.moddiscovery.ModFileParser/LOADING]: Considering mod file candidate /workspaces/Server-/servidor_minecraft/mods/The_Graveyard_3.0_(FORGE)_for_1.20.1.jar
[16Sep2025 15:20:58.551] [main/DEBUG] [net.minecraftforge.fml.loading.moddiscovery.ModFileInfo/LOADING]: Found valid mod file The_Graveyard_3.0_(FORGE)_for_1.20.1.jar with {graveyard} mods - versions {3.0}
[16Sep2025 15:20:58.551] [main/DEBUG] [net.minecraftforge.fml.loading.moddiscovery.ModFile/LOADING]: Loading mod file /workspaces/Server-/servidor_minecraft/mods/The_Graveyard_3.0_(FORGE)_for_1.20.1.jar with languages [LanguageSpec[languageName=javafml, acceptedVersions=[37,)]]
[16Sep2025 15:20:58.551] [main/DEBUG] [net.minecraftforge.fml.loading.moddiscovery.ModFileParser/LOADING]: Considering mod file candidate /workspaces/Server-/servidor_minecraft/mods/goblintraders-forge-1.20.1-1.9.3.jar
[16Sep2025 15:20:58.552] [main/DEBUG] [net.minecraftforge.fml.loading.moddiscovery.ModFileInfo/LOADING]: Found valid mod file goblintraders-forge-1.20.1-1.9.3.jar with {goblintraders} mods - versions {1.9.3}
[16Sep2025 15:20:58.552] [main/DEBUG] [net.minecraftforge.fml.loading.moddiscovery.ModFile/LOADING]: Loading mod file /workspaces/Server-/servidor_minecraft/mods/goblintraders-forge-1.20.1-1.9.3.jar with languages [LanguageSpec[languageName=javafml, acceptedVersions=[39,)]]
[16Sep2025 15:20:58.552] [main/DEBUG] [net.minecraftforge.fml.loading.moddiscovery.ModFileParser/LOADING]: Considering mod file candidate /workspaces/Server-/servidor_minecraft/mods/sophisticatedcore-1.20.1-0.6.22.611.jar
[16Sep2025 15:20:58.553] [main/DEBUG] [net.minecraftforge.fml.loading.moddiscovery.ModFileInfo/LOADING]: Found valid mod file sophisticatedcore-1.20.1-0.6.22.611.jar with {sophisticatedcore} mods - versions {0.6.22.611}
[16Sep2025 15:20:58.553] [main/DEBUG] [net.minecraftforge.fml.loading.moddiscovery.ModFile/LOADING]: Loading mod file /workspaces/Server-/servidor_minecraft/mods/sophisticatedcore-1.20.1-0.6.22.611.jar with languages [LanguageSpec[languageName=javafml, acceptedVersions=[47,)]]
[16Sep2025 15:20:58.553] [main/DEBUG] [net.minecraftforge.fml.loading.moddiscovery.ModFileParser/LOADING]: Considering mod file candidate /workspaces/Server-/servidor_minecraft/mods/curios-forge-5.9.1+1.20.1.jar
[16Sep2025 15:20:58.554] [main/DEBUG] [net.minecraftforge.fml.loading.moddiscovery.ModFileInfo/LOADING]: Found valid mod file curios-forge-5.9.1+1.20.1.jar with {curios} mods - versions {5.9.1+1.20.1}
[16Sep2025 15:20:58.554] [main/DEBUG] [net.minecraftforge.fml.loading.moddiscovery.ModFile/LOADING]: Loading mod file /workspaces/Server-/servidor_minecraft/mods/curios-forge-5.9.1+1.20.1.jar with languages [LanguageSpec[languageName=javafml, acceptedVersions=[41,)]]
[16Sep2025 15:20:58.554] [main/DEBUG] [net.minecraftforge.fml.loading.moddiscovery.ModFileParser/LOADING]: Considering mod file candidate /workspaces/Server-/servidor_minecraft/mods/camera-forge-1.20.1-1.0.14.jar
[16Sep2025 15:20:58.555] [main/DEBUG] [net.minecraftforge.fml.loading.moddiscovery.ModFileInfo/LOADING]: Found valid mod file camera-forge-1.20.1-1.0.14.jar with {camera} mods - versions {1.20.1-1.0.14}
[16Sep2025 15:20:58.555] [main/DEBUG] [net.minecraftforge.fml.loading.moddiscovery.ModFile/LOADING]: Loading mod file /workspaces/Server-/servidor_minecraft/mods/camera-forge-1.20.1-1.0.14.jar with languages [LanguageSpec[languageName=javafml, acceptedVersions=*]]
[16Sep2025 15:20:58.555] [main/DEBUG] [net.minecraftforge.fml.loading.moddiscovery.ModFileParser/LOADING]: Considering mod file candidate /workspaces/Server-/servidor_minecraft/mods/journeymap-1.20.1-5.10.1-forge.jar
[16Sep2025 15:20:58.555] [main/DEBUG] [net.minecraftforge.fml.loading.moddiscovery.ModFileInfo/LOADING]: Found valid mod file journeymap-1.20.1-5.10.1-forge.jar with {journeymap} mods - versions {5.10.1}
[16Sep2025 15:20:58.556] [main/DEBUG] [net.minecraftforge.fml.loading.moddiscovery.ModFile/LOADING]: Loading mod file /workspaces/Server-/servidor_minecraft/mods/journeymap-1.20.1-5.10.1-forge.jar with languages [LanguageSpec[languageName=javafml, acceptedVersions=[44,)]]
[16Sep2025 15:20:58.558] [main/DEBUG] [net.minecraftforge.fml.loading.moddiscovery.ModFileParser/LOADING]: Found coremod journeymap potion effect transformer with Javascript path potion-effects-shift.js
[16Sep2025 15:20:58.558] [main/DEBUG] [net.minecraftforge.fml.loading.moddiscovery.ModFile/LOADING]: Found coremod potion-effects-shift.js
[16Sep2025 15:20:58.559] [main/DEBUG] [net.minecraftforge.fml.loading.moddiscovery.ModFileParser/LOADING]: Considering mod file candidate /workspaces/Server-/servidor_minecraft/mods/[1.20.1] SecurityCraft v1.9.10.jar
[16Sep2025 15:20:58.560] [main/DEBUG] [net.minecraftforge.fml.loading.moddiscovery.ModFileInfo/LOADING]: Found valid mod file [1.20.1] SecurityCraft v1.9.10.jar with {securitycraft} mods - versions {1.9.10}
[16Sep2025 15:20:58.560] [main/DEBUG] [net.minecraftforge.fml.loading.moddiscovery.ModFile/LOADING]: Loading mod file /workspaces/Server-/servidor_minecraft/mods/[1.20.1] SecurityCraft v1.9.10.jar with languages [LanguageSpec[languageName=javafml, acceptedVersions=[46,)]]
[16Sep2025 15:20:58.560] [main/DEBUG] [net.minecraftforge.fml.loading.moddiscovery.ModFileParser/LOADING]: Considering mod file candidate /workspaces/Server-/servidor_minecraft/mods/citadel-2.6.0-1.20.1.jar
[16Sep2025 15:20:58.561] [main/DEBUG] [net.minecraftforge.fml.loading.moddiscovery.ModFileInfo/LOADING]: Found valid mod file citadel-2.6.0-1.20.1.jar with {citadel} mods - versions {2.6.0}
[16Sep2025 15:20:58.561] [main/DEBUG] [net.minecraftforge.fml.loading.moddiscovery.ModFile/LOADING]: Loading mod file /workspaces/Server-/servidor_minecraft/mods/citadel-2.6.0-1.20.1.jar with languages [LanguageSpec[languageName=javafml, acceptedVersions=[47,)]]
[16Sep2025 15:20:58.562] [main/DEBUG] [net.minecraftforge.fml.loading.moddiscovery.ModFileParser/LOADING]: Considering mod file candidate /workspaces/Server-/servidor_minecraft/mods/artifacts-forge-9.5.15.jar
[16Sep2025 15:20:58.562] [main/DEBUG] [net.minecraftforge.fml.loading.moddiscovery.ModFileInfo/LOADING]: Found valid mod file artifacts-forge-9.5.15.jar with {artifacts} mods - versions {9.5.15}
[16Sep2025 15:20:58.563] [main/DEBUG] [net.minecraftforge.fml.loading.moddiscovery.ModFile/LOADING]: Loading mod file /workspaces/Server-/servidor_minecraft/mods/artifacts-forge-9.5.15.jar with languages [LanguageSpec[languageName=javafml, acceptedVersions=[47,)]]
[16Sep2025 15:20:58.563] [main/DEBUG] [net.minecraftforge.fml.loading.moddiscovery.ModFileParser/LOADING]: Considering mod file candidate /workspaces/Server-/servidor_minecraft/mods/dungeons-and-taverns-3.0.3.f[Forge].jar
[16Sep2025 15:20:58.564] [main/DEBUG] [net.minecraftforge.fml.loading.moddiscovery.ModFileInfo/LOADING]: Found valid mod file dungeons-and-taverns-3.0.3.f[Forge].jar with {mr_dungeons_andtaverns} mods - versions {3.0.3.f}
[16Sep2025 15:20:58.566] [main/DEBUG] [net.minecraftforge.fml.loading.moddiscovery.ModFile/LOADING]: Loading mod file /workspaces/Server-/servidor_minecraft/mods/dungeons-and-taverns-3.0.3.f[Forge].jar with languages [LanguageSpec[languageName=lowcodefml, acceptedVersions=[40,)]]
[16Sep2025 15:20:58.567] [main/DEBUG] [net.minecraftforge.fml.loading.moddiscovery.ModFileParser/LOADING]: Considering mod file candidate /workspaces/Server-/servidor_minecraft/mods/sophisticatedbackpacks-1.20.1-3.20.5.1044.jar
[16Sep2025 15:20:58.567] [main/DEBUG] [net.minecraftforge.fml.loading.moddiscovery.ModFileInfo/LOADING]: Found valid mod file sophisticatedbackpacks-1.20.1-3.20.5.1044.jar with {sophisticatedbackpacks} mods - versions {3.20.5.1044}
[16Sep2025 15:20:58.568] [main/DEBUG] [net.minecraftforge.fml.loading.moddiscovery.ModFile/LOADING]: Loading mod file /workspaces/Server-/servidor_minecraft/mods/sophisticatedbackpacks-1.20.1-3.20.5.1044.jar with languages [LanguageSpec[languageName=javafml, acceptedVersions=[47,)]]
[16Sep2025 15:20:58.568] [main/DEBUG] [net.minecraftforge.fml.loading.moddiscovery.ModFileParser/LOADING]: Considering mod file candidate /workspaces/Server-/servidor_minecraft/mods/appleskin-forge-mc1.20.1-2.5.1.jar
[16Sep2025 15:20:58.568] [main/DEBUG] [net.minecraftforge.fml.loading.moddiscovery.ModFileInfo/LOADING]: Found valid mod file appleskin-forge-mc1.20.1-2.5.1.jar with {appleskin} mods - versions {2.5.1+mc1.20.1}
[16Sep2025 15:20:58.568] [main/DEBUG] [net.minecraftforge.fml.loading.moddiscovery.ModFile/LOADING]: Loading mod file /workspaces/Server-/servidor_minecraft/mods/appleskin-forge-mc1.20.1-2.5.1.jar with languages [LanguageSpec[languageName=javafml, acceptedVersions=[47,)]]
[16Sep2025 15:20:58.568] [main/DEBUG] [net.minecraftforge.fml.loading.moddiscovery.ModFileParser/LOADING]: Considering mod file candidate /workspaces/Server-/servidor_minecraft/mods/architectury-9.2.14-forge.jar
[16Sep2025 15:20:58.569] [main/DEBUG] [net.minecraftforge.fml.loading.moddiscovery.ModFileInfo/LOADING]: Found valid mod file architectury-9.2.14-forge.jar with {architectury} mods - versions {9.2.14}
[16Sep2025 15:20:58.569] [main/DEBUG] [net.minecraftforge.fml.loading.moddiscovery.ModFile/LOADING]: Loading mod file /workspaces/Server-/servidor_minecraft/mods/architectury-9.2.14-forge.jar with languages [LanguageSpec[languageName=javafml, acceptedVersions=[46,)]]
[16Sep2025 15:20:58.569] [main/DEBUG] [net.minecraftforge.fml.loading.moddiscovery.ModFileParser/LOADING]: Considering mod file candidate /workspaces/Server-/servidor_minecraft/mods/iceandfire-2.1.13-1.20.1-beta-5.jar
[16Sep2025 15:20:58.570] [main/DEBUG] [net.minecraftforge.fml.loading.moddiscovery.ModFileInfo/LOADING]: Found valid mod file iceandfire-2.1.13-1.20.1-beta-5.jar with {iceandfire} mods - versions {2.1.13-1.20.1}
[16Sep2025 15:20:58.570] [main/DEBUG] [net.minecraftforge.fml.loading.moddiscovery.ModFile/LOADING]: Loading mod file /workspaces/Server-/servidor_minecraft/mods/iceandfire-2.1.13-1.20.1-beta-5.jar with languages [LanguageSpec[languageName=javafml, acceptedVersions=[37.0,)]]
[16Sep2025 15:20:58.570] [main/DEBUG] [net.minecraftforge.fml.loading.moddiscovery.ModFileParser/LOADING]: Considering mod file candidate /workspaces/Server-/servidor_minecraft/mods/carryon-forge-1.20.1-2.1.2.7.jar
[16Sep2025 15:20:58.570] [main/DEBUG] [net.minecraftforge.fml.loading.moddiscovery.ModFileInfo/LOADING]: Found valid mod file carryon-forge-1.20.1-2.1.2.7.jar with {carryon} mods - versions {2.1.2.7}
[16Sep2025 15:20:58.571] [main/DEBUG] [net.minecraftforge.fml.loading.moddiscovery.ModFile/LOADING]: Loading mod file /workspaces/Server-/servidor_minecraft/mods/carryon-forge-1.20.1-2.1.2.7.jar with languages [LanguageSpec[languageName=javafml, acceptedVersions=[46,)]]
[16Sep2025 15:20:58.571] [main/DEBUG] [net.minecraftforge.fml.loading.moddiscovery.ModFileParser/LOADING]: Considering mod file candidate /workspaces/Server-/servidor_minecraft/mods/extra_dungeons-1.0.7-forge-1.20.1.jar
[16Sep2025 15:20:58.571] [main/DEBUG] [net.minecraftforge.fml.loading.moddiscovery.ModFileInfo/LOADING]: Found valid mod file extra_dungeons-1.0.7-forge-1.20.1.jar with {extra_dungeons} mods - versions {1.0.7}
[16Sep2025 15:20:58.571] [main/DEBUG] [net.minecraftforge.fml.loading.moddiscovery.ModFile/LOADING]: Loading mod file /workspaces/Server-/servidor_minecraft/mods/extra_dungeons-1.0.7-forge-1.20.1.jar with languages [LanguageSpec[languageName=javafml, acceptedVersions=[47,)]]
[16Sep2025 15:20:58.572] [main/DEBUG] [net.minecraftforge.fml.loading.moddiscovery.ModFileParser/LOADING]: Considering mod file candidate /workspaces/Server-/servidor_minecraft/mods/JustEnoughResources-1.20.1-1.4.0.247.jar
[16Sep2025 15:20:58.572] [main/DEBUG] [net.minecraftforge.fml.loading.moddiscovery.ModFileInfo/LOADING]: Found valid mod file JustEnoughResources-1.20.1-1.4.0.247.jar with {jeresources} mods - versions {1.4.0.247}
[16Sep2025 15:20:58.572] [main/DEBUG] [net.minecraftforge.fml.loading.moddiscovery.ModFile/LOADING]: Loading mod file /workspaces/Server-/servidor_minecraft/mods/JustEnoughResources-1.20.1-1.4.0.247.jar with languages [LanguageSpec[languageName=javafml, acceptedVersions=[47,)]]
[16Sep2025 15:20:58.573] [main/DEBUG] [net.minecraftforge.fml.loading.moddiscovery.ModFileParser/LOADING]: Considering mod file candidate /workspaces/Server-/servidor_minecraft/mods/framework-forge-1.20.1-0.7.12.jar
[16Sep2025 15:20:58.573] [main/DEBUG] [net.minecraftforge.fml.loading.moddiscovery.ModFileInfo/LOADING]: Found valid mod file framework-forge-1.20.1-0.7.12.jar with {framework} mods - versions {0.7.12}
[16Sep2025 15:20:58.574] [main/DEBUG] [net.minecraftforge.fml.loading.moddiscovery.ModFile/LOADING]: Loading mod file /workspaces/Server-/servidor_minecraft/mods/framework-forge-1.20.1-0.7.12.jar with languages [LanguageSpec[languageName=javafml, acceptedVersions=[39,)]]
[16Sep2025 15:20:58.574] [main/DEBUG] [net.minecraftforge.fml.loading.moddiscovery.ModFileParser/LOADING]: Considering mod file candidate /workspaces/Server-/servidor_minecraft/mods/cloth-config-11.1.118-forge.jar
[16Sep2025 15:20:58.574] [main/DEBUG] [net.minecraftforge.fml.loading.moddiscovery.ModFileInfo/LOADING]: Found valid mod file cloth-config-11.1.118-forge.jar with {cloth_config} mods - versions {11.1.118}
[16Sep2025 15:20:58.574] [main/DEBUG] [net.minecraftforge.fml.loading.moddiscovery.ModFile/LOADING]: Loading mod file /workspaces/Server-/servidor_minecraft/mods/cloth-config-11.1.118-forge.jar with languages [LanguageSpec[languageName=javafml, acceptedVersions=[34,)]]
[16Sep2025 15:20:58.575] [main/DEBUG] [net.minecraftforge.fml.loading.moddiscovery.ModFileParser/LOADING]: Considering mod file candidate /workspaces/Server-/servidor_minecraft/mods/DungeonsAriseSevenSeas-1.20.x-1.0.2-forge.jar
[16Sep2025 15:20:58.575] [main/DEBUG] [net.minecraftforge.fml.loading.moddiscovery.ModFileInfo/LOADING]: Found valid mod file DungeonsAriseSevenSeas-1.20.x-1.0.2-forge.jar with {dungeons_arise_seven_seas} mods - versions {1.0.2}
[16Sep2025 15:20:58.575] [main/DEBUG] [net.minecraftforge.fml.loading.moddiscovery.ModFile/LOADING]: Loading mod file /workspaces/Server-/servidor_minecraft/mods/DungeonsAriseSevenSeas-1.20.x-1.0.2-forge.jar with languages [LanguageSpec[languageName=javafml, acceptedVersions=[43,)]]
[16Sep2025 15:20:58.575] [main/DEBUG] [net.minecraftforge.fml.loading.moddiscovery.ModFileParser/LOADING]: Considering mod file candidate /workspaces/Server-/servidor_minecraft/libraries/net/minecraftforge/forge/1.20.1-47.3.7/forge-1.20.1-47.3.7-universal.jar
[16Sep2025 15:20:58.576] [main/DEBUG] [net.minecraftforge.fml.loading.moddiscovery.ModFileInfo/LOADING]: Found valid mod file forge-1.20.1-47.3.7-universal.jar with {forge} mods - versions {47.3.7}
[16Sep2025 15:20:58.576] [main/DEBUG] [net.minecraftforge.fml.loading.moddiscovery.ModFile/LOADING]: Loading mod file /workspaces/Server-/servidor_minecraft/libraries/net/minecraftforge/forge/1.20.1-47.3.7/forge-1.20.1-47.3.7-universal.jar with languages [LanguageSpec[languageName=javafml, acceptedVersions=[24,]]]
[16Sep2025 15:20:58.577] [main/DEBUG] [net.minecraftforge.fml.loading.moddiscovery.ModFileParser/LOADING]: Found coremod field_to_method with Javascript path coremods/field_to_method.js
[16Sep2025 15:20:58.577] [main/DEBUG] [net.minecraftforge.fml.loading.moddiscovery.ModFileParser/LOADING]: Found coremod field_to_instanceof with Javascript path coremods/field_to_instanceof.js
[16Sep2025 15:20:58.577] [main/DEBUG] [net.minecraftforge.fml.loading.moddiscovery.ModFileParser/LOADING]: Found coremod add_bouncer_method with Javascript path coremods/add_bouncer_method.js
[16Sep2025 15:20:58.577] [main/DEBUG] [net.minecraftforge.fml.loading.moddiscovery.ModFileParser/LOADING]: Found coremod method_redirector with Javascript path coremods/method_redirector.js
[16Sep2025 15:20:58.577] [main/DEBUG] [net.minecraftforge.fml.loading.moddiscovery.ModFile/LOADING]: Found coremod coremods/field_to_method.js
[16Sep2025 15:20:58.577] [main/DEBUG] [net.minecraftforge.fml.loading.moddiscovery.ModFile/LOADING]: Found coremod coremods/field_to_instanceof.js
[16Sep2025 15:20:58.577] [main/DEBUG] [net.minecraftforge.fml.loading.moddiscovery.ModFile/LOADING]: Found coremod coremods/add_bouncer_method.js
[16Sep2025 15:20:58.577] [main/DEBUG] [net.minecraftforge.fml.loading.moddiscovery.ModFile/LOADING]: Found coremod coremods/method_redirector.js
[16Sep2025 15:20:58.577] [main/DEBUG] [net.minecraftforge.fml.loading.moddiscovery.ModFileParser/LOADING]: Considering mod file candidate 
[16Sep2025 15:20:58.578] [main/DEBUG] [net.minecraftforge.fml.loading.moddiscovery.ModFileInfo/LOADING]: Found valid mod file expandability-forge-9.0.4.jar with {expandability} mods - versions {9.0.4}
[16Sep2025 15:20:58.578] [main/DEBUG] [net.minecraftforge.fml.loading.moddiscovery.ModFile/LOADING]: Loading mod file  with languages [LanguageSpec[languageName=javafml, acceptedVersions=[46,)]]
[16Sep2025 15:20:58.578] [main/DEBUG] [net.minecraftforge.fml.loading.moddiscovery.ModFileParser/LOADING]: Considering mod file candidate /workspaces/Server-/servidor_minecraft/mods/tl_skin_cape_forge_1.20-1.36.jar
[16Sep2025 15:20:58.579] [main/DEBUG] [net.minecraftforge.fml.loading.moddiscovery.ModFileInfo/LOADING]: Found valid mod file tl_skin_cape_forge_1.20-1.36.jar with {tlskincape} mods - versions {1.36}
[16Sep2025 15:20:58.579] [main/DEBUG] [net.minecraftforge.fml.loading.moddiscovery.ModFile/LOADING]: Loading mod file /workspaces/Server-/servidor_minecraft/mods/tl_skin_cape_forge_1.20-1.36.jar with languages [LanguageSpec[languageName=javafml, acceptedVersions=[25,)]]
[16Sep2025 15:20:58.579] [main/DEBUG] [net.minecraftforge.fml.loading.moddiscovery.ModFileParser/LOADING]: Considering mod file candidate /workspaces/Server-/servidor_minecraft/mods/twilightforest-1.20.1-4.3.2508-universal.jar
[16Sep2025 15:20:58.580] [main/DEBUG] [net.minecraftforge.fml.loading.moddiscovery.ModFileInfo/LOADING]: Found valid mod file twilightforest-1.20.1-4.3.2508-universal.jar with {twilightforest} mods - versions {4.3.2508}
[16Sep2025 15:20:58.580] [main/DEBUG] [net.minecraftforge.fml.loading.moddiscovery.ModFile/LOADING]: Loading mod file /workspaces/Server-/servidor_minecraft/mods/twilightforest-1.20.1-4.3.2508-universal.jar with languages [LanguageSpec[languageName=javafml, acceptedVersions=[47,)]]
[16Sep2025 15:20:58.580] [main/DEBUG] [net.minecraftforge.fml.loading.moddiscovery.ModFileParser/LOADING]: Found coremod seed with Javascript path META-INF/asm/seed.js
[16Sep2025 15:20:58.581] [main/DEBUG] [net.minecraftforge.fml.loading.moddiscovery.ModFileParser/LOADING]: Found coremod maprendercontext with Javascript path META-INF/asm/maprendercontext.js
[16Sep2025 15:20:58.581] [main/DEBUG] [net.minecraftforge.fml.loading.moddiscovery.ModFileParser/LOADING]: Found coremod music with Javascript path META-INF/asm/music.js
[16Sep2025 15:20:58.581] [main/DEBUG] [net.minecraftforge.fml.loading.moddiscovery.ModFileParser/LOADING]: Found coremod multipart with Javascript path META-INF/asm/multipart.js
[16Sep2025 15:20:58.581] [main/DEBUG] [net.minecraftforge.fml.loading.moddiscovery.ModFileParser/LOADING]: Found coremod foliage with Javascript path META-INF/asm/foliage.js
[16Sep2025 15:20:58.581] [main/DEBUG] [net.minecraftforge.fml.loading.moddiscovery.ModFileParser/LOADING]: Found coremod mount with Javascript path META-INF/asm/mount.js
[16Sep2025 15:20:58.581] [main/DEBUG] [net.minecraftforge.fml.loading.moddiscovery.ModFileParser/LOADING]: Found coremod book with Javascript path META-INF/asm/book.js
[16Sep2025 15:20:58.582] [main/DEBUG] [net.minecraftforge.fml.loading.moddiscovery.ModFileParser/LOADING]: Found coremod conquered with Javascript path META-INF/asm/conquered.js
[16Sep2025 15:20:58.582] [main/DEBUG] [net.minecraftforge.fml.loading.moddiscovery.ModFileParser/LOADING]: Found coremod reach with Javascript path META-INF/asm/reach.js
[16Sep2025 15:20:58.582] [main/DEBUG] [net.minecraftforge.fml.loading.moddiscovery.ModFileParser/LOADING]: Found coremod shroom with Javascript path META-INF/asm/shroom.js
[16Sep2025 15:20:58.582] [main/DEBUG] [net.minecraftforge.fml.loading.moddiscovery.ModFileParser/LOADING]: Found coremod cloud with Javascript path META-INF/asm/cloud.js
[16Sep2025 15:20:58.582] [main/DEBUG] [net.minecraftforge.fml.loading.moddiscovery.ModFileParser/LOADING]: Found coremod lead with Javascript path META-INF/asm/lead.js
[16Sep2025 15:20:58.582] [main/DEBUG] [net.minecraftforge.fml.loading.moddiscovery.ModFile/LOADING]: Found coremod META-INF/asm/seed.js
[16Sep2025 15:20:58.582] [main/DEBUG] [net.minecraftforge.fml.loading.moddiscovery.ModFile/LOADING]: Found coremod META-INF/asm/maprendercontext.js
[16Sep2025 15:20:58.582] [main/DEBUG] [net.minecraftforge.fml.loading.moddiscovery.ModFile/LOADING]: Found coremod META-INF/asm/music.js
[16Sep2025 15:20:58.582] [main/DEBUG] [net.minecraftforge.fml.loading.moddiscovery.ModFile/LOADING]: Found coremod META-INF/asm/multipart.js
[16Sep2025 15:20:58.582] [main/DEBUG] [net.minecraftforge.fml.loading.moddiscovery.ModFile/LOADING]: Found coremod META-INF/asm/foliage.js
[16Sep2025 15:20:58.583] [main/DEBUG] [net.minecraftforge.fml.loading.moddiscovery.ModFile/LOADING]: Found coremod META-INF/asm/mount.js
[16Sep2025 15:20:58.583] [main/DEBUG] [net.minecraftforge.fml.loading.moddiscovery.ModFile/LOADING]: Found coremod META-INF/asm/book.js
[16Sep2025 15:20:58.583] [main/DEBUG] [net.minecraftforge.fml.loading.moddiscovery.ModFile/LOADING]: Found coremod META-INF/asm/conquered.js
[16Sep2025 15:20:58.583] [main/DEBUG] [net.minecraftforge.fml.loading.moddiscovery.ModFile/LOADING]: Found coremod META-INF/asm/reach.js
[16Sep2025 15:20:58.583] [main/DEBUG] [net.minecraftforge.fml.loading.moddiscovery.ModFile/LOADING]: Found coremod META-INF/asm/shroom.js
[16Sep2025 15:20:58.583] [main/DEBUG] [net.minecraftforge.fml.loading.moddiscovery.ModFile/LOADING]: Found coremod META-INF/asm/cloud.js
[16Sep2025 15:20:58.583] [main/DEBUG] [net.minecraftforge.fml.loading.moddiscovery.ModFile/LOADING]: Found coremod META-INF/asm/lead.js
[16Sep2025 15:20:58.584] [main/DEBUG] [net.minecraftforge.fml.loading.moddiscovery.ModFileParser/LOADING]: Considering mod file candidate /workspaces/Server-/servidor_minecraft/mods/PlayerRevive_FORGE_v2.0.31_mc1.20.1.jar
[16Sep2025 15:20:58.586] [main/DEBUG] [net.minecraftforge.fml.loading.moddiscovery.ModFileInfo/LOADING]: Found valid mod file PlayerRevive_FORGE_v2.0.31_mc1.20.1.jar with {playerrevive} mods - versions {2.0.31}
[16Sep2025 15:20:58.586] [main/DEBUG] [net.minecraftforge.fml.loading.moddiscovery.ModFile/LOADING]: Loading mod file /workspaces/Server-/servidor_minecraft/mods/PlayerRevive_FORGE_v2.0.31_mc1.20.1.jar with languages [LanguageSpec[languageName=javafml, acceptedVersions=[46,)]]
[16Sep2025 15:20:58.586] [main/DEBUG] [net.minecraftforge.fml.loading.moddiscovery.ModFileParser/LOADING]: Considering mod file candidate /workspaces/Server-/servidor_minecraft/mods/corpse-forge-1.20.1-1.0.21.jar
[16Sep2025 15:20:58.587] [main/DEBUG] [net.minecraftforge.fml.loading.moddiscovery.ModFileInfo/LOADING]: Found valid mod file corpse-forge-1.20.1-1.0.21.jar with {corpse} mods - versions {1.20.1-1.0.21}
[16Sep2025 15:20:58.587] [main/DEBUG] [net.minecraftforge.fml.loading.moddiscovery.ModFile/LOADING]: Loading mod file /workspaces/Server-/servidor_minecraft/mods/corpse-forge-1.20.1-1.0.21.jar with languages [LanguageSpec[languageName=javafml, acceptedVersions=*]]
[16Sep2025 15:20:58.587] [main/DEBUG] [net.minecraftforge.fml.loading.moddiscovery.ModFileParser/LOADING]: Considering mod file candidate /workspaces/Server-/servidor_minecraft/mods/DungeonsArise-1.20.x-2.1.58-release.jar
[16Sep2025 15:20:58.588] [main/DEBUG] [net.minecraftforge.fml.loading.moddiscovery.ModFileInfo/LOADING]: Found valid mod file DungeonsArise-1.20.x-2.1.58-release.jar with {dungeons_arise} mods - versions {2.1.58-1.20.x}
[16Sep2025 15:20:58.588] [main/DEBUG] [net.minecraftforge.fml.loading.moddiscovery.ModFile/LOADING]: Loading mod file /workspaces/Server-/servidor_minecraft/mods/DungeonsArise-1.20.x-2.1.58-release.jar with languages [LanguageSpec[languageName=javafml, acceptedVersions=[41,)]]
[16Sep2025 15:20:58.588] [main/DEBUG] [net.minecraftforge.fml.loading.moddiscovery.ModFile/LOADING]: Loading mod file  with languages []
[16Sep2025 15:20:58.588] [main/DEBUG] [net.minecraftforge.fml.loading.moddiscovery.ModFileParser/LOADING]: Considering mod file candidate 
[16Sep2025 15:20:58.589] [main/DEBUG] [net.minecraftforge.fml.loading.moddiscovery.ModFileInfo/LOADING]: Found valid mod file mixinextras-forge-0.3.5.jar with {mixinextras} mods - versions {0.3.5}
[16Sep2025 15:20:58.590] [main/DEBUG] [net.minecraftforge.fml.loading.moddiscovery.ModFile/LOADING]: Loading mod file  with languages [LanguageSpec[languageName=javafml, acceptedVersions=*]]
[16Sep2025 15:20:58.590] [main/DEBUG] [net.minecraftforge.fml.loading.moddiscovery.ModFile/LOADING]: Loading mod file  with languages []
[16Sep2025 15:20:58.591] [main/DEBUG] [net.minecraftforge.fml.loading.moddiscovery.ModFile/LOADING]: Loading mod file  with languages []
[16Sep2025 15:20:58.591] [main/DEBUG] [net.minecraftforge.fml.loading.moddiscovery.ModFileParser/LOADING]: Considering mod file candidate 
[16Sep2025 15:20:58.594] [main/DEBUG] [net.minecraftforge.fml.loading.moddiscovery.ModFileInfo/LOADING]: Found valid mod file mixinextras-forge-0.3.5.jar with {mixinextras} mods - versions {0.3.5}
[16Sep2025 15:20:58.594] [main/DEBUG] [net.minecraftforge.fml.loading.moddiscovery.ModFile/LOADING]: Loading mod file  with languages [LanguageSpec[languageName=javafml, acceptedVersions=*]]
[16Sep2025 15:20:58.594] [main/DEBUG] [net.minecraftforge.fml.loading.moddiscovery.ModFile/LOADING]: Loading mod file  with languages []
[16Sep2025 15:20:58.596] [main/DEBUG] [cpw.mods.modlauncher.TransformationServiceDecorator/MODLAUNCHER]: End scan trigger - transformation service fml
[16Sep2025 15:20:58.621] [main/DEBUG] [net.minecraftforge.fml.loading.LanguageLoadingProvider/CORE]: Found 3 language providers
[16Sep2025 15:20:58.622] [main/DEBUG] [net.minecraftforge.fml.loading.LanguageLoadingProvider/CORE]: Found language provider minecraft, version 1.0
[16Sep2025 15:20:58.623] [main/DEBUG] [net.minecraftforge.fml.loading.LanguageLoadingProvider/CORE]: Found language provider lowcodefml, version 47
[16Sep2025 15:20:58.623] [main/DEBUG] [net.minecraftforge.fml.loading.LanguageLoadingProvider/CORE]: Found language provider javafml, version 47
[16Sep2025 15:20:58.626] [main/DEBUG] [net.minecraftforge.fml.loading.UniqueModListBuilder/]: Found 2 mods for first modid mclib, selecting most recent based on version data
[16Sep2025 15:20:58.627] [main/DEBUG] [net.minecraftforge.fml.loading.UniqueModListBuilder/]: Selected file mclib-20.jar for modid mclib with version 0.0NONE
[16Sep2025 15:20:58.627] [main/DEBUG] [net.minecraftforge.fml.loading.UniqueModListBuilder/]: Found 2 mods for first modid mixinextras, selecting most recent based on version data
[16Sep2025 15:20:58.627] [main/DEBUG] [net.minecraftforge.fml.loading.UniqueModListBuilder/]: Selected file mixinextras-forge-0.3.5.jar for modid mixinextras with version 0.3.5
[16Sep2025 15:20:58.627] [main/DEBUG] [net.minecraftforge.fml.loading.UniqueModListBuilder/]: Found 2 mods for first modid MixinExtras, selecting most recent based on version data
[16Sep2025 15:20:58.627] [main/DEBUG] [net.minecraftforge.fml.loading.UniqueModListBuilder/]: Selected file MixinExtras-0.3.5.jar for modid MixinExtras with version 0.0NONE
[16Sep2025 15:20:58.629] [main/DEBUG] [net.minecraftforge.fml.loading.ModSorter/]: Configured system mods: [minecraft, forge]
[16Sep2025 15:20:58.629] [main/DEBUG] [net.minecraftforge.fml.loading.ModSorter/]: Found system mod: minecraft
[16Sep2025 15:20:58.630] [main/DEBUG] [net.minecraftforge.fml.loading.ModSorter/]: Found system mod: forge
[16Sep2025 15:20:58.632] [main/DEBUG] [net.minecraftforge.fml.loading.ModSorter/LOADING]: Found 76 mod requirements (69 mandatory, 7 optional)
[16Sep2025 15:20:58.634] [main/DEBUG] [net.minecraftforge.fml.loading.ModSorter/LOADING]: Found 0 mod requirements missing (0 mandatory, 0 optional)
[16Sep2025 15:20:59.288] [main/DEBUG] [cpw.mods.modlauncher.TransformationServicesHandler/MODLAUNCHER]: Transformation services loading transformers
[16Sep2025 15:20:59.290] [main/DEBUG] [cpw.mods.modlauncher.TransformationServiceDecorator/MODLAUNCHER]: Initializing transformers for transformation service mixin
[16Sep2025 15:20:59.290] [main/DEBUG] [cpw.mods.modlauncher.TransformationServiceDecorator/MODLAUNCHER]: Initialized transformers for transformation service mixin
[16Sep2025 15:20:59.292] [main/DEBUG] [cpw.mods.modlauncher.TransformationServiceDecorator/MODLAUNCHER]: Initializing transformers for transformation service OptiFine
[16Sep2025 15:20:59.292] [main/INFO] [optifine.OptiFineTransformationService/]: OptiFineTransformationService.transformers
[16Sep2025 15:20:59.308] [main/INFO] [optifine.OptiFineTransformer/]: Targets: 412
[16Sep2025 15:20:59.313] [main/DEBUG] [cpw.mods.modlauncher.TransformStore/MODLAUNCHER]: Adding transformer optifine.OptiFineTransformer@2a331b46 to Target : PRE_CLASS {Lnet/minecraft/Util$2;} {} {V}
[16Sep2025 15:20:59.316] [main/DEBUG] [cpw.mods.modlauncher.TransformStore/MODLAUNCHER]: Adding transformer optifine.OptiFineTransformer@2a331b46 to Target : PRE_CLASS {Lnet/minecraft/client/renderer/entity/ItemFrameRenderer;} {} {V}
[16Sep2025 15:20:59.318] [main/DEBUG] [cpw.mods.modlauncher.TransformStore/MODLAUNCHER]: Adding transformer optifine.OptiFineTransformer@2a331b46 to Target : PRE_CLASS {Lnet/minecraft/world/level/chunk/PalettedContainer$Data;} {} {V}
[16Sep2025 15:20:59.318] [main/DEBUG] [cpw.mods.modlauncher.TransformStore/MODLAUNCHER]: Adding transformer optifine.OptiFineTransformer@2a331b46 to Target : PRE_CLASS {Lnet/minecraft/client/multiplayer/ClientLevel$ClientLevelData;} {} {V}
[16Sep2025 15:20:59.318] [main/DEBUG] [cpw.mods.modlauncher.TransformStore/MODLAUNCHER]: Adding transformer optifine.OptiFineTransformer@2a331b46 to Target : PRE_CLASS {Lnet/minecraft/client/OptionInstance$ValueSet;} {} {V}
[16Sep2025 15:20:59.321] [main/DEBUG] [cpw.mods.modlauncher.TransformStore/MODLAUNCHER]: Adding transformer optifine.OptiFineTransformer@2a331b46 to Target : PRE_CLASS {Lnet/minecraft/client/renderer/FogRenderer$DarknessFogFunction;} {} {V}
[16Sep2025 15:20:59.321] [main/DEBUG] [cpw.mods.modlauncher.TransformStore/MODLAUNCHER]: Adding transformer optifine.OptiFineTransformer@2a331b46 to Target : PRE_CLASS {Lnet/minecraft/client/renderer/chunk/RenderRegionCache;} {} {V}
[16Sep2025 15:20:59.322] [main/DEBUG] [cpw.mods.modlauncher.TransformStore/MODLAUNCHER]: Adding transformer optifine.OptiFineTransformer@2a331b46 to Target : PRE_CLASS {Lnet/minecraft/client/renderer/block/model/FaceBakery$1;} {} {V}
[16Sep2025 15:20:59.322] [main/DEBUG] [cpw.mods.modlauncher.TransformStore/MODLAUNCHER]: Adding transformer optifine.OptiFineTransformer@2a331b46 to Target : PRE_CLASS {Lcom/mojang/blaze3d/platform/Window;} {} {V}
[16Sep2025 15:20:59.322] [main/DEBUG] [cpw.mods.modlauncher.TransformStore/MODLAUNCHER]: Adding transformer optifine.OptiFineTransformer@2a331b46 to Target : PRE_CLASS {Lnet/minecraft/client/renderer/blockentity/SignRenderer$SignModel;} {} {V}
[16Sep2025 15:20:59.323] [main/DEBUG] [cpw.mods.modlauncher.TransformStore/MODLAUNCHER]: Adding transformer optifine.OptiFineTransformer@2a331b46 to Target : PRE_CLASS {Lnet/minecraft/client/gui/Gui$HeartType;} {} {V}
[16Sep2025 15:20:59.323] [main/DEBUG] [cpw.mods.modlauncher.TransformStore/MODLAUNCHER]: Adding transformer optifine.OptiFineTransformer@2a331b46 to Target : PRE_CLASS {Lnet/minecraft/client/model/geom/ModelPart;} {} {V}
[16Sep2025 15:20:59.323] [main/DEBUG] [cpw.mods.modlauncher.TransformStore/MODLAUNCHER]: Adding transformer optifine.OptiFineTransformer@2a331b46 to Target : PRE_CLASS {Lnet/minecraft/client/renderer/RenderStateShard$MultiTextureStateShard$Builder;} {} {V}
[16Sep2025 15:20:59.323] [main/DEBUG] [cpw.mods.modlauncher.TransformStore/MODLAUNCHER]: Adding transformer optifine.OptiFineTransformer@2a331b46 to Target : PRE_CLASS {Lnet/minecraft/server/level/ChunkLevel;} {} {V}
[16Sep2025 15:20:59.324] [main/DEBUG] [cpw.mods.modlauncher.TransformStore/MODLAUNCHER]: Adding transformer optifine.OptiFineTransformer@2a331b46 to Target : PRE_CLASS {Lnet/minecraft/client/gui/GuiGraphics$ScissorStack;} {} {V}
[16Sep2025 15:20:59.324] [main/DEBUG] [cpw.mods.modlauncher.TransformStore/MODLAUNCHER]: Adding transformer optifine.OptiFineTransformer@2a331b46 to Target : PRE_CLASS {Lnet/minecraft/Util$8;} {} {V}
[16Sep2025 15:20:59.324] [main/DEBUG] [cpw.mods.modlauncher.TransformStore/MODLAUNCHER]: Adding transformer optifine.OptiFineTransformer@2a331b46 to Target : PRE_CLASS {Lnet/minecraft/client/renderer/blockentity/BlockEntityRenderer;} {} {V}
[16Sep2025 15:20:59.324] [main/DEBUG] [cpw.mods.modlauncher.TransformStore/MODLAUNCHER]: Adding transformer optifine.OptiFineTransformer@2a331b46 to Target : PRE_CLASS {Lnet/minecraft/client/gui/font/glyphs/BakedGlyph;} {} {V}
[16Sep2025 15:20:59.324] [main/DEBUG] [cpw.mods.modlauncher.TransformStore/MODLAUNCHER]: Adding transformer optifine.OptiFineTransformer@2a331b46 to Target : PRE_CLASS {Lnet/minecraft/core/Direction$Axis$2;} {} {V}
[16Sep2025 15:20:59.324] [main/DEBUG] [cpw.mods.modlauncher.TransformStore/MODLAUNCHER]: Adding transformer optifine.OptiFineTransformer@2a331b46 to Target : PRE_CLASS {Lnet/minecraft/client/renderer/GameRenderer$1;} {} {V}
[16Sep2025 15:20:59.325] [main/DEBUG] [cpw.mods.modlauncher.TransformStore/MODLAUNCHER]: Adding transformer optifine.OptiFineTransformer@2a331b46 to Target : PRE_CLASS {Lnet/minecraft/client/resources/model/ModelBakery$ModelBakerImpl;} {} {V}
[16Sep2025 15:20:59.325] [main/DEBUG] [cpw.mods.modlauncher.TransformStore/MODLAUNCHER]: Adding transformer optifine.OptiFineTransformer@2a331b46 to Target : PRE_CLASS {Lnet/minecraft/util/profiling/ActiveProfiler;} {} {V}
[16Sep2025 15:20:59.325] [main/DEBUG] [cpw.mods.modlauncher.TransformStore/MODLAUNCHER]: Adding transformer optifine.OptiFineTransformer@2a331b46 to Target : PRE_CLASS {Lnet/minecraft/client/gui/components/CycleButton$ValueListSupplier$2;} {} {V}
[16Sep2025 15:20:59.325] [main/DEBUG] [cpw.mods.modlauncher.TransformStore/MODLAUNCHER]: Adding transformer optifine.OptiFineTransformer@2a331b46 to Target : PRE_CLASS {Lnet/minecraft/client/renderer/RenderStateShard$DepthTestStateShard;} {} {V}
[16Sep2025 15:20:59.325] [main/DEBUG] [cpw.mods.modlauncher.TransformStore/MODLAUNCHER]: Adding transformer optifine.OptiFineTransformer@2a331b46 to Target : PRE_CLASS {Lnet/minecraft/client/KeyboardHandler;} {} {V}
[16Sep2025 15:20:59.328] [main/DEBUG] [cpw.mods.modlauncher.TransformStore/MODLAUNCHER]: Adding transformer optifine.OptiFineTransformer@2a331b46 to Target : PRE_CLASS {Lnet/minecraft/client/renderer/entity/layers/CreeperPowerLayer;} {} {V}
[16Sep2025 15:20:59.328] [main/DEBUG] [cpw.mods.modlauncher.TransformStore/MODLAUNCHER]: Adding transformer optifine.OptiFineTransformer@2a331b46 to Target : PRE_CLASS {Lnet/minecraft/core/Direction$1;} {} {V}
[16Sep2025 15:20:59.328] [main/DEBUG] [cpw.mods.modlauncher.TransformStore/MODLAUNCHER]: Adding transformer optifine.OptiFineTransformer@2a331b46 to Target : PRE_CLASS {Lcom/mojang/blaze3d/vertex/VertexBuffer;} {} {V}
[16Sep2025 15:20:59.329] [main/DEBUG] [cpw.mods.modlauncher.TransformStore/MODLAUNCHER]: Adding transformer optifine.OptiFineTransformer@2a331b46 to Target : PRE_CLASS {Lnet/minecraft/client/renderer/LevelRenderer$RenderInfoMap;} {} {V}
[16Sep2025 15:20:59.329] [main/DEBUG] [cpw.mods.modlauncher.TransformStore/MODLAUNCHER]: Adding transformer optifine.OptiFineTransformer@2a331b46 to Target : PRE_CLASS {Lnet/minecraft/server/level/DistanceManager;} {} {V}
[16Sep2025 15:20:59.329] [main/DEBUG] [cpw.mods.modlauncher.TransformStore/MODLAUNCHER]: Adding transformer optifine.OptiFineTransformer@2a331b46 to Target : PRE_CLASS {Lnet/minecraft/client/renderer/entity/layers/LlamaDecorLayer;} {} {V}
[16Sep2025 15:20:59.329] [main/DEBUG] [cpw.mods.modlauncher.TransformStore/MODLAUNCHER]: Adding transformer optifine.OptiFineTransformer@2a331b46 to Target : PRE_CLASS {Lnet/minecraft/world/level/block/entity/BlockEntity;} {} {V}
[16Sep2025 15:20:59.329] [main/DEBUG] [cpw.mods.modlauncher.TransformStore/MODLAUNCHER]: Adding transformer optifine.OptiFineTransformer@2a331b46 to Target : PRE_CLASS {Lnet/minecraft/client/renderer/block/ModelBlockRenderer$AmbientVertexRemap;} {} {V}
[16Sep2025 15:20:59.329] [main/DEBUG] [cpw.mods.modlauncher.TransformStore/MODLAUNCHER]: Adding transformer optifine.OptiFineTransformer@2a331b46 to Target : PRE_CLASS {Lnet/minecraft/client/gui/font/FontSet$GlyphInfoFilter;} {} {V}
[16Sep2025 15:20:59.329] [main/DEBUG] [cpw.mods.modlauncher.TransformStore/MODLAUNCHER]: Adding transformer optifine.OptiFineTransformer@2a331b46 to Target : PRE_CLASS {Lnet/minecraft/client/renderer/ScreenEffectRenderer;} {} {V}
[16Sep2025 15:20:59.329] [main/DEBUG] [cpw.mods.modlauncher.TransformStore/MODLAUNCHER]: Adding transformer optifine.OptiFineTransformer@2a331b46 to Target : PRE_CLASS {Lnet/minecraft/client/renderer/entity/layers/WardenEmissiveLayer$AlphaFunction;} {} {V}
[16Sep2025 15:20:59.330] [main/DEBUG] [cpw.mods.modlauncher.TransformStore/MODLAUNCHER]: Adding transformer optifine.OptiFineTransformer@2a331b46 to Target : PRE_CLASS {Lnet/minecraft/client/gui/screens/ProgressScreen;} {} {V}
[16Sep2025 15:20:59.330] [main/DEBUG] [cpw.mods.modlauncher.TransformStore/MODLAUNCHER]: Adding transformer optifine.OptiFineTransformer@2a331b46 to Target : PRE_CLASS {Lnet/minecraft/client/renderer/entity/TntMinecartRenderer;} {} {V}
[16Sep2025 15:20:59.330] [main/DEBUG] [cpw.mods.modlauncher.TransformStore/MODLAUNCHER]: Adding transformer optifine.OptiFineTransformer@2a331b46 to Target : PRE_CLASS {Lnet/minecraft/client/multiplayer/ClientLevel$EntityCallbacks;} {} {V}
[16Sep2025 15:20:59.330] [main/DEBUG] [cpw.mods.modlauncher.TransformStore/MODLAUNCHER]: Adding transformer optifine.OptiFineTransformer@2a331b46 to Target : PRE_CLASS {Lnet/minecraft/client/renderer/RenderType$CompositeRenderType;} {} {V}
[16Sep2025 15:20:59.330] [main/DEBUG] [cpw.mods.modlauncher.TransformStore/MODLAUNCHER]: Adding transformer optifine.OptiFineTransformer@2a331b46 to Target : PRE_CLASS {Lnet/minecraft/client/ClientBrandRetriever;} {} {V}
[16Sep2025 15:20:59.330] [main/DEBUG] [cpw.mods.modlauncher.TransformStore/MODLAUNCHER]: Adding transformer optifine.OptiFineTransformer@2a331b46 to Target : PRE_CLASS {Lnet/minecraft/client/gui/screens/LoadingOverlay$LogoTexture;} {} {V}
[16Sep2025 15:20:59.330] [main/DEBUG] [cpw.mods.modlauncher.TransformStore/MODLAUNCHER]: Adding transformer optifine.OptiFineTransformer@2a331b46 to Target : PRE_CLASS {Lnet/minecraft/client/resources/model/WeightedBakedModel;} {} {V}
[16Sep2025 15:20:59.330] [main/DEBUG] [cpw.mods.modlauncher.TransformStore/MODLAUNCHER]: Adding transformer optifine.OptiFineTransformer@2a331b46 to Target : PRE_CLASS {Lnet/minecraft/client/resources/model/ModelBakery$ModelGroupKey;} {} {V}
[16Sep2025 15:20:59.330] [main/DEBUG] [cpw.mods.modlauncher.TransformStore/MODLAUNCHER]: Adding transformer optifine.OptiFineTransformer@2a331b46 to Target : PRE_CLASS {Lnet/minecraft/client/gui/components/CycleButton;} {} {V}
[16Sep2025 15:20:59.330] [main/DEBUG] [cpw.mods.modlauncher.TransformStore/MODLAUNCHER]: Adding transformer optifine.OptiFineTransformer@2a331b46 to Target : PRE_CLASS {Lcom/mojang/blaze3d/vertex/BufferBuilder$DrawState;} {} {V}
[16Sep2025 15:20:59.330] [main/DEBUG] [cpw.mods.modlauncher.TransformStore/MODLAUNCHER]: Adding transformer optifine.OptiFineTransformer@2a331b46 to Target : PRE_CLASS {Lnet/minecraft/client/gui/Font$DisplayMode;} {} {V}
[16Sep2025 15:20:59.330] [main/DEBUG] [cpw.mods.modlauncher.TransformStore/MODLAUNCHER]: Adding transformer optifine.OptiFineTransformer@2a331b46 to Target : PRE_CLASS {Lnet/minecraft/client/renderer/block/ModelBlockRenderer$AmbientOcclusionFace;} {} {V}
[16Sep2025 15:20:59.331] [main/DEBUG] [cpw.mods.modlauncher.TransformStore/MODLAUNCHER]: Adding transformer optifine.OptiFineTransformer@2a331b46 to Target : PRE_CLASS {Lnet/minecraft/client/renderer/blockentity/SkullBlockRenderer;} {} {V}
[16Sep2025 15:20:59.331] [main/DEBUG] [cpw.mods.modlauncher.TransformStore/MODLAUNCHER]: Adding transformer optifine.OptiFineTransformer@2a331b46 to Target : PRE_CLASS {Lnet/minecraft/client/Camera$NearPlane;} {} {V}
[16Sep2025 15:20:59.331] [main/DEBUG] [cpw.mods.modlauncher.TransformStore/MODLAUNCHER]: Adding transformer optifine.OptiFineTransformer@2a331b46 to Target : PRE_CLASS {Lnet/minecraft/client/renderer/chunk/ChunkRenderDispatcher$RenderChunk$ResortTransparencyTask;} {} {V}
[16Sep2025 15:20:59.331] [main/DEBUG] [cpw.mods.modlauncher.TransformStore/MODLAUNCHER]: Adding transformer optifine.OptiFineTransformer@2a331b46 to Target : PRE_CLASS {Lcom/mojang/blaze3d/vertex/PoseStack$Pose;} {} {V}
[16Sep2025 15:20:59.331] [main/DEBUG] [cpw.mods.modlauncher.TransformStore/MODLAUNCHER]: Adding transformer optifine.OptiFineTransformer@2a331b46 to Target : PRE_CLASS {Lnet/minecraft/core/Direction$Axis$1;} {} {V}
[16Sep2025 15:20:59.331] [main/DEBUG] [cpw.mods.modlauncher.TransformStore/MODLAUNCHER]: Adding transformer optifine.OptiFineTransformer@2a331b46 to Target : PRE_CLASS {Lnet/minecraft/client/renderer/GameRenderer;} {} {V}
[16Sep2025 15:20:59.331] [main/DEBUG] [cpw.mods.modlauncher.TransformStore/MODLAUNCHER]: Adding transformer optifine.OptiFineTransformer@2a331b46 to Target : PRE_CLASS {Lnet/minecraft/world/entity/EntityEvent;} {} {V}
[16Sep2025 15:20:59.340] [main/DEBUG] [cpw.mods.modlauncher.TransformStore/MODLAUNCHER]: Adding transformer optifine.OptiFineTransformer@2a331b46 to Target : PRE_CLASS {Lnet/minecraft/client/renderer/entity/layers/ElytraLayer;} {} {V}
[16Sep2025 15:20:59.340] [main/DEBUG] [cpw.mods.modlauncher.TransformStore/MODLAUNCHER]: Adding transformer optifine.OptiFineTransformer@2a331b46 to Target : PRE_CLASS {Lnet/minecraft/client/OptionInstance$SliderableValueSet;} {} {V}
[16Sep2025 15:20:59.340] [main/DEBUG] [cpw.mods.modlauncher.TransformStore/MODLAUNCHER]: Adding transformer optifine.OptiFineTransformer@2a331b46 to Target : PRE_CLASS {Lnet/minecraft/client/particle/ParticleEngine$MutableSpriteSet;} {} {V}
[16Sep2025 15:20:59.340] [main/DEBUG] [cpw.mods.modlauncher.TransformStore/MODLAUNCHER]: Adding transformer optifine.OptiFineTransformer@2a331b46 to Target : PRE_CLASS {Lnet/minecraft/client/renderer/MultiBufferSource;} {} {V}
[16Sep2025 15:20:59.340] [main/DEBUG] [cpw.mods.modlauncher.TransformStore/MODLAUNCHER]: Adding transformer optifine.OptiFineTransformer@2a331b46 to Target : PRE_CLASS {Lcom/mojang/blaze3d/platform/GlStateManager$TextureState;} {} {V}
[16Sep2025 15:20:59.342] [main/DEBUG] [cpw.mods.modlauncher.TransformStore/MODLAUNCHER]: Adding transformer optifine.OptiFineTransformer@2a331b46 to Target : PRE_CLASS {Lnet/minecraft/client/gui/font/glyphs/BakedGlyph$Effect;} {} {V}
[16Sep2025 15:20:59.342] [main/DEBUG] [cpw.mods.modlauncher.TransformStore/MODLAUNCHER]: Adding transformer optifine.OptiFineTransformer@2a331b46 to Target : PRE_CLASS {Lnet/minecraft/client/renderer/texture/Stitcher$Holder;} {} {V}
[16Sep2025 15:20:59.342] [main/DEBUG] [cpw.mods.modlauncher.TransformStore/MODLAUNCHER]: Adding transformer optifine.OptiFineTransformer@2a331b46 to Target : PRE_CLASS {Lnet/minecraft/server/level/ChunkMap$DistanceManager;} {} {V}
[16Sep2025 15:20:59.342] [main/DEBUG] [cpw.mods.modlauncher.TransformStore/MODLAUNCHER]: Adding transformer optifine.OptiFineTransformer@2a331b46 to Target : PRE_CLASS {Lnet/minecraft/client/renderer/RenderType$OutlineProperty;} {} {V}
[16Sep2025 15:20:59.343] [main/DEBUG] [cpw.mods.modlauncher.TransformStore/MODLAUNCHER]: Adding transformer optifine.OptiFineTransformer@2a331b46 to Target : PRE_CLASS {Lnet/minecraft/Util$4;} {} {V}
[16Sep2025 15:20:59.343] [main/DEBUG] [cpw.mods.modlauncher.TransformStore/MODLAUNCHER]: Adding transformer optifine.OptiFineTransformer@2a331b46 to Target : PRE_CLASS {Lnet/minecraft/client/renderer/entity/ExperienceOrbRenderer;} {} {V}
[16Sep2025 15:20:59.343] [main/DEBUG] [cpw.mods.modlauncher.TransformStore/MODLAUNCHER]: Adding transformer optifine.OptiFineTransformer@2a331b46 to Target : PRE_CLASS {Lnet/minecraft/world/level/chunk/PalettedContainer;} {} {V}
[16Sep2025 15:20:59.343] [main/DEBUG] [cpw.mods.modlauncher.TransformStore/MODLAUNCHER]: Adding transformer optifine.OptiFineTransformer@2a331b46 to Target : PRE_CLASS {Lnet/minecraft/client/renderer/entity/layers/EyesLayer;} {} {V}
[16Sep2025 15:20:59.343] [main/DEBUG] [cpw.mods.modlauncher.TransformStore/MODLAUNCHER]: Adding transformer optifine.OptiFineTransformer@2a331b46 to Target : PRE_CLASS {Lnet/minecraft/client/renderer/entity/layers/WitherArmorLayer;} {} {V}
[16Sep2025 15:20:59.343] [main/DEBUG] [cpw.mods.modlauncher.TransformStore/MODLAUNCHER]: Adding transformer optifine.OptiFineTransformer@2a331b46 to Target : PRE_CLASS {Lnet/minecraft/Util$OS;} {} {V}
[16Sep2025 15:20:59.343] [main/DEBUG] [cpw.mods.modlauncher.TransformStore/MODLAUNCHER]: Adding transformer optifine.OptiFineTransformer@2a331b46 to Target : PRE_CLASS {Lnet/minecraft/client/gui/components/DebugScreenOverlay$1;} {} {V}
[16Sep2025 15:20:59.343] [main/DEBUG] [cpw.mods.modlauncher.TransformStore/MODLAUNCHER]: Adding transformer optifine.OptiFineTransformer@2a331b46 to Target : PRE_CLASS {Lnet/minecraft/core/Direction$AxisDirection;} {} {V}
[16Sep2025 15:20:59.343] [main/DEBUG] [cpw.mods.modlauncher.TransformStore/MODLAUNCHER]: Adding transformer optifine.OptiFineTransformer@2a331b46 to Target : PRE_CLASS {Lnet/minecraft/client/renderer/entity/EntityRenderer;} {} {V}
[16Sep2025 15:20:59.343] [main/DEBUG] [cpw.mods.modlauncher.TransformStore/MODLAUNCHER]: Adding transformer optifine.OptiFineTransformer@2a331b46 to Target : PRE_CLASS {Lnet/minecraft/client/gui/Font$StringRenderOutput;} {} {V}
[16Sep2025 15:20:59.344] [main/DEBUG] [cpw.mods.modlauncher.TransformStore/MODLAUNCHER]: Adding transformer optifine.OptiFineTransformer@2a331b46 to Target : PRE_CLASS {Lnet/minecraft/client/particle/ParticleEngine;} {} {V}
[16Sep2025 15:20:59.344] [main/DEBUG] [cpw.mods.modlauncher.TransformStore/MODLAUNCHER]: Adding transformer optifine.OptiFineTransformer@2a331b46 to Target : PRE_CLASS {Lnet/minecraft/world/entity/Mob$1;} {} {V}
[16Sep2025 15:20:59.344] [main/DEBUG] [cpw.mods.modlauncher.TransformStore/MODLAUNCHER]: Adding transformer optifine.OptiFineTransformer@2a331b46 to Target : PRE_CLASS {Lnet/minecraft/client/renderer/chunk/VisGraph;} {} {V}
[16Sep2025 15:20:59.344] [main/DEBUG] [cpw.mods.modlauncher.TransformStore/MODLAUNCHER]: Adding transformer optifine.OptiFineTransformer@2a331b46 to Target : PRE_CLASS {Lnet/minecraft/client/renderer/entity/layers/SaddleLayer;} {} {V}
[16Sep2025 15:20:59.346] [main/DEBUG] [cpw.mods.modlauncher.TransformStore/MODLAUNCHER]: Adding transformer optifine.OptiFineTransformer@2a331b46 to Target : PRE_CLASS {Lcom/mojang/blaze3d/platform/GlStateManager;} {} {V}
[16Sep2025 15:20:59.346] [main/DEBUG] [cpw.mods.modlauncher.TransformStore/MODLAUNCHER]: Adding transformer optifine.OptiFineTransformer@2a331b46 to Target : PRE_CLASS {Lnet/minecraft/client/gui/screens/TitleScreen$WarningLabel;} {} {V}
[16Sep2025 15:20:59.346] [main/DEBUG] [cpw.mods.modlauncher.TransformStore/MODLAUNCHER]: Adding transformer optifine.OptiFineTransformer@2a331b46 to Target : PRE_CLASS {Lnet/minecraft/client/renderer/texture/SpriteLoader;} {} {V}
[16Sep2025 15:20:59.346] [main/DEBUG] [cpw.mods.modlauncher.TransformStore/MODLAUNCHER]: Adding transformer optifine.OptiFineTransformer@2a331b46 to Target : PRE_CLASS {Lnet/minecraft/client/OptionInstance$IntRangeBase;} {} {V}
[16Sep2025 15:20:59.346] [main/DEBUG] [cpw.mods.modlauncher.TransformStore/MODLAUNCHER]: Adding transformer optifine.OptiFineTransformer@2a331b46 to Target : PRE_CLASS {Lnet/minecraft/client/renderer/block/ModelBlockRenderer$SizeInfo;} {} {V}
[16Sep2025 15:20:59.346] [main/DEBUG] [cpw.mods.modlauncher.TransformStore/MODLAUNCHER]: Adding transformer optifine.OptiFineTransformer@2a331b46 to Target : PRE_CLASS {Lnet/minecraft/client/renderer/entity/layers/HorseArmorLayer;} {} {V}
[16Sep2025 15:20:59.346] [main/DEBUG] [cpw.mods.modlauncher.TransformStore/MODLAUNCHER]: Adding transformer optifine.OptiFineTransformer@2a331b46 to Target : PRE_CLASS {Lnet/minecraft/client/OptionInstance$UnitDouble;} {} {V}
[16Sep2025 15:20:59.346] [main/DEBUG] [cpw.mods.modlauncher.TransformStore/MODLAUNCHER]: Adding transformer optifine.OptiFineTransformer@2a331b46 to Target : PRE_CLASS {Lnet/minecraft/client/OptionInstance$ClampingLazyMaxIntRange;} {} {V}
[16Sep2025 15:20:59.347] [main/DEBUG] [cpw.mods.modlauncher.TransformStore/MODLAUNCHER]: Adding transformer optifine.OptiFineTransformer@2a331b46 to Target : PRE_CLASS {Lcom/mojang/blaze3d/pipeline/RenderTarget;} {} {V}
[16Sep2025 15:20:59.347] [main/DEBUG] [cpw.mods.modlauncher.TransformStore/MODLAUNCHER]: Adding transformer optifine.OptiFineTransformer@2a331b46 to Target : PRE_CLASS {Lnet/minecraft/client/renderer/RenderStateShard$OutputStateShard;} {} {V}
[16Sep2025 15:20:59.347] [main/DEBUG] [cpw.mods.modlauncher.TransformStore/MODLAUNCHER]: Adding transformer optifine.OptiFineTransformer@2a331b46 to Target : PRE_CLASS {Lcom/mojang/blaze3d/platform/NativeImage$Format;} {} {V}
[16Sep2025 15:20:59.347] [main/DEBUG] [cpw.mods.modlauncher.TransformStore/MODLAUNCHER]: Adding transformer optifine.OptiFineTransformer@2a331b46 to Target : PRE_CLASS {Lnet/minecraft/client/gui/components/ChatComponent$DelayedMessageDeletion;} {} {V}
[16Sep2025 15:20:59.347] [main/DEBUG] [cpw.mods.modlauncher.TransformStore/MODLAUNCHER]: Adding transformer optifine.OptiFineTransformer@2a331b46 to Target : PRE_CLASS {Lnet/minecraft/client/OptionInstance$TooltipSupplier;} {} {V}
[16Sep2025 15:20:59.347] [main/DEBUG] [cpw.mods.modlauncher.TransformStore/MODLAUNCHER]: Adding transformer optifine.OptiFineTransformer@2a331b46 to Target : PRE_CLASS {Lnet/minecraft/client/renderer/RenderStateShard$TransparencyStateShard;} {} {V}
[16Sep2025 15:20:59.347] [main/DEBUG] [cpw.mods.modlauncher.TransformStore/MODLAUNCHER]: Adding transformer optifine.OptiFineTransformer@2a331b46 to Target : PRE_CLASS {Lnet/minecraft/Util$IdentityStrategy;} {} {V}
[16Sep2025 15:20:59.347] [main/DEBUG] [cpw.mods.modlauncher.TransformStore/MODLAUNCHER]: Adding transformer optifine.OptiFineTransformer@2a331b46 to Target : PRE_CLASS {Lnet/minecraft/client/renderer/block/BlockRenderDispatcher;} {} {V}
[16Sep2025 15:20:59.347] [main/DEBUG] [cpw.mods.modlauncher.TransformStore/MODLAUNCHER]: Adding transformer optifine.OptiFineTransformer@2a331b46 to Target : PRE_CLASS {Lnet/minecraft/client/renderer/BlockEntityWithoutLevelRenderer;} {} {V}
[16Sep2025 15:20:59.347] [main/DEBUG] [cpw.mods.modlauncher.TransformStore/MODLAUNCHER]: Adding transformer optifine.OptiFineTransformer@2a331b46 to Target : PRE_CLASS {Lcom/mojang/blaze3d/platform/GlStateManager$DestFactor;} {} {V}
[16Sep2025 15:20:59.348] [main/DEBUG] [cpw.mods.modlauncher.TransformStore/MODLAUNCHER]: Adding transformer optifine.OptiFineTransformer@2a331b46 to Target : PRE_CLASS {Lnet/minecraft/client/OptionInstance$SliderableOrCyclableValueSet;} {} {V}
[16Sep2025 15:20:59.348] [main/DEBUG] [cpw.mods.modlauncher.TransformStore/MODLAUNCHER]: Adding transformer optifine.OptiFineTransformer@2a331b46 to Target : PRE_CLASS {Lnet/minecraft/client/renderer/texture/AbstractTexture;} {} {V}
[16Sep2025 15:20:59.348] [main/DEBUG] [cpw.mods.modlauncher.TransformStore/MODLAUNCHER]: Adding transformer optifine.OptiFineTransformer@2a331b46 to Target : PRE_CLASS {Lnet/minecraft/client/renderer/block/BlockRenderDispatcher$1;} {} {V}
[16Sep2025 15:20:59.348] [main/DEBUG] [cpw.mods.modlauncher.TransformStore/MODLAUNCHER]: Adding transformer optifine.OptiFineTransformer@2a331b46 to Target : PRE_CLASS {Lcom/mojang/blaze3d/vertex/VertexConsumer;} {} {V}
[16Sep2025 15:20:59.348] [main/DEBUG] [cpw.mods.modlauncher.TransformStore/MODLAUNCHER]: Adding transformer optifine.OptiFineTransformer@2a331b46 to Target : PRE_CLASS {Lnet/minecraft/client/renderer/RenderStateShard;} {} {V}
[16Sep2025 15:20:59.348] [main/DEBUG] [cpw.mods.modlauncher.TransformStore/MODLAUNCHER]: Adding transformer optifine.OptiFineTransformer@2a331b46 to Target : PRE_CLASS {Lnet/minecraft/client/renderer/block/ModelBlockRenderer$Cache$1;} {} {V}
[16Sep2025 15:20:59.349] [main/DEBUG] [cpw.mods.modlauncher.TransformStore/MODLAUNCHER]: Adding transformer optifine.OptiFineTransformer@2a331b46 to Target : PRE_CLASS {Lnet/minecraft/world/level/block/state/properties/Property;} {} {V}
[16Sep2025 15:20:59.349] [main/DEBUG] [cpw.mods.modlauncher.TransformStore/MODLAUNCHER]: Adding transformer optifine.OptiFineTransformer@2a331b46 to Target : PRE_CLASS {Lnet/minecraft/client/renderer/culling/Frustum;} {} {V}
[16Sep2025 15:20:59.349] [main/DEBUG] [cpw.mods.modlauncher.TransformStore/MODLAUNCHER]: Adding transformer optifine.OptiFineTransformer@2a331b46 to Target : PRE_CLASS {Lnet/minecraft/server/level/ChunkMap$1;} {} {V}
[16Sep2025 15:20:59.349] [main/DEBUG] [cpw.mods.modlauncher.TransformStore/MODLAUNCHER]: Adding transformer optifine.OptiFineTransformer@2a331b46 to Target : PRE_CLASS {Lnet/minecraft/client/renderer/chunk/VisibilitySet;} {} {V}
[16Sep2025 15:20:59.349] [main/DEBUG] [cpw.mods.modlauncher.TransformStore/MODLAUNCHER]: Adding transformer optifine.OptiFineTransformer@2a331b46 to Target : PRE_CLASS {Lnet/minecraft/client/renderer/texture/TextureAtlas;} {} {V}
[16Sep2025 15:20:59.349] [main/DEBUG] [cpw.mods.modlauncher.TransformStore/MODLAUNCHER]: Adding transformer optifine.OptiFineTransformer@2a331b46 to Target : PRE_CLASS {Lnet/minecraft/network/protocol/PacketUtils;} {} {V}
[16Sep2025 15:20:59.350] [main/DEBUG] [cpw.mods.modlauncher.TransformStore/MODLAUNCHER]: Adding transformer optifine.OptiFineTransformer@2a331b46 to Target : PRE_CLASS {Lnet/minecraft/world/level/levelgen/blending/Blender;} {} {V}
[16Sep2025 15:20:59.350] [main/DEBUG] [cpw.mods.modlauncher.TransformStore/MODLAUNCHER]: Adding transformer optifine.OptiFineTransformer@2a331b46 to Target : PRE_CLASS {Lcom/mojang/blaze3d/platform/GlStateManager$SourceFactor;} {} {V}
[16Sep2025 15:20:59.350] [main/DEBUG] [cpw.mods.modlauncher.TransformStore/MODLAUNCHER]: Adding transformer optifine.OptiFineTransformer@2a331b46 to Target : PRE_CLASS {Lnet/minecraft/client/renderer/ItemInHandRenderer;} {} {V}
[16Sep2025 15:20:59.350] [main/DEBUG] [cpw.mods.modlauncher.TransformStore/MODLAUNCHER]: Adding transformer optifine.OptiFineTransformer@2a331b46 to Target : PRE_CLASS {Lnet/minecraft/client/model/Model;} {} {V}
[16Sep2025 15:20:59.350] [main/DEBUG] [cpw.mods.modlauncher.TransformStore/MODLAUNCHER]: Adding transformer optifine.OptiFineTransformer@2a331b46 to Target : PRE_CLASS {Lnet/minecraft/client/gui/font/providers/BitmapProvider$Glyph;} {} {V}
[16Sep2025 15:20:59.350] [main/DEBUG] [cpw.mods.modlauncher.TransformStore/MODLAUNCHER]: Adding transformer optifine.OptiFineTransformer@2a331b46 to Target : PRE_CLASS {Lnet/minecraft/client/multiplayer/ClientChunkCache$Storage;} {} {V}
[16Sep2025 15:20:59.350] [main/DEBUG] [cpw.mods.modlauncher.TransformStore/MODLAUNCHER]: Adding transformer optifine.OptiFineTransformer@2a331b46 to Target : PRE_CLASS {Lcom/mojang/blaze3d/vertex/VertexFormat$1;} {} {V}
[16Sep2025 15:20:59.351] [main/DEBUG] [cpw.mods.modlauncher.TransformStore/MODLAUNCHER]: Adding transformer optifine.OptiFineTransformer@2a331b46 to Target : PRE_CLASS {Lnet/minecraft/client/renderer/texture/Stitcher;} {} {V}
[16Sep2025 15:20:59.351] [main/DEBUG] [cpw.mods.modlauncher.TransformStore/MODLAUNCHER]: Adding transformer optifine.OptiFineTransformer@2a331b46 to Target : PRE_CLASS {Lnet/minecraft/server/level/ChunkMap;} {} {V}
[16Sep2025 15:20:59.351] [main/DEBUG] [cpw.mods.modlauncher.TransformStore/MODLAUNCHER]: Adding transformer optifine.OptiFineTransformer@2a331b46 to Target : PRE_CLASS {Lnet/minecraft/client/renderer/texture/SpriteContents$Ticker;} {} {V}
[16Sep2025 15:20:59.351] [main/DEBUG] [cpw.mods.modlauncher.TransformStore/MODLAUNCHER]: Adding transformer optifine.OptiFineTransformer@2a331b46 to Target : PRE_CLASS {Lcom/mojang/blaze3d/platform/GlDebug;} {} {V}
[16Sep2025 15:20:59.351] [main/DEBUG] [cpw.mods.modlauncher.TransformStore/MODLAUNCHER]: Adding transformer optifine.OptiFineTransformer@2a331b46 to Target : PRE_CLASS {Lnet/minecraft/util/SimpleBitStorage;} {} {V}
[16Sep2025 15:20:59.351] [main/DEBUG] [cpw.mods.modlauncher.TransformStore/MODLAUNCHER]: Adding transformer optifine.OptiFineTransformer@2a331b46 to Target : PRE_CLASS {Lcom/mojang/blaze3d/platform/GlStateManager$PolygonOffsetState;} {} {V}
[16Sep2025 15:20:59.352] [main/DEBUG] [cpw.mods.modlauncher.TransformStore/MODLAUNCHER]: Adding transformer optifine.OptiFineTransformer@2a331b46 to Target : PRE_CLASS {Lnet/minecraft/client/renderer/texture/SimpleTexture;} {} {V}
[16Sep2025 15:20:59.352] [main/DEBUG] [cpw.mods.modlauncher.TransformStore/MODLAUNCHER]: Adding transformer optifine.OptiFineTransformer@2a331b46 to Target : PRE_CLASS {Lnet/minecraft/Util$OS$1;} {} {V}
[16Sep2025 15:20:59.352] [main/DEBUG] [cpw.mods.modlauncher.TransformStore/MODLAUNCHER]: Adding transformer optifine.OptiFineTransformer@2a331b46 to Target : PRE_CLASS {Lnet/minecraft/client/renderer/chunk/RenderChunk;} {} {V}
[16Sep2025 15:20:59.352] [main/DEBUG] [cpw.mods.modlauncher.TransformStore/MODLAUNCHER]: Adding transformer optifine.OptiFineTransformer@2a331b46 to Target : PRE_CLASS {Lnet/minecraft/client/renderer/texture/DynamicTexture;} {} {V}
[16Sep2025 15:20:59.352] [main/DEBUG] [cpw.mods.modlauncher.TransformStore/MODLAUNCHER]: Adding transformer optifine.OptiFineTransformer@2a331b46 to Target : PRE_CLASS {Lnet/minecraft/client/renderer/chunk/RenderChunkRegion;} {} {V}
[16Sep2025 15:20:59.352] [main/DEBUG] [cpw.mods.modlauncher.TransformStore/MODLAUNCHER]: Adding transformer optifine.OptiFineTransformer@2a331b46 to Target : PRE_CLASS {Lnet/minecraft/client/renderer/entity/layers/ParrotOnShoulderLayer;} {} {V}
[16Sep2025 15:20:59.352] [main/DEBUG] [cpw.mods.modlauncher.TransformStore/MODLAUNCHER]: Adding transformer optifine.OptiFineTransformer@2a331b46 to Target : PRE_CLASS {Lnet/minecraft/client/particle/ParticleEngine$ParticleDefinition;} {} {V}
[16Sep2025 15:20:59.353] [main/DEBUG] [cpw.mods.modlauncher.TransformStore/MODLAUNCHER]: Adding transformer optifine.OptiFineTransformer@2a331b46 to Target : PRE_CLASS {Lnet/minecraft/client/resources/model/ModelBaker;} {} {V}
[16Sep2025 15:20:59.353] [main/DEBUG] [cpw.mods.modlauncher.TransformStore/MODLAUNCHER]: Adding transformer optifine.OptiFineTransformer@2a331b46 to Target : PRE_CLASS {Lnet/minecraft/world/level/chunk/PalettedContainer$Strategy$1;} {} {V}
[16Sep2025 15:20:59.353] [main/DEBUG] [cpw.mods.modlauncher.TransformStore/MODLAUNCHER]: Adding transformer optifine.OptiFineTransformer@2a331b46 to Target : PRE_CLASS {Lnet/minecraft/client/OptionInstance$LazyEnum;} {} {V}
[16Sep2025 15:20:59.353] [main/DEBUG] [cpw.mods.modlauncher.TransformStore/MODLAUNCHER]: Adding transformer optifine.OptiFineTransformer@2a331b46 to Target : PRE_CLASS {Lnet/minecraft/client/renderer/texture/MipmapGenerator;} {} {V}
[16Sep2025 15:20:59.353] [main/DEBUG] [cpw.mods.modlauncher.TransformStore/MODLAUNCHER]: Adding transformer optifine.OptiFineTransformer@2a331b46 to Target : PRE_CLASS {Lnet/minecraft/client/gui/font/FontSet;} {} {V}
[16Sep2025 15:20:59.353] [main/DEBUG] [cpw.mods.modlauncher.TransformStore/MODLAUNCHER]: Adding transformer optifine.OptiFineTransformer@2a331b46 to Target : PRE_CLASS {Lnet/minecraft/network/syncher/SynchedEntityData$DataValue;} {} {V}
[16Sep2025 15:20:59.353] [main/DEBUG] [cpw.mods.modlauncher.TransformStore/MODLAUNCHER]: Adding transformer optifine.OptiFineTransformer@2a331b46 to Target : PRE_CLASS {Lnet/minecraft/client/renderer/chunk/ChunkRenderDispatcher$RenderChunk$RebuildTask;} {} {V}
[16Sep2025 15:20:59.354] [main/DEBUG] [cpw.mods.modlauncher.TransformStore/MODLAUNCHER]: Adding transformer optifine.OptiFineTransformer@2a331b46 to Target : PRE_CLASS {Lnet/minecraft/client/renderer/entity/layers/CatCollarLayer;} {} {V}
[16Sep2025 15:20:59.354] [main/DEBUG] [cpw.mods.modlauncher.TransformStore/MODLAUNCHER]: Adding transformer optifine.OptiFineTransformer@2a331b46 to Target : PRE_CLASS {Lnet/minecraft/world/level/chunk/PalettedContainer$Strategy$2;} {} {V}
[16Sep2025 15:20:59.354] [main/DEBUG] [cpw.mods.modlauncher.TransformStore/MODLAUNCHER]: Adding transformer optifine.OptiFineTransformer@2a331b46 to Target : PRE_CLASS {Lnet/minecraft/client/renderer/blockentity/BrightnessCombiner;} {} {V}
[16Sep2025 15:20:59.354] [main/DEBUG] [cpw.mods.modlauncher.TransformStore/MODLAUNCHER]: Adding transformer optifine.OptiFineTransformer@2a331b46 to Target : PRE_CLASS {Lnet/minecraft/Util$1;} {} {V}
[16Sep2025 15:20:59.354] [main/DEBUG] [cpw.mods.modlauncher.TransformStore/MODLAUNCHER]: Adding transformer optifine.OptiFineTransformer@2a331b46 to Target : PRE_CLASS {Lcom/mojang/blaze3d/vertex/DefaultVertexFormat;} {} {V}
[16Sep2025 15:20:59.354] [main/DEBUG] [cpw.mods.modlauncher.TransformStore/MODLAUNCHER]: Adding transformer optifine.OptiFineTransformer@2a331b46 to Target : PRE_CLASS {Lnet/minecraft/client/renderer/texture/HttpTexture;} {} {V}
[16Sep2025 15:20:59.354] [main/DEBUG] [cpw.mods.modlauncher.TransformStore/MODLAUNCHER]: Adding transformer optifine.OptiFineTransformer@2a331b46 to Target : PRE_CLASS {Lcom/mojang/blaze3d/platform/GLX;} {} {V}
[16Sep2025 15:20:59.355] [main/DEBUG] [cpw.mods.modlauncher.TransformStore/MODLAUNCHER]: Adding transformer optifine.OptiFineTransformer@2a331b46 to Target : PRE_CLASS {Lcom/mojang/blaze3d/platform/GlStateManager$StencilFunc;} {} {V}
[16Sep2025 15:20:59.355] [main/DEBUG] [cpw.mods.modlauncher.TransformStore/MODLAUNCHER]: Adding transformer optifine.OptiFineTransformer@2a331b46 to Target : PRE_CLASS {Lnet/minecraft/client/renderer/entity/ItemEntityRenderer;} {} {V}
[16Sep2025 15:20:59.355] [main/DEBUG] [cpw.mods.modlauncher.TransformStore/MODLAUNCHER]: Adding transformer optifine.OptiFineTransformer@2a331b46 to Target : PRE_CLASS {Lnet/minecraft/client/renderer/RenderType$CompositeState$CompositeStateBuilder;} {} {V}
[16Sep2025 15:20:59.355] [main/DEBUG] [cpw.mods.modlauncher.TransformStore/MODLAUNCHER]: Adding transformer optifine.OptiFineTransformer@2a331b46 to Target : PRE_CLASS {Lnet/minecraft/Util;} {} {V}
[16Sep2025 15:20:59.355] [main/DEBUG] [cpw.mods.modlauncher.TransformStore/MODLAUNCHER]: Adding transformer optifine.OptiFineTransformer@2a331b46 to Target : PRE_CLASS {Lnet/minecraft/client/renderer/LevelRenderer$RenderChunkInfo;} {} {V}
[16Sep2025 15:20:59.355] [main/DEBUG] [cpw.mods.modlauncher.TransformStore/MODLAUNCHER]: Adding transformer optifine.OptiFineTransformer@2a331b46 to Target : PRE_CLASS {Lnet/minecraft/client/renderer/ShaderInstance$1;} {} {V}
[16Sep2025 15:20:59.355] [main/DEBUG] [cpw.mods.modlauncher.TransformStore/MODLAUNCHER]: Adding transformer optifine.OptiFineTransformer@2a331b46 to Target : PRE_CLASS {Lnet/minecraft/client/renderer/block/model/BakedQuad;} {} {V}
[16Sep2025 15:20:59.356] [main/DEBUG] [cpw.mods.modlauncher.TransformStore/MODLAUNCHER]: Adding transformer optifine.OptiFineTransformer@2a331b46 to Target : PRE_CLASS {Lnet/minecraft/client/renderer/block/ModelBlockRenderer$Cache;} {} {V}
[16Sep2025 15:20:59.356] [main/DEBUG] [cpw.mods.modlauncher.TransformStore/MODLAUNCHER]: Adding transformer optifine.OptiFineTransformer@2a331b46 to Target : PRE_CLASS {Lnet/minecraft/client/gui/GuiGraphics;} {} {V}
[16Sep2025 15:20:59.356] [main/DEBUG] [cpw.mods.modlauncher.TransformStore/MODLAUNCHER]: Adding transformer optifine.OptiFineTransformer@2a331b46 to Target : PRE_CLASS {Lnet/minecraft/world/level/block/state/properties/Property$Value;} {} {V}
[16Sep2025 15:20:59.356] [main/DEBUG] [cpw.mods.modlauncher.TransformStore/MODLAUNCHER]: Adding transformer optifine.OptiFineTransformer@2a331b46 to Target : PRE_CLASS {Lnet/minecraft/client/GuiMessage;} {} {V}
[16Sep2025 15:20:59.356] [main/DEBUG] [cpw.mods.modlauncher.TransformStore/MODLAUNCHER]: Adding transformer optifine.OptiFineTransformer@2a331b46 to Target : PRE_CLASS {Lnet/minecraft/client/GuiMessage$Line;} {} {V}
[16Sep2025 15:20:59.356] [main/DEBUG] [cpw.mods.modlauncher.TransformStore/MODLAUNCHER]: Adding transformer optifine.OptiFineTransformer@2a331b46 to Target : PRE_CLASS {Lcom/mojang/blaze3d/vertex/VertexFormatElement$Usage;} {} {V}
[16Sep2025 15:20:59.356] [main/DEBUG] [cpw.mods.modlauncher.TransformStore/MODLAUNCHER]: Adding transformer optifine.OptiFineTransformer@2a331b46 to Target : PRE_CLASS {Lnet/minecraft/client/renderer/entity/layers/StrayClothingLayer;} {} {V}
[16Sep2025 15:20:59.357] [main/DEBUG] [cpw.mods.modlauncher.TransformStore/MODLAUNCHER]: Adding transformer optifine.OptiFineTransformer@2a331b46 to Target : PRE_CLASS {Lnet/minecraft/server/packs/FilePackResources;} {} {V}
[16Sep2025 15:20:59.357] [main/DEBUG] [cpw.mods.modlauncher.TransformStore/MODLAUNCHER]: Adding transformer optifine.OptiFineTransformer@2a331b46 to Target : PRE_CLASS {Lnet/minecraft/world/level/chunk/PalettedContainer$Strategy;} {} {V}
[16Sep2025 15:20:59.357] [main/DEBUG] [cpw.mods.modlauncher.TransformStore/MODLAUNCHER]: Adding transformer optifine.OptiFineTransformer@2a331b46 to Target : PRE_CLASS {Lnet/minecraft/client/renderer/ShaderInstance;} {} {V}
[16Sep2025 15:20:59.357] [main/DEBUG] [cpw.mods.modlauncher.TransformStore/MODLAUNCHER]: Adding transformer optifine.OptiFineTransformer@2a331b46 to Target : PRE_CLASS {Lnet/minecraft/client/renderer/LevelRenderer;} {} {V}
[16Sep2025 15:20:59.357] [main/DEBUG] [cpw.mods.modlauncher.TransformStore/MODLAUNCHER]: Adding transformer optifine.OptiFineTransformer@2a331b46 to Target : PRE_CLASS {Lnet/minecraft/client/renderer/entity/layers/RenderLayer;} {} {V}
[16Sep2025 15:20:59.357] [main/DEBUG] [cpw.mods.modlauncher.TransformStore/MODLAUNCHER]: Adding transformer optifine.OptiFineTransformer@2a331b46 to Target : PRE_CLASS {Lcom/mojang/blaze3d/platform/GlStateManager$BooleanState;} {} {V}
[16Sep2025 15:20:59.357] [main/DEBUG] [cpw.mods.modlauncher.TransformStore/MODLAUNCHER]: Adding transformer optifine.OptiFineTransformer@2a331b46 to Target : PRE_CLASS {Lcom/mojang/blaze3d/vertex/VertexFormat$IndexType;} {} {V}
[16Sep2025 15:20:59.357] [main/DEBUG] [cpw.mods.modlauncher.TransformStore/MODLAUNCHER]: Adding transformer optifine.OptiFineTransformer@2a331b46 to Target : PRE_CLASS {Lnet/minecraft/client/renderer/texture/TextureAtlasSprite;} {} {V}
[16Sep2025 15:20:59.358] [main/DEBUG] [cpw.mods.modlauncher.TransformStore/MODLAUNCHER]: Adding transformer optifine.OptiFineTransformer@2a331b46 to Target : PRE_CLASS {Lnet/minecraft/client/renderer/block/ModelBlockRenderer;} {} {V}
[16Sep2025 15:20:59.358] [main/DEBUG] [cpw.mods.modlauncher.TransformStore/MODLAUNCHER]: Adding transformer optifine.OptiFineTransformer@2a331b46 to Target : PRE_CLASS {Lnet/minecraft/client/renderer/blockentity/TheEndPortalRenderer;} {} {V}
[16Sep2025 15:20:59.358] [main/DEBUG] [cpw.mods.modlauncher.TransformStore/MODLAUNCHER]: Adding transformer optifine.OptiFineTransformer@2a331b46 to Target : PRE_CLASS {Lnet/minecraft/client/player/AbstractClientPlayer;} {} {V}
[16Sep2025 15:20:59.358] [main/DEBUG] [cpw.mods.modlauncher.TransformStore/MODLAUNCHER]: Adding transformer optifine.OptiFineTransformer@2a331b46 to Target : PRE_CLASS {Lnet/minecraft/client/renderer/texture/Stitcher$SpriteLoader;} {} {V}
[16Sep2025 15:20:59.358] [main/DEBUG] [cpw.mods.modlauncher.TransformStore/MODLAUNCHER]: Adding transformer optifine.OptiFineTransformer@2a331b46 to Target : PRE_CLASS {Lnet/minecraft/client/renderer/entity/EnderDragonRenderer$DragonModel;} {} {V}
[16Sep2025 15:20:59.358] [main/DEBUG] [cpw.mods.modlauncher.TransformStore/MODLAUNCHER]: Adding transformer optifine.OptiFineTransformer@2a331b46 to Target : PRE_CLASS {Lnet/minecraft/server/level/ChunkLevel$1;} {} {V}
[16Sep2025 15:20:59.358] [main/DEBUG] [cpw.mods.modlauncher.TransformStore/MODLAUNCHER]: Adding transformer optifine.OptiFineTransformer@2a331b46 to Target : PRE_CLASS {Lnet/minecraft/client/model/geom/ModelPart$Vertex;} {} {V}
[16Sep2025 15:20:59.358] [main/DEBUG] [cpw.mods.modlauncher.TransformStore/MODLAUNCHER]: Adding transformer optifine.OptiFineTransformer@2a331b46 to Target : PRE_CLASS {Lnet/minecraft/client/renderer/blockentity/SignRenderer;} {} {V}
[16Sep2025 15:20:59.359] [main/DEBUG] [cpw.mods.modlauncher.TransformStore/MODLAUNCHER]: Adding transformer optifine.OptiFineTransformer@2a331b46 to Target : PRE_CLASS {Lnet/minecraft/server/packs/resources/ReloadableResourceManager;} {} {V}
[16Sep2025 15:20:59.359] [main/DEBUG] [cpw.mods.modlauncher.TransformStore/MODLAUNCHER]: Adding transformer optifine.OptiFineTransformer@2a331b46 to Target : PRE_CLASS {Lnet/minecraft/world/level/biome/Biomes;} {} {V}
[16Sep2025 15:20:59.359] [main/DEBUG] [cpw.mods.modlauncher.TransformStore/MODLAUNCHER]: Adding transformer optifine.OptiFineTransformer@2a331b46 to Target : PRE_CLASS {Lcom/mojang/blaze3d/platform/GlStateManager$ScissorState;} {} {V}
[16Sep2025 15:20:59.359] [main/DEBUG] [cpw.mods.modlauncher.TransformStore/MODLAUNCHER]: Adding transformer optifine.OptiFineTransformer@2a331b46 to Target : PRE_CLASS {Lcom/mojang/blaze3d/platform/GlStateManager$ColorMask;} {} {V}
[16Sep2025 15:20:59.359] [main/DEBUG] [cpw.mods.modlauncher.TransformStore/MODLAUNCHER]: Adding transformer optifine.OptiFineTransformer@2a331b46 to Target : PRE_CLASS {Lnet/minecraft/Util$3;} {} {V}
[16Sep2025 15:20:59.359] [main/DEBUG] [cpw.mods.modlauncher.TransformStore/MODLAUNCHER]: Adding transformer optifine.OptiFineTransformer@2a331b46 to Target : PRE_CLASS {Lnet/minecraft/client/resources/metadata/animation/AnimationMetadataSection;} {} {V}
[16Sep2025 15:20:59.359] [main/DEBUG] [cpw.mods.modlauncher.TransformStore/MODLAUNCHER]: Adding transformer optifine.OptiFineTransformer@2a331b46 to Target : PRE_CLASS {Lnet/minecraft/client/OptionInstance$UnitDouble$1;} {} {V}
[16Sep2025 15:20:59.360] [main/DEBUG] [cpw.mods.modlauncher.TransformStore/MODLAUNCHER]: Adding transformer optifine.OptiFineTransformer@2a331b46 to Target : PRE_CLASS {Lnet/minecraft/util/thread/BlockableEventLoop;} {} {V}
[16Sep2025 15:20:59.360] [main/DEBUG] [cpw.mods.modlauncher.TransformStore/MODLAUNCHER]: Adding transformer optifine.OptiFineTransformer@2a331b46 to Target : PRE_CLASS {Lnet/minecraft/client/renderer/RenderStateShard$OverlayStateShard;} {} {V}
[16Sep2025 15:20:59.360] [main/DEBUG] [cpw.mods.modlauncher.TransformStore/MODLAUNCHER]: Adding transformer optifine.OptiFineTransformer@2a331b46 to Target : PRE_CLASS {Lnet/minecraft/client/renderer/debug/ChunkBorderRenderer;} {} {V}
[16Sep2025 15:20:59.360] [main/DEBUG] [cpw.mods.modlauncher.TransformStore/MODLAUNCHER]: Adding transformer optifine.OptiFineTransformer@2a331b46 to Target : PRE_CLASS {Lnet/minecraft/client/renderer/entity/layers/WardenEmissiveLayer;} {} {V}
[16Sep2025 15:20:59.360] [main/DEBUG] [cpw.mods.modlauncher.TransformStore/MODLAUNCHER]: Adding transformer optifine.OptiFineTransformer@2a331b46 to Target : PRE_CLASS {Lnet/minecraft/client/renderer/block/model/ItemOverrides;} {} {V}
[16Sep2025 15:20:59.360] [main/DEBUG] [cpw.mods.modlauncher.TransformStore/MODLAUNCHER]: Adding transformer optifine.OptiFineTransformer@2a331b46 to Target : PRE_CLASS {Lnet/minecraft/client/renderer/FogRenderer;} {} {V}
[16Sep2025 15:20:59.360] [main/DEBUG] [cpw.mods.modlauncher.TransformStore/MODLAUNCHER]: Adding transformer optifine.OptiFineTransformer@2a331b46 to Target : PRE_CLASS {Lnet/minecraft/client/resources/model/Material;} {} {V}
[16Sep2025 15:20:59.360] [main/DEBUG] [cpw.mods.modlauncher.TransformStore/MODLAUNCHER]: Adding transformer optifine.OptiFineTransformer@2a331b46 to Target : PRE_CLASS {Lcom/mojang/blaze3d/platform/GlStateManager$Viewport;} {} {V}
[16Sep2025 15:20:59.360] [main/DEBUG] [cpw.mods.modlauncher.TransformStore/MODLAUNCHER]: Adding transformer optifine.OptiFineTransformer@2a331b46 to Target : PRE_CLASS {Lcom/mojang/blaze3d/vertex/VertexMultiConsumer$Double;} {} {V}
[16Sep2025 15:20:59.361] [main/DEBUG] [cpw.mods.modlauncher.TransformStore/MODLAUNCHER]: Adding transformer optifine.OptiFineTransformer@2a331b46 to Target : PRE_CLASS {Lnet/minecraft/client/renderer/FogRenderer$MobEffectFogFunction;} {} {V}
[16Sep2025 15:20:59.361] [main/DEBUG] [cpw.mods.modlauncher.TransformStore/MODLAUNCHER]: Adding transformer optifine.OptiFineTransformer@2a331b46 to Target : PRE_CLASS {Lcom/mojang/blaze3d/platform/GlStateManager$ColorLogicState;} {} {V}
[16Sep2025 15:20:59.361] [main/DEBUG] [cpw.mods.modlauncher.TransformStore/MODLAUNCHER]: Adding transformer optifine.OptiFineTransformer@2a331b46 to Target : PRE_CLASS {Lnet/minecraft/client/renderer/RenderType$CompositeState;} {} {V}
[16Sep2025 15:20:59.361] [main/DEBUG] [cpw.mods.modlauncher.TransformStore/MODLAUNCHER]: Adding transformer optifine.OptiFineTransformer@2a331b46 to Target : PRE_CLASS {Lcom/mojang/blaze3d/vertex/VertexFormatElement$Usage$SetupState;} {} {V}
[16Sep2025 15:20:59.361] [main/DEBUG] [cpw.mods.modlauncher.TransformStore/MODLAUNCHER]: Adding transformer optifine.OptiFineTransformer@2a331b46 to Target : PRE_CLASS {Lnet/minecraft/client/particle/Particle;} {} {V}
[16Sep2025 15:20:59.361] [main/DEBUG] [cpw.mods.modlauncher.TransformStore/MODLAUNCHER]: Adding transformer optifine.OptiFineTransformer@2a331b46 to Target : PRE_CLASS {Lnet/minecraft/client/renderer/LevelRenderer$TransparencyShaderException;} {} {V}
[16Sep2025 15:20:59.362] [main/DEBUG] [cpw.mods.modlauncher.TransformStore/MODLAUNCHER]: Adding transformer optifine.OptiFineTransformer@2a331b46 to Target : PRE_CLASS {Lnet/minecraft/client/renderer/entity/layers/HumanoidArmorLayer$1;} {} {V}
[16Sep2025 15:20:59.362] [main/DEBUG] [cpw.mods.modlauncher.TransformStore/MODLAUNCHER]: Adding transformer optifine.OptiFineTransformer@2a331b46 to Target : PRE_CLASS {Lnet/minecraft/world/level/entity/EntitySectionStorage;} {} {V}
[16Sep2025 15:20:59.362] [main/DEBUG] [cpw.mods.modlauncher.TransformStore/MODLAUNCHER]: Adding transformer optifine.OptiFineTransformer@2a331b46 to Target : PRE_CLASS {Lnet/minecraft/client/renderer/texture/SimpleTexture$TextureImage;} {} {V}
[16Sep2025 15:20:59.362] [main/DEBUG] [cpw.mods.modlauncher.TransformStore/MODLAUNCHER]: Adding transformer optifine.OptiFineTransformer@2a331b46 to Target : PRE_CLASS {Lnet/minecraft/client/gui/screens/VideoSettingsScreen;} {} {V}
[16Sep2025 15:20:59.362] [main/DEBUG] [cpw.mods.modlauncher.TransformStore/MODLAUNCHER]: Adding transformer optifine.OptiFineTransformer@2a331b46 to Target : PRE_CLASS {Lnet/minecraft/client/renderer/RenderStateShard$BooleanStateShard;} {} {V}
[16Sep2025 15:20:59.362] [main/DEBUG] [cpw.mods.modlauncher.TransformStore/MODLAUNCHER]: Adding transformer optifine.OptiFineTransformer@2a331b46 to Target : PRE_CLASS {Lnet/minecraft/client/multiplayer/ClientChunkCache;} {} {V}
[16Sep2025 15:20:59.362] [main/DEBUG] [cpw.mods.modlauncher.TransformStore/MODLAUNCHER]: Adding transformer optifine.OptiFineTransformer@2a331b46 to Target : PRE_CLASS {Lnet/minecraft/world/item/ItemUtils;} {} {V}
[16Sep2025 15:20:59.363] [main/DEBUG] [cpw.mods.modlauncher.TransformStore/MODLAUNCHER]: Adding transformer optifine.OptiFineTransformer@2a331b46 to Target : PRE_CLASS {Lnet/minecraft/client/renderer/GameRenderer$ResourceCache;} {} {V}
[16Sep2025 15:20:59.363] [main/DEBUG] [cpw.mods.modlauncher.TransformStore/MODLAUNCHER]: Adding transformer optifine.OptiFineTransformer@2a331b46 to Target : PRE_CLASS {Lnet/minecraft/client/renderer/entity/layers/DrownedOuterLayer;} {} {V}
[16Sep2025 15:20:59.363] [main/DEBUG] [cpw.mods.modlauncher.TransformStore/MODLAUNCHER]: Adding transformer optifine.OptiFineTransformer@2a331b46 to Target : PRE_CLASS {Lnet/minecraft/client/KeyboardHandler$1;} {} {V}
[16Sep2025 15:20:59.363] [main/DEBUG] [cpw.mods.modlauncher.TransformStore/MODLAUNCHER]: Adding transformer optifine.OptiFineTransformer@2a331b46 to Target : PRE_CLASS {Lnet/minecraft/client/renderer/block/model/ItemOverrides$PropertyMatcher;} {} {V}
[16Sep2025 15:20:59.363] [main/DEBUG] [cpw.mods.modlauncher.TransformStore/MODLAUNCHER]: Adding transformer optifine.OptiFineTransformer@2a331b46 to Target : PRE_CLASS {Lnet/minecraft/world/level/material/MapColor$Brightness;} {} {V}
[16Sep2025 15:20:59.363] [main/DEBUG] [cpw.mods.modlauncher.TransformStore/MODLAUNCHER]: Adding transformer optifine.OptiFineTransformer@2a331b46 to Target : PRE_CLASS {Lnet/minecraft/client/renderer/entity/EnderDragonRenderer;} {} {V}
[16Sep2025 15:20:59.363] [main/DEBUG] [cpw.mods.modlauncher.TransformStore/MODLAUNCHER]: Adding transformer optifine.OptiFineTransformer@2a331b46 to Target : PRE_CLASS {Lnet/minecraft/client/renderer/texture/TextureAtlasSprite$1;} {} {V}
[16Sep2025 15:20:59.363] [main/DEBUG] [cpw.mods.modlauncher.TransformStore/MODLAUNCHER]: Adding transformer optifine.OptiFineTransformer@2a331b46 to Target : PRE_CLASS {Lnet/minecraft/client/renderer/SpriteCoordinateExpander;} {} {V}
[16Sep2025 15:20:59.364] [main/DEBUG] [cpw.mods.modlauncher.TransformStore/MODLAUNCHER]: Adding transformer optifine.OptiFineTransformer@2a331b46 to Target : PRE_CLASS {Lnet/minecraft/client/renderer/texture/SpriteLoader$Preparations;} {} {V}
[16Sep2025 15:20:59.364] [main/DEBUG] [cpw.mods.modlauncher.TransformStore/MODLAUNCHER]: Adding transformer optifine.OptiFineTransformer@2a331b46 to Target : PRE_CLASS {Lnet/minecraft/client/OptionInstance;} {} {V}
[16Sep2025 15:20:59.364] [main/DEBUG] [cpw.mods.modlauncher.TransformStore/MODLAUNCHER]: Adding transformer optifine.OptiFineTransformer@2a331b46 to Target : PRE_CLASS {Lnet/minecraft/client/renderer/entity/EntityRenderDispatcher;} {} {V}
[16Sep2025 15:20:59.364] [main/DEBUG] [cpw.mods.modlauncher.TransformStore/MODLAUNCHER]: Adding transformer optifine.OptiFineTransformer@2a331b46 to Target : PRE_CLASS {Lnet/minecraft/client/renderer/RenderStateShard$TextureStateShard;} {} {V}
[16Sep2025 15:20:59.364] [main/DEBUG] [cpw.mods.modlauncher.TransformStore/MODLAUNCHER]: Adding transformer optifine.OptiFineTransformer@2a331b46 to Target : PRE_CLASS {Lnet/minecraft/util/valueproviders/ConstantFloat;} {} {V}
[16Sep2025 15:20:59.364] [main/DEBUG] [cpw.mods.modlauncher.TransformStore/MODLAUNCHER]: Adding transformer optifine.OptiFineTransformer@2a331b46 to Target : PRE_CLASS {Lnet/minecraft/client/OptionInstance$CycleableValueSet;} {} {V}
[16Sep2025 15:20:59.364] [main/DEBUG] [cpw.mods.modlauncher.TransformStore/MODLAUNCHER]: Adding transformer optifine.OptiFineTransformer@2a331b46 to Target : PRE_CLASS {Lnet/minecraft/client/gui/Gui;} {} {V}
[16Sep2025 15:20:59.365] [main/DEBUG] [cpw.mods.modlauncher.TransformStore/MODLAUNCHER]: Adding transformer optifine.OptiFineTransformer@2a331b46 to Target : PRE_CLASS {Lnet/minecraft/client/gui/screens/SkinCustomizationScreen;} {} {V}
[16Sep2025 15:20:59.365] [main/DEBUG] [cpw.mods.modlauncher.TransformStore/MODLAUNCHER]: Adding transformer optifine.OptiFineTransformer@2a331b46 to Target : PRE_CLASS {Lcom/mojang/blaze3d/vertex/VertexFormat$Mode;} {} {V}
[16Sep2025 15:20:59.365] [main/DEBUG] [cpw.mods.modlauncher.TransformStore/MODLAUNCHER]: Adding transformer optifine.OptiFineTransformer@2a331b46 to Target : PRE_CLASS {Lnet/minecraft/client/gui/font/providers/BitmapProvider$Glyph$1;} {} {V}
[16Sep2025 15:20:59.365] [main/DEBUG] [cpw.mods.modlauncher.TransformStore/MODLAUNCHER]: Adding transformer optifine.OptiFineTransformer@2a331b46 to Target : PRE_CLASS {Lnet/minecraft/client/renderer/RenderStateShard$MultiTextureStateShard;} {} {V}
[16Sep2025 15:20:59.365] [main/DEBUG] [cpw.mods.modlauncher.TransformStore/MODLAUNCHER]: Adding transformer optifine.OptiFineTransformer@2a331b46 to Target : PRE_CLASS {Lnet/minecraft/client/gui/screens/ReceivingLevelScreen;} {} {V}
[16Sep2025 15:20:59.365] [main/DEBUG] [cpw.mods.modlauncher.TransformStore/MODLAUNCHER]: Adding transformer optifine.OptiFineTransformer@2a331b46 to Target : PRE_CLASS {Lnet/minecraft/client/gui/font/providers/BitmapProvider;} {} {V}
[16Sep2025 15:20:59.365] [main/DEBUG] [cpw.mods.modlauncher.TransformStore/MODLAUNCHER]: Adding transformer optifine.OptiFineTransformer@2a331b46 to Target : PRE_CLASS {Lnet/minecraft/client/gui/screens/TitleScreen;} {} {V}
[16Sep2025 15:20:59.365] [main/DEBUG] [cpw.mods.modlauncher.TransformStore/MODLAUNCHER]: Adding transformer optifine.OptiFineTransformer@2a331b46 to Target : PRE_CLASS {Lcom/mojang/blaze3d/vertex/BufferUploader;} {} {V}
[16Sep2025 15:20:59.365] [main/DEBUG] [cpw.mods.modlauncher.TransformStore/MODLAUNCHER]: Adding transformer optifine.OptiFineTransformer@2a331b46 to Target : PRE_CLASS {Lnet/minecraft/client/renderer/MultiBufferSource$BufferSource;} {} {V}
[16Sep2025 15:20:59.366] [main/DEBUG] [cpw.mods.modlauncher.TransformStore/MODLAUNCHER]: Adding transformer optifine.OptiFineTransformer@2a331b46 to Target : PRE_CLASS {Lnet/minecraft/world/level/ChunkPos;} {} {V}
[16Sep2025 15:20:59.366] [main/DEBUG] [cpw.mods.modlauncher.TransformStore/MODLAUNCHER]: Adding transformer optifine.OptiFineTransformer@2a331b46 to Target : PRE_CLASS {Lnet/minecraft/client/renderer/EffectInstance;} {} {V}
[16Sep2025 15:20:59.366] [main/DEBUG] [cpw.mods.modlauncher.TransformStore/MODLAUNCHER]: Adding transformer optifine.OptiFineTransformer@2a331b46 to Target : PRE_CLASS {Lcom/mojang/blaze3d/systems/RenderSystem$1;} {} {V}
[16Sep2025 15:20:59.366] [main/DEBUG] [cpw.mods.modlauncher.TransformStore/MODLAUNCHER]: Adding transformer optifine.OptiFineTransformer@2a331b46 to Target : PRE_CLASS {Lcom/mojang/blaze3d/platform/GlStateManager$DepthState;} {} {V}
[16Sep2025 15:20:59.366] [main/DEBUG] [cpw.mods.modlauncher.TransformStore/MODLAUNCHER]: Adding transformer optifine.OptiFineTransformer@2a331b46 to Target : PRE_CLASS {Lcom/mojang/blaze3d/vertex/VertexMultiConsumer$Multiple;} {} {V}
[16Sep2025 15:20:59.368] [main/DEBUG] [cpw.mods.modlauncher.TransformStore/MODLAUNCHER]: Adding transformer optifine.OptiFineTransformer@2a331b46 to Target : PRE_CLASS {Lnet/minecraft/client/renderer/block/LiquidBlockRenderer;} {} {V}
[16Sep2025 15:20:59.369] [main/DEBUG] [cpw.mods.modlauncher.TransformStore/MODLAUNCHER]: Adding transformer optifine.OptiFineTransformer@2a331b46 to Target : PRE_CLASS {Lnet/minecraft/client/gui/screens/OnlineOptionsScreen;} {} {V}
[16Sep2025 15:20:59.370] [main/DEBUG] [cpw.mods.modlauncher.TransformStore/MODLAUNCHER]: Adding transformer optifine.OptiFineTransformer@2a331b46 to Target : PRE_CLASS {Lnet/minecraft/client/renderer/block/ModelBlockRenderer$1;} {} {V}
[16Sep2025 15:20:59.370] [main/DEBUG] [cpw.mods.modlauncher.TransformStore/MODLAUNCHER]: Adding transformer optifine.OptiFineTransformer@2a331b46 to Target : PRE_CLASS {Lnet/minecraft/server/level/ChunkMap$TrackedEntity;} {} {V}
[16Sep2025 15:20:59.370] [main/DEBUG] [cpw.mods.modlauncher.TransformStore/MODLAUNCHER]: Adding transformer optifine.OptiFineTransformer@2a331b46 to Target : PRE_CLASS {Lnet/minecraft/client/renderer/block/ModelBlockRenderer$Cache$2;} {} {V}
[16Sep2025 15:20:59.370] [main/DEBUG] [cpw.mods.modlauncher.TransformStore/MODLAUNCHER]: Adding transformer optifine.OptiFineTransformer@2a331b46 to Target : PRE_CLASS {Lnet/minecraft/client/renderer/chunk/ChunkRenderDispatcher$RenderChunk$ChunkCompileTask;} {} {V}
[16Sep2025 15:20:59.370] [main/DEBUG] [cpw.mods.modlauncher.TransformStore/MODLAUNCHER]: Adding transformer optifine.OptiFineTransformer@2a331b46 to Target : PRE_CLASS {Lnet/minecraft/Util$5;} {} {V}
[16Sep2025 15:20:59.370] [main/DEBUG] [cpw.mods.modlauncher.TransformStore/MODLAUNCHER]: Adding transformer optifine.OptiFineTransformer@2a331b46 to Target : PRE_CLASS {Lcom/mojang/blaze3d/platform/GlStateManager$BlendState;} {} {V}
[16Sep2025 15:20:59.370] [main/DEBUG] [cpw.mods.modlauncher.TransformStore/MODLAUNCHER]: Adding transformer optifine.OptiFineTransformer@2a331b46 to Target : PRE_CLASS {Lnet/minecraft/client/OptionInstance$IntRange;} {} {V}
[16Sep2025 15:20:59.371] [main/DEBUG] [cpw.mods.modlauncher.TransformStore/MODLAUNCHER]: Adding transformer optifine.OptiFineTransformer@2a331b46 to Target : PRE_CLASS {Lnet/minecraft/client/server/IntegratedServer;} {} {V}
[16Sep2025 15:20:59.371] [main/DEBUG] [cpw.mods.modlauncher.TransformStore/MODLAUNCHER]: Adding transformer optifine.OptiFineTransformer@2a331b46 to Target : PRE_CLASS {Lcom/mojang/blaze3d/vertex/BufferBuilder$RenderedBuffer;} {} {V}
[16Sep2025 15:20:59.371] [main/DEBUG] [cpw.mods.modlauncher.TransformStore/MODLAUNCHER]: Adding transformer optifine.OptiFineTransformer@2a331b46 to Target : PRE_CLASS {Lnet/minecraft/client/resources/model/ModelBakery$LoadedJson;} {} {V}
[16Sep2025 15:20:59.371] [main/DEBUG] [cpw.mods.modlauncher.TransformStore/MODLAUNCHER]: Adding transformer optifine.OptiFineTransformer@2a331b46 to Target : PRE_CLASS {Lnet/minecraft/client/resources/model/ModelBakery$BlockStateDefinitionException;} {} {V}
[16Sep2025 15:20:59.371] [main/DEBUG] [cpw.mods.modlauncher.TransformStore/MODLAUNCHER]: Adding transformer optifine.OptiFineTransformer@2a331b46 to Target : PRE_CLASS {Lnet/minecraft/client/renderer/RenderType;} {} {V}
[16Sep2025 15:20:59.371] [main/DEBUG] [cpw.mods.modlauncher.TransformStore/MODLAUNCHER]: Adding transformer optifine.OptiFineTransformer@2a331b46 to Target : PRE_CLASS {Lnet/minecraft/world/level/levelgen/blending/Blender$DistanceGetter;} {} {V}
[16Sep2025 15:20:59.371] [main/DEBUG] [cpw.mods.modlauncher.TransformStore/MODLAUNCHER]: Adding transformer optifine.OptiFineTransformer@2a331b46 to Target : PRE_CLASS {Lnet/minecraft/server/level/DistanceManager$PlayerTicketTracker;} {} {V}
[16Sep2025 15:20:59.372] [main/DEBUG] [cpw.mods.modlauncher.TransformStore/MODLAUNCHER]: Adding transformer optifine.OptiFineTransformer@2a331b46 to Target : PRE_CLASS {Lnet/minecraft/server/packs/VanillaPackResources;} {} {V}
[16Sep2025 15:20:59.372] [main/DEBUG] [cpw.mods.modlauncher.TransformStore/MODLAUNCHER]: Adding transformer optifine.OptiFineTransformer@2a331b46 to Target : PRE_CLASS {Lnet/minecraft/client/renderer/texture/MissingTextureAtlasSprite;} {} {V}
[16Sep2025 15:20:59.372] [main/DEBUG] [cpw.mods.modlauncher.TransformStore/MODLAUNCHER]: Adding transformer optifine.OptiFineTransformer@2a331b46 to Target : PRE_CLASS {Lnet/minecraft/client/renderer/entity/LivingEntityRenderer;} {} {V}
[16Sep2025 15:20:59.372] [main/DEBUG] [cpw.mods.modlauncher.TransformStore/MODLAUNCHER]: Adding transformer optifine.OptiFineTransformer@2a331b46 to Target : PRE_CLASS {Lnet/minecraft/client/renderer/chunk/ChunkRenderDispatcher$ChunkTaskResult;} {} {V}
[16Sep2025 15:20:59.372] [main/DEBUG] [cpw.mods.modlauncher.TransformStore/MODLAUNCHER]: Adding transformer optifine.OptiFineTransformer@2a331b46 to Target : PRE_CLASS {Lnet/minecraft/client/gui/components/CycleButton$ValueListSupplier;} {} {V}
[16Sep2025 15:20:59.372] [main/DEBUG] [cpw.mods.modlauncher.TransformStore/MODLAUNCHER]: Adding transformer optifine.OptiFineTransformer@2a331b46 to Target : PRE_CLASS {Lnet/minecraft/client/model/geom/ModelPart$Cube;} {} {V}
[16Sep2025 15:20:59.372] [main/DEBUG] [cpw.mods.modlauncher.TransformStore/MODLAUNCHER]: Adding transformer optifine.OptiFineTransformer@2a331b46 to Target : PRE_CLASS {Lnet/minecraft/client/gui/components/BossHealthOverlay;} {} {V}
[16Sep2025 15:20:59.373] [main/DEBUG] [cpw.mods.modlauncher.TransformStore/MODLAUNCHER]: Adding transformer optifine.OptiFineTransformer@2a331b46 to Target : PRE_CLASS {Lnet/minecraft/server/level/DistanceManager$ChunkTicketTracker;} {} {V}
[16Sep2025 15:20:59.373] [main/DEBUG] [cpw.mods.modlauncher.TransformStore/MODLAUNCHER]: Adding transformer optifine.OptiFineTransformer@2a331b46 to Target : PRE_CLASS {Lnet/minecraft/client/renderer/RenderStateShard$EmptyTextureStateShard;} {} {V}
[16Sep2025 15:20:59.373] [main/DEBUG] [cpw.mods.modlauncher.TransformStore/MODLAUNCHER]: Adding transformer optifine.OptiFineTransformer@2a331b46 to Target : PRE_CLASS {Lnet/minecraft/client/renderer/entity/layers/MushroomCowMushroomLayer;} {} {V}
[16Sep2025 15:20:59.373] [main/DEBUG] [cpw.mods.modlauncher.TransformStore/MODLAUNCHER]: Adding transformer optifine.OptiFineTransformer@2a331b46 to Target : PRE_CLASS {Lnet/minecraft/client/renderer/chunk/ChunkRenderDispatcher$RenderChunk$RebuildTask$CompileResults;} {} {V}
[16Sep2025 15:20:59.373] [main/DEBUG] [cpw.mods.modlauncher.TransformStore/MODLAUNCHER]: Adding transformer optifine.OptiFineTransformer@2a331b46 to Target : PRE_CLASS {Lnet/minecraft/client/gui/components/CycleButton$ValueListSupplier$1;} {} {V}
[16Sep2025 15:20:59.373] [main/DEBUG] [cpw.mods.modlauncher.TransformStore/MODLAUNCHER]: Adding transformer optifine.OptiFineTransformer@2a331b46 to Target : PRE_CLASS {Lnet/minecraft/client/particle/ParticleEngine$SpriteParticleRegistration;} {} {V}
[16Sep2025 15:20:59.373] [main/DEBUG] [cpw.mods.modlauncher.TransformStore/MODLAUNCHER]: Adding transformer optifine.OptiFineTransformer@2a331b46 to Target : PRE_CLASS {Lnet/minecraft/network/syncher/SynchedEntityData;} {} {V}
[16Sep2025 15:20:59.373] [main/DEBUG] [cpw.mods.modlauncher.TransformStore/MODLAUNCHER]: Adding transformer optifine.OptiFineTransformer@2a331b46 to Target : PRE_CLASS {Lnet/minecraft/util/Mth;} {} {V}
[16Sep2025 15:20:59.373] [main/DEBUG] [cpw.mods.modlauncher.TransformStore/MODLAUNCHER]: Adding transformer optifine.OptiFineTransformer@2a331b46 to Target : PRE_CLASS {Lcom/mojang/blaze3d/vertex/VertexFormatElement$Usage$ClearState;} {} {V}
[16Sep2025 15:20:59.374] [main/DEBUG] [cpw.mods.modlauncher.TransformStore/MODLAUNCHER]: Adding transformer optifine.OptiFineTransformer@2a331b46 to Target : PRE_CLASS {Lcom/mojang/blaze3d/platform/NativeImage;} {} {V}
[16Sep2025 15:20:59.374] [main/DEBUG] [cpw.mods.modlauncher.TransformStore/MODLAUNCHER]: Adding transformer optifine.OptiFineTransformer@2a331b46 to Target : PRE_CLASS {Lnet/minecraft/CrashReport;} {} {V}
[16Sep2025 15:20:59.374] [main/DEBUG] [cpw.mods.modlauncher.TransformStore/MODLAUNCHER]: Adding transformer optifine.OptiFineTransformer@2a331b46 to Target : PRE_CLASS {Lnet/minecraft/client/renderer/RenderStateShard$ColorLogicStateShard;} {} {V}
[16Sep2025 15:20:59.374] [main/DEBUG] [cpw.mods.modlauncher.TransformStore/MODLAUNCHER]: Adding transformer optifine.OptiFineTransformer@2a331b46 to Target : PRE_CLASS {Lnet/minecraft/client/resources/model/BakedModel;} {} {V}
[16Sep2025 15:20:59.374] [main/DEBUG] [cpw.mods.modlauncher.TransformStore/MODLAUNCHER]: Adding transformer optifine.OptiFineTransformer@2a331b46 to Target : PRE_CLASS {Lnet/minecraft/client/renderer/ItemInHandRenderer$1;} {} {V}
[16Sep2025 15:20:59.374] [main/DEBUG] [cpw.mods.modlauncher.TransformStore/MODLAUNCHER]: Adding transformer optifine.OptiFineTransformer@2a331b46 to Target : PRE_CLASS {Lnet/minecraft/world/level/levelgen/blending/Blender$1;} {} {V}
[16Sep2025 15:20:59.374] [main/DEBUG] [cpw.mods.modlauncher.TransformStore/MODLAUNCHER]: Adding transformer optifine.OptiFineTransformer@2a331b46 to Target : PRE_CLASS {Lnet/minecraft/world/level/levelgen/blending/Blender$BlendingOutput;} {} {V}
[16Sep2025 15:20:59.374] [main/DEBUG] [cpw.mods.modlauncher.TransformStore/MODLAUNCHER]: Adding transformer optifine.OptiFineTransformer@2a331b46 to Target : PRE_CLASS {Lnet/minecraft/Util$OS$2;} {} {V}
[16Sep2025 15:20:59.374] [main/DEBUG] [cpw.mods.modlauncher.TransformStore/MODLAUNCHER]: Adding transformer optifine.OptiFineTransformer@2a331b46 to Target : PRE_CLASS {Lnet/minecraft/util/ClassInstanceMultiMap;} {} {V}
[16Sep2025 15:20:59.374] [main/DEBUG] [cpw.mods.modlauncher.TransformStore/MODLAUNCHER]: Adding transformer optifine.OptiFineTransformer@2a331b46 to Target : PRE_CLASS {Lnet/minecraft/client/resources/language/ClientLanguage;} {} {V}
[16Sep2025 15:20:59.374] [main/DEBUG] [cpw.mods.modlauncher.TransformStore/MODLAUNCHER]: Adding transformer optifine.OptiFineTransformer@2a331b46 to Target : PRE_CLASS {Lnet/minecraft/client/renderer/blockentity/BlockEntityRenderDispatcher;} {} {V}
[16Sep2025 15:20:59.375] [main/DEBUG] [cpw.mods.modlauncher.TransformStore/MODLAUNCHER]: Adding transformer optifine.OptiFineTransformer@2a331b46 to Target : PRE_CLASS {Lnet/minecraft/client/renderer/chunk/ChunkRenderDispatcher$CompiledChunk;} {} {V}
[16Sep2025 15:20:59.375] [main/DEBUG] [cpw.mods.modlauncher.TransformStore/MODLAUNCHER]: Adding transformer optifine.OptiFineTransformer@2a331b46 to Target : PRE_CLASS {Lnet/minecraft/world/level/block/state/BlockState;} {} {V}
[16Sep2025 15:20:59.375] [main/DEBUG] [cpw.mods.modlauncher.TransformStore/MODLAUNCHER]: Adding transformer optifine.OptiFineTransformer@2a331b46 to Target : PRE_CLASS {Lcom/mojang/blaze3d/systems/RenderSystem$AutoStorageIndexBuffer;} {} {V}
[16Sep2025 15:20:59.375] [main/DEBUG] [cpw.mods.modlauncher.TransformStore/MODLAUNCHER]: Adding transformer optifine.OptiFineTransformer@2a331b46 to Target : PRE_CLASS {Lnet/minecraft/client/resources/metadata/animation/AnimationMetadataSection$1;} {} {V}
[16Sep2025 15:20:59.375] [main/DEBUG] [cpw.mods.modlauncher.TransformStore/MODLAUNCHER]: Adding transformer optifine.OptiFineTransformer@2a331b46 to Target : PRE_CLASS {Lcom/mojang/blaze3d/vertex/VertexFormatElement;} {} {V}
[16Sep2025 15:20:59.375] [main/DEBUG] [cpw.mods.modlauncher.TransformStore/MODLAUNCHER]: Adding transformer optifine.OptiFineTransformer@2a331b46 to Target : PRE_CLASS {Lnet/minecraft/Util$7;} {} {V}
[16Sep2025 15:20:59.375] [main/DEBUG] [cpw.mods.modlauncher.TransformStore/MODLAUNCHER]: Adding transformer optifine.OptiFineTransformer@2a331b46 to Target : PRE_CLASS {Lcom/mojang/blaze3d/vertex/BufferBuilder$1;} {} {V}
[16Sep2025 15:20:59.375] [main/DEBUG] [cpw.mods.modlauncher.TransformStore/MODLAUNCHER]: Adding transformer optifine.OptiFineTransformer@2a331b46 to Target : PRE_CLASS {Lnet/minecraft/client/Options$1;} {} {V}
[16Sep2025 15:20:59.375] [main/DEBUG] [cpw.mods.modlauncher.TransformStore/MODLAUNCHER]: Adding transformer optifine.OptiFineTransformer@2a331b46 to Target : PRE_CLASS {Lnet/minecraft/util/CubicSampler$Vec3Fetcher;} {} {V}
[16Sep2025 15:20:59.375] [main/DEBUG] [cpw.mods.modlauncher.TransformStore/MODLAUNCHER]: Adding transformer optifine.OptiFineTransformer@2a331b46 to Target : PRE_CLASS {Lnet/minecraft/world/level/chunk/LevelChunkSection$BlockCounter;} {} {V}
[16Sep2025 15:20:59.376] [main/DEBUG] [cpw.mods.modlauncher.TransformStore/MODLAUNCHER]: Adding transformer optifine.OptiFineTransformer@2a331b46 to Target : PRE_CLASS {Lnet/minecraft/util/SimpleBitStorage$InitializationException;} {} {V}
[16Sep2025 15:20:59.376] [main/DEBUG] [cpw.mods.modlauncher.TransformStore/MODLAUNCHER]: Adding transformer optifine.OptiFineTransformer@2a331b46 to Target : PRE_CLASS {Lnet/minecraft/client/renderer/RenderStateShard$LayeringStateShard;} {} {V}
[16Sep2025 15:20:59.376] [main/DEBUG] [cpw.mods.modlauncher.TransformStore/MODLAUNCHER]: Adding transformer optifine.OptiFineTransformer@2a331b46 to Target : PRE_CLASS {Lnet/minecraft/client/renderer/texture/TextureAtlasSprite$Ticker;} {} {V}
[16Sep2025 15:20:59.376] [main/DEBUG] [cpw.mods.modlauncher.TransformStore/MODLAUNCHER]: Adding transformer optifine.OptiFineTransformer@2a331b46 to Target : PRE_CLASS {Lnet/minecraft/client/renderer/texture/SpriteContents$FrameInfo;} {} {V}
[16Sep2025 15:20:59.376] [main/DEBUG] [cpw.mods.modlauncher.TransformStore/MODLAUNCHER]: Adding transformer optifine.OptiFineTransformer@2a331b46 to Target : PRE_CLASS {Lnet/minecraft/client/renderer/block/LiquidBlockRenderer$1;} {} {V}
[16Sep2025 15:20:59.376] [main/DEBUG] [cpw.mods.modlauncher.TransformStore/MODLAUNCHER]: Adding transformer optifine.OptiFineTransformer@2a331b46 to Target : PRE_CLASS {Lnet/minecraft/client/renderer/chunk/ChunkRenderDispatcher$RenderChunk;} {} {V}
[16Sep2025 15:20:59.376] [main/DEBUG] [cpw.mods.modlauncher.TransformStore/MODLAUNCHER]: Adding transformer optifine.OptiFineTransformer@2a331b46 to Target : PRE_CLASS {Lnet/minecraft/client/gui/components/BossHealthOverlay$1;} {} {V}
[16Sep2025 15:20:59.376] [main/DEBUG] [cpw.mods.modlauncher.TransformStore/MODLAUNCHER]: Adding transformer optifine.OptiFineTransformer@2a331b46 to Target : PRE_CLASS {Lcom/mojang/blaze3d/platform/NativeImage$WriteCallback;} {} {V}
[16Sep2025 15:20:59.376] [main/DEBUG] [cpw.mods.modlauncher.TransformStore/MODLAUNCHER]: Adding transformer optifine.OptiFineTransformer@2a331b46 to Target : PRE_CLASS {Lcom/mojang/blaze3d/vertex/VertexBuffer$Usage;} {} {V}
[16Sep2025 15:20:59.376] [main/DEBUG] [cpw.mods.modlauncher.TransformStore/MODLAUNCHER]: Adding transformer optifine.OptiFineTransformer@2a331b46 to Target : PRE_CLASS {Lcom/mojang/blaze3d/shaders/Program;} {} {V}
[16Sep2025 15:20:59.377] [main/DEBUG] [cpw.mods.modlauncher.TransformStore/MODLAUNCHER]: Adding transformer optifine.OptiFineTransformer@2a331b46 to Target : PRE_CLASS {Lnet/minecraft/client/Screenshot;} {} {V}
[16Sep2025 15:20:59.377] [main/DEBUG] [cpw.mods.modlauncher.TransformStore/MODLAUNCHER]: Adding transformer optifine.OptiFineTransformer@2a331b46 to Target : PRE_CLASS {Lnet/minecraft/client/multiplayer/ClientLevel$1;} {} {V}
[16Sep2025 15:20:59.377] [main/DEBUG] [cpw.mods.modlauncher.TransformStore/MODLAUNCHER]: Adding transformer optifine.OptiFineTransformer@2a331b46 to Target : PRE_CLASS {Lnet/minecraft/client/renderer/RenderStateShard$ShaderStateShard;} {} {V}
[16Sep2025 15:20:59.377] [main/DEBUG] [cpw.mods.modlauncher.TransformStore/MODLAUNCHER]: Adding transformer optifine.OptiFineTransformer@2a331b46 to Target : PRE_CLASS {Lnet/minecraft/Util$9;} {} {V}
[16Sep2025 15:20:59.377] [main/DEBUG] [cpw.mods.modlauncher.TransformStore/MODLAUNCHER]: Adding transformer optifine.OptiFineTransformer@2a331b46 to Target : PRE_CLASS {Lcom/mojang/blaze3d/platform/GlStateManager$LogicOp;} {} {V}
[16Sep2025 15:20:59.377] [main/DEBUG] [cpw.mods.modlauncher.TransformStore/MODLAUNCHER]: Adding transformer optifine.OptiFineTransformer@2a331b46 to Target : PRE_CLASS {Lnet/minecraft/client/renderer/entity/layers/HumanoidArmorLayer;} {} {V}
[16Sep2025 15:20:59.377] [main/DEBUG] [cpw.mods.modlauncher.TransformStore/MODLAUNCHER]: Adding transformer optifine.OptiFineTransformer@2a331b46 to Target : PRE_CLASS {Lnet/minecraft/client/renderer/texture/Stitcher$Entry;} {} {V}
[16Sep2025 15:20:59.377] [main/DEBUG] [cpw.mods.modlauncher.TransformStore/MODLAUNCHER]: Adding transformer optifine.OptiFineTransformer@2a331b46 to Target : PRE_CLASS {Lnet/minecraft/client/renderer/chunk/ChunkRenderDispatcher;} {} {V}
[16Sep2025 15:20:59.377] [main/DEBUG] [cpw.mods.modlauncher.TransformStore/MODLAUNCHER]: Adding transformer optifine.OptiFineTransformer@2a331b46 to Target : PRE_CLASS {Lnet/minecraft/client/renderer/texture/SpriteContents$AnimatedTexture;} {} {V}
[16Sep2025 15:20:59.377] [main/DEBUG] [cpw.mods.modlauncher.TransformStore/MODLAUNCHER]: Adding transformer optifine.OptiFineTransformer@2a331b46 to Target : PRE_CLASS {Lnet/minecraft/client/renderer/RenderStateShard$LineStateShard;} {} {V}
[16Sep2025 15:20:59.377] [main/DEBUG] [cpw.mods.modlauncher.TransformStore/MODLAUNCHER]: Adding transformer optifine.OptiFineTransformer@2a331b46 to Target : PRE_CLASS {Lnet/minecraft/world/level/chunk/PalettedContainer$Configuration;} {} {V}
[16Sep2025 15:20:59.378] [main/DEBUG] [cpw.mods.modlauncher.TransformStore/MODLAUNCHER]: Adding transformer optifine.OptiFineTransformer@2a331b46 to Target : PRE_CLASS {Lcom/mojang/blaze3d/vertex/VertexMultiConsumer;} {} {V}
[16Sep2025 15:20:59.378] [main/DEBUG] [cpw.mods.modlauncher.TransformStore/MODLAUNCHER]: Adding transformer optifine.OptiFineTransformer@2a331b46 to Target : PRE_CLASS {Lnet/minecraft/client/renderer/RenderStateShard$LightmapStateShard;} {} {V}
[16Sep2025 15:20:59.378] [main/DEBUG] [cpw.mods.modlauncher.TransformStore/MODLAUNCHER]: Adding transformer optifine.OptiFineTransformer@2a331b46 to Target : PRE_CLASS {Lnet/minecraft/util/profiling/ActiveProfiler$PathEntry;} {} {V}
[16Sep2025 15:20:59.378] [main/DEBUG] [cpw.mods.modlauncher.TransformStore/MODLAUNCHER]: Adding transformer optifine.OptiFineTransformer@2a331b46 to Target : PRE_CLASS {Lnet/minecraft/core/Direction$Axis$3;} {} {V}
[16Sep2025 15:20:59.378] [main/DEBUG] [cpw.mods.modlauncher.TransformStore/MODLAUNCHER]: Adding transformer optifine.OptiFineTransformer@2a331b46 to Target : PRE_CLASS {Lcom/mojang/blaze3d/vertex/VertexFormatElement$Type;} {} {V}
[16Sep2025 15:20:59.378] [main/DEBUG] [cpw.mods.modlauncher.TransformStore/MODLAUNCHER]: Adding transformer optifine.OptiFineTransformer@2a331b46 to Target : PRE_CLASS {Lnet/minecraft/client/model/ModelUtils;} {} {V}
[16Sep2025 15:20:59.378] [main/DEBUG] [cpw.mods.modlauncher.TransformStore/MODLAUNCHER]: Adding transformer optifine.OptiFineTransformer@2a331b46 to Target : PRE_CLASS {Lnet/minecraft/client/renderer/LevelRenderer$RenderChunkStorage;} {} {V}
[16Sep2025 15:20:59.378] [main/DEBUG] [cpw.mods.modlauncher.TransformStore/MODLAUNCHER]: Adding transformer optifine.OptiFineTransformer@2a331b46 to Target : PRE_CLASS {Lnet/minecraft/client/renderer/block/model/FaceBakery;} {} {V}
[16Sep2025 15:20:59.378] [main/DEBUG] [cpw.mods.modlauncher.TransformStore/MODLAUNCHER]: Adding transformer optifine.OptiFineTransformer@2a331b46 to Target : PRE_CLASS {Lnet/minecraft/client/renderer/entity/layers/WolfCollarLayer;} {} {V}
[16Sep2025 15:20:59.378] [main/DEBUG] [cpw.mods.modlauncher.TransformStore/MODLAUNCHER]: Adding transformer optifine.OptiFineTransformer@2a331b46 to Target : PRE_CLASS {Lcom/mojang/blaze3d/shaders/Program$Type;} {} {V}
[16Sep2025 15:20:59.378] [main/DEBUG] [cpw.mods.modlauncher.TransformStore/MODLAUNCHER]: Adding transformer optifine.OptiFineTransformer@2a331b46 to Target : PRE_CLASS {Lnet/minecraft/client/renderer/texture/atlas/sources/SingleFile;} {} {V}
[16Sep2025 15:20:59.378] [main/DEBUG] [cpw.mods.modlauncher.TransformStore/MODLAUNCHER]: Adding transformer optifine.OptiFineTransformer@2a331b46 to Target : PRE_CLASS {Lnet/minecraft/server/level/DistanceManager$FixedPlayerDistanceChunkTracker;} {} {V}
[16Sep2025 15:20:59.379] [main/DEBUG] [cpw.mods.modlauncher.TransformStore/MODLAUNCHER]: Adding transformer optifine.OptiFineTransformer@2a331b46 to Target : PRE_CLASS {Lcom/mojang/blaze3d/platform/Monitor;} {} {V}
[16Sep2025 15:20:59.379] [main/DEBUG] [cpw.mods.modlauncher.TransformStore/MODLAUNCHER]: Adding transformer optifine.OptiFineTransformer@2a331b46 to Target : PRE_CLASS {Lnet/minecraft/client/OptionInstance$OptionInstanceSliderButton;} {} {V}
[16Sep2025 15:20:59.379] [main/DEBUG] [cpw.mods.modlauncher.TransformStore/MODLAUNCHER]: Adding transformer optifine.OptiFineTransformer@2a331b46 to Target : PRE_CLASS {Lnet/minecraft/world/level/material/MapColor;} {} {V}
[16Sep2025 15:20:59.379] [main/DEBUG] [cpw.mods.modlauncher.TransformStore/MODLAUNCHER]: Adding transformer optifine.OptiFineTransformer@2a331b46 to Target : PRE_CLASS {Lnet/minecraft/client/renderer/texture/SpriteTicker;} {} {V}
[16Sep2025 15:20:59.379] [main/DEBUG] [cpw.mods.modlauncher.TransformStore/MODLAUNCHER]: Adding transformer optifine.OptiFineTransformer@2a331b46 to Target : PRE_CLASS {Lnet/minecraft/client/renderer/LightTexture;} {} {V}
[16Sep2025 15:20:59.379] [main/DEBUG] [cpw.mods.modlauncher.TransformStore/MODLAUNCHER]: Adding transformer optifine.OptiFineTransformer@2a331b46 to Target : PRE_CLASS {Lnet/minecraft/client/renderer/FogRenderer$BlindnessFogFunction;} {} {V}
[16Sep2025 15:20:59.379] [main/DEBUG] [cpw.mods.modlauncher.TransformStore/MODLAUNCHER]: Adding transformer optifine.OptiFineTransformer@2a331b46 to Target : PRE_CLASS {Lcom/mojang/blaze3d/vertex/BufferBuilder;} {} {V}
[16Sep2025 15:20:59.379] [main/DEBUG] [cpw.mods.modlauncher.TransformStore/MODLAUNCHER]: Adding transformer optifine.OptiFineTransformer@2a331b46 to Target : PRE_CLASS {Lcom/mojang/blaze3d/platform/Window$WindowInitFailed;} {} {V}
[16Sep2025 15:20:59.379] [main/DEBUG] [cpw.mods.modlauncher.TransformStore/MODLAUNCHER]: Adding transformer optifine.OptiFineTransformer@2a331b46 to Target : PRE_CLASS {Lnet/minecraft/client/renderer/RenderStateShard$CullStateShard;} {} {V}
[16Sep2025 15:20:59.379] [main/DEBUG] [cpw.mods.modlauncher.TransformStore/MODLAUNCHER]: Adding transformer optifine.OptiFineTransformer@2a331b46 to Target : PRE_CLASS {Lnet/minecraft/server/packs/PathPackResources;} {} {V}
[16Sep2025 15:20:59.379] [main/DEBUG] [cpw.mods.modlauncher.TransformStore/MODLAUNCHER]: Adding transformer optifine.OptiFineTransformer@2a331b46 to Target : PRE_CLASS {Lnet/minecraft/client/model/geom/ModelPart$Visitor;} {} {V}
[16Sep2025 15:20:59.380] [main/DEBUG] [cpw.mods.modlauncher.TransformStore/MODLAUNCHER]: Adding transformer optifine.OptiFineTransformer@2a331b46 to Target : PRE_CLASS {Lnet/minecraft/client/OptionInstance$Enum;} {} {V}
[16Sep2025 15:20:59.380] [main/DEBUG] [cpw.mods.modlauncher.TransformStore/MODLAUNCHER]: Adding transformer optifine.OptiFineTransformer@2a331b46 to Target : PRE_CLASS {Lnet/minecraft/client/renderer/RenderStateShard$OffsetTexturingStateShard;} {} {V}
[16Sep2025 15:20:59.380] [main/DEBUG] [cpw.mods.modlauncher.TransformStore/MODLAUNCHER]: Adding transformer optifine.OptiFineTransformer@2a331b46 to Target : PRE_CLASS {Lnet/minecraft/client/gui/components/DebugScreenOverlay$AllocationRateCalculator;} {} {V}
[16Sep2025 15:20:59.380] [main/DEBUG] [cpw.mods.modlauncher.TransformStore/MODLAUNCHER]: Adding transformer optifine.OptiFineTransformer@2a331b46 to Target : PRE_CLASS {Lnet/minecraft/client/renderer/texture/atlas/SpriteResourceLoader;} {} {V}
[16Sep2025 15:20:59.380] [main/DEBUG] [cpw.mods.modlauncher.TransformStore/MODLAUNCHER]: Adding transformer optifine.OptiFineTransformer@2a331b46 to Target : PRE_CLASS {Lnet/minecraft/Util$6;} {} {V}
[16Sep2025 15:20:59.380] [main/DEBUG] [cpw.mods.modlauncher.TransformStore/MODLAUNCHER]: Adding transformer optifine.OptiFineTransformer@2a331b46 to Target : PRE_CLASS {Lnet/minecraft/client/gui/components/ChatComponent;} {} {V}
[16Sep2025 15:20:59.380] [main/DEBUG] [cpw.mods.modlauncher.TransformStore/MODLAUNCHER]: Adding transformer optifine.OptiFineTransformer@2a331b46 to Target : PRE_CLASS {Lnet/minecraft/client/gui/MapRenderer;} {} {V}
[16Sep2025 15:20:59.380] [main/DEBUG] [cpw.mods.modlauncher.TransformStore/MODLAUNCHER]: Adding transformer optifine.OptiFineTransformer@2a331b46 to Target : PRE_CLASS {Lnet/minecraft/resources/ResourceLocation$Serializer;} {} {V}
[16Sep2025 15:20:59.380] [main/DEBUG] [cpw.mods.modlauncher.TransformStore/MODLAUNCHER]: Adding transformer optifine.OptiFineTransformer@2a331b46 to Target : PRE_CLASS {Lnet/minecraft/client/renderer/texture/SpriteContents$InterpolationData;} {} {V}
[16Sep2025 15:20:59.380] [main/DEBUG] [cpw.mods.modlauncher.TransformStore/MODLAUNCHER]: Adding transformer optifine.OptiFineTransformer@2a331b46 to Target : PRE_CLASS {Lnet/minecraft/client/renderer/entity/LivingEntityRenderer$1;} {} {V}
[16Sep2025 15:20:59.380] [main/DEBUG] [cpw.mods.modlauncher.TransformStore/MODLAUNCHER]: Adding transformer optifine.OptiFineTransformer@2a331b46 to Target : PRE_CLASS {Lnet/minecraft/client/renderer/texture/TextureManager;} {} {V}
[16Sep2025 15:20:59.381] [main/DEBUG] [cpw.mods.modlauncher.TransformStore/MODLAUNCHER]: Adding transformer optifine.OptiFineTransformer@2a331b46 to Target : PRE_CLASS {Lnet/minecraft/client/resources/model/ModelBakery;} {} {V}
[16Sep2025 15:20:59.381] [main/DEBUG] [cpw.mods.modlauncher.TransformStore/MODLAUNCHER]: Adding transformer optifine.OptiFineTransformer@2a331b46 to Target : PRE_CLASS {Lnet/minecraft/client/resources/model/ModelBakery$BakedCacheKey;} {} {V}
[16Sep2025 15:20:59.381] [main/DEBUG] [cpw.mods.modlauncher.TransformStore/MODLAUNCHER]: Adding transformer optifine.OptiFineTransformer@2a331b46 to Target : PRE_CLASS {Lnet/minecraft/client/renderer/entity/layers/SheepFurLayer;} {} {V}
[16Sep2025 15:20:59.381] [main/DEBUG] [cpw.mods.modlauncher.TransformStore/MODLAUNCHER]: Adding transformer optifine.OptiFineTransformer@2a331b46 to Target : PRE_CLASS {Lnet/minecraft/client/renderer/texture/SpriteContents;} {} {V}
[16Sep2025 15:20:59.381] [main/DEBUG] [cpw.mods.modlauncher.TransformStore/MODLAUNCHER]: Adding transformer optifine.OptiFineTransformer@2a331b46 to Target : PRE_CLASS {Lnet/minecraft/client/renderer/entity/EntityRenderers;} {} {V}
[16Sep2025 15:20:59.381] [main/DEBUG] [cpw.mods.modlauncher.TransformStore/MODLAUNCHER]: Adding transformer optifine.OptiFineTransformer@2a331b46 to Target : PRE_CLASS {Lnet/minecraft/client/gui/components/DebugScreenOverlay;} {} {V}
[16Sep2025 15:20:59.381] [main/DEBUG] [cpw.mods.modlauncher.TransformStore/MODLAUNCHER]: Adding transformer optifine.OptiFineTransformer@2a331b46 to Target : PRE_CLASS {Lnet/minecraft/core/Direction;} {} {V}
[16Sep2025 15:20:59.381] [main/DEBUG] [cpw.mods.modlauncher.TransformStore/MODLAUNCHER]: Adding transformer optifine.OptiFineTransformer@2a331b46 to Target : PRE_CLASS {Lnet/minecraft/client/particle/ItemPickupParticle;} {} {V}
[16Sep2025 15:20:59.381] [main/DEBUG] [cpw.mods.modlauncher.TransformStore/MODLAUNCHER]: Adding transformer optifine.OptiFineTransformer@2a331b46 to Target : PRE_CLASS {Lcom/mojang/blaze3d/platform/GlStateManager$StencilState;} {} {V}
[16Sep2025 15:20:59.381] [main/DEBUG] [cpw.mods.modlauncher.TransformStore/MODLAUNCHER]: Adding transformer optifine.OptiFineTransformer@2a331b46 to Target : PRE_CLASS {Lnet/minecraft/client/OptionInstance$AltEnum;} {} {V}
[16Sep2025 15:20:59.382] [main/DEBUG] [cpw.mods.modlauncher.TransformStore/MODLAUNCHER]: Adding transformer optifine.OptiFineTransformer@2a331b46 to Target : PRE_CLASS {Lnet/minecraft/client/Camera;} {} {V}
[16Sep2025 15:20:59.382] [main/DEBUG] [cpw.mods.modlauncher.TransformStore/MODLAUNCHER]: Adding transformer optifine.OptiFineTransformer@2a331b46 to Target : PRE_CLASS {Lnet/minecraft/world/entity/Mob;} {} {V}
[16Sep2025 15:20:59.382] [main/DEBUG] [cpw.mods.modlauncher.TransformStore/MODLAUNCHER]: Adding transformer optifine.OptiFineTransformer@2a331b46 to Target : PRE_CLASS {Lnet/minecraft/util/BitStorage;} {} {V}
[16Sep2025 15:20:59.382] [main/DEBUG] [cpw.mods.modlauncher.TransformStore/MODLAUNCHER]: Adding transformer optifine.OptiFineTransformer@2a331b46 to Target : PRE_CLASS {Lnet/minecraft/world/item/DyeColor;} {} {V}
[16Sep2025 15:20:59.382] [main/DEBUG] [cpw.mods.modlauncher.TransformStore/MODLAUNCHER]: Adding transformer optifine.OptiFineTransformer@2a331b46 to Target : PRE_CLASS {Lnet/minecraft/client/renderer/FogRenderer$FogMode;} {} {V}
[16Sep2025 15:20:59.382] [main/DEBUG] [cpw.mods.modlauncher.TransformStore/MODLAUNCHER]: Adding transformer optifine.OptiFineTransformer@2a331b46 to Target : PRE_CLASS {Lnet/minecraft/client/renderer/entity/MobRenderer;} {} {V}
[16Sep2025 15:20:59.382] [main/DEBUG] [cpw.mods.modlauncher.TransformStore/MODLAUNCHER]: Adding transformer optifine.OptiFineTransformer@2a331b46 to Target : PRE_CLASS {Lnet/minecraft/client/Options$3;} {} {V}
[16Sep2025 15:20:59.382] [main/DEBUG] [cpw.mods.modlauncher.TransformStore/MODLAUNCHER]: Adding transformer optifine.OptiFineTransformer@2a331b46 to Target : PRE_CLASS {Lcom/mojang/blaze3d/vertex/BufferBuilder$SortState;} {} {V}
[16Sep2025 15:20:59.382] [main/DEBUG] [cpw.mods.modlauncher.TransformStore/MODLAUNCHER]: Adding transformer optifine.OptiFineTransformer@2a331b46 to Target : PRE_CLASS {Lnet/minecraft/resources/ResourceLocation$Dummy;} {} {V}
[16Sep2025 15:20:59.382] [main/DEBUG] [cpw.mods.modlauncher.TransformStore/MODLAUNCHER]: Adding transformer optifine.OptiFineTransformer@2a331b46 to Target : PRE_CLASS {Lnet/minecraft/client/OptionInstance$CaptionBasedToString;} {} {V}
[16Sep2025 15:20:59.383] [main/DEBUG] [cpw.mods.modlauncher.TransformStore/MODLAUNCHER]: Adding transformer optifine.OptiFineTransformer@2a331b46 to Target : PRE_CLASS {Lnet/minecraft/client/renderer/ViewArea;} {} {V}
[16Sep2025 15:20:59.383] [main/DEBUG] [cpw.mods.modlauncher.TransformStore/MODLAUNCHER]: Adding transformer optifine.OptiFineTransformer@2a331b46 to Target : PRE_CLASS {Lnet/minecraft/client/renderer/texture/atlas/SpriteResourceLoader$1;} {} {V}
[16Sep2025 15:20:59.383] [main/DEBUG] [cpw.mods.modlauncher.TransformStore/MODLAUNCHER]: Adding transformer optifine.OptiFineTransformer@2a331b46 to Target : PRE_CLASS {Lnet/minecraft/client/renderer/entity/layers/WardenEmissiveLayer$DrawSelector;} {} {V}
[16Sep2025 15:20:59.383] [main/DEBUG] [cpw.mods.modlauncher.TransformStore/MODLAUNCHER]: Adding transformer optifine.OptiFineTransformer@2a331b46 to Target : PRE_CLASS {Lnet/minecraft/client/multiplayer/ClientLevel;} {} {V}
[16Sep2025 15:20:59.383] [main/DEBUG] [cpw.mods.modlauncher.TransformStore/MODLAUNCHER]: Adding transformer optifine.OptiFineTransformer@2a331b46 to Target : PRE_CLASS {Lnet/minecraft/client/renderer/RenderStateShard$TexturingStateShard;} {} {V}
[16Sep2025 15:20:59.383] [main/DEBUG] [cpw.mods.modlauncher.TransformStore/MODLAUNCHER]: Adding transformer optifine.OptiFineTransformer@2a331b46 to Target : PRE_CLASS {Lnet/minecraft/world/level/chunk/PalettedContainer$CountConsumer;} {} {V}
[16Sep2025 15:20:59.383] [main/DEBUG] [cpw.mods.modlauncher.TransformStore/MODLAUNCHER]: Adding transformer optifine.OptiFineTransformer@2a331b46 to Target : PRE_CLASS {Lnet/minecraft/client/OptionInstance$CycleableValueSet$ValueSetter;} {} {V}
[16Sep2025 15:20:59.383] [main/DEBUG] [cpw.mods.modlauncher.TransformStore/MODLAUNCHER]: Adding transformer optifine.OptiFineTransformer@2a331b46 to Target : PRE_CLASS {Lnet/minecraft/world/level/chunk/LevelChunkSection;} {} {V}
[16Sep2025 15:20:59.383] [main/DEBUG] [cpw.mods.modlauncher.TransformStore/MODLAUNCHER]: Adding transformer optifine.OptiFineTransformer@2a331b46 to Target : PRE_CLASS {Lcom/mojang/blaze3d/systems/RenderSystem$AutoStorageIndexBuffer$IndexGenerator;} {} {V}
[16Sep2025 15:20:59.383] [main/DEBUG] [cpw.mods.modlauncher.TransformStore/MODLAUNCHER]: Adding transformer optifine.OptiFineTransformer@2a331b46 to Target : PRE_CLASS {Lnet/minecraft/client/renderer/chunk/ChunkRenderDispatcher$CompiledChunk$1;} {} {V}
[16Sep2025 15:20:59.384] [main/DEBUG] [cpw.mods.modlauncher.TransformStore/MODLAUNCHER]: Adding transformer optifine.OptiFineTransformer@2a331b46 to Target : PRE_CLASS {Lnet/minecraft/client/renderer/chunk/VisGraph$1;} {} {V}
[16Sep2025 15:20:59.384] [main/DEBUG] [cpw.mods.modlauncher.TransformStore/MODLAUNCHER]: Adding transformer optifine.OptiFineTransformer@2a331b46 to Target : PRE_CLASS {Lnet/minecraft/world/level/ChunkPos$1;} {} {V}
[16Sep2025 15:20:59.384] [main/DEBUG] [cpw.mods.modlauncher.TransformStore/MODLAUNCHER]: Adding transformer optifine.OptiFineTransformer@2a331b46 to Target : PRE_CLASS {Lcom/mojang/blaze3d/vertex/Tesselator;} {} {V}
[16Sep2025 15:20:59.384] [main/DEBUG] [cpw.mods.modlauncher.TransformStore/MODLAUNCHER]: Adding transformer optifine.OptiFineTransformer@2a331b46 to Target : PRE_CLASS {Lcom/mojang/blaze3d/platform/GlDebug$LogEntry;} {} {V}
[16Sep2025 15:20:59.384] [main/DEBUG] [cpw.mods.modlauncher.TransformStore/MODLAUNCHER]: Adding transformer optifine.OptiFineTransformer@2a331b46 to Target : PRE_CLASS {Lnet/minecraft/client/Options;} {} {V}
[16Sep2025 15:20:59.384] [main/DEBUG] [cpw.mods.modlauncher.TransformStore/MODLAUNCHER]: Adding transformer optifine.OptiFineTransformer@2a331b46 to Target : PRE_CLASS {Lnet/minecraft/world/level/levelgen/blending/Blender$CellValueGetter;} {} {V}
[16Sep2025 15:20:59.384] [main/DEBUG] [cpw.mods.modlauncher.TransformStore/MODLAUNCHER]: Adding transformer optifine.OptiFineTransformer@2a331b46 to Target : PRE_CLASS {Lcom/mojang/blaze3d/platform/GlStateManager$CullState;} {} {V}
[16Sep2025 15:20:59.384] [main/DEBUG] [cpw.mods.modlauncher.TransformStore/MODLAUNCHER]: Adding transformer optifine.OptiFineTransformer@2a331b46 to Target : PRE_CLASS {Lnet/minecraft/server/level/ChunkMap$2;} {} {V}
[16Sep2025 15:20:59.384] [main/DEBUG] [cpw.mods.modlauncher.TransformStore/MODLAUNCHER]: Adding transformer optifine.OptiFineTransformer@2a331b46 to Target : PRE_CLASS {Lnet/minecraft/client/gui/Font;} {} {V}
[16Sep2025 15:20:59.384] [main/DEBUG] [cpw.mods.modlauncher.TransformStore/MODLAUNCHER]: Adding transformer optifine.OptiFineTransformer@2a331b46 to Target : PRE_CLASS {Lnet/minecraft/client/renderer/chunk/RenderRegionCache$ChunkInfo;} {} {V}
[16Sep2025 15:20:59.384] [main/DEBUG] [cpw.mods.modlauncher.TransformStore/MODLAUNCHER]: Adding transformer optifine.OptiFineTransformer@2a331b46 to Target : PRE_CLASS {Lnet/minecraft/client/renderer/texture/Stitcher$Region;} {} {V}
[16Sep2025 15:20:59.384] [main/DEBUG] [cpw.mods.modlauncher.TransformStore/MODLAUNCHER]: Adding transformer optifine.OptiFineTransformer@2a331b46 to Target : PRE_CLASS {Lnet/minecraft/network/syncher/SynchedEntityData$DataItem;} {} {V}
[16Sep2025 15:20:59.385] [main/DEBUG] [cpw.mods.modlauncher.TransformStore/MODLAUNCHER]: Adding transformer optifine.OptiFineTransformer@2a331b46 to Target : PRE_CLASS {Lnet/minecraft/world/level/entity/EntitySection;} {} {V}
[16Sep2025 15:20:59.385] [main/DEBUG] [cpw.mods.modlauncher.TransformStore/MODLAUNCHER]: Adding transformer optifine.OptiFineTransformer@2a331b46 to Target : PRE_CLASS {Lnet/minecraft/client/gui/MapRenderer$MapInstance;} {} {V}
[16Sep2025 15:20:59.385] [main/DEBUG] [cpw.mods.modlauncher.TransformStore/MODLAUNCHER]: Adding transformer optifine.OptiFineTransformer@2a331b46 to Target : PRE_CLASS {Lnet/minecraft/core/Direction$Axis;} {} {V}
[16Sep2025 15:20:59.385] [main/DEBUG] [cpw.mods.modlauncher.TransformStore/MODLAUNCHER]: Adding transformer optifine.OptiFineTransformer@2a331b46 to Target : PRE_CLASS {Lnet/minecraft/client/Options$FieldAccess;} {} {V}
[16Sep2025 15:20:59.385] [main/DEBUG] [cpw.mods.modlauncher.TransformStore/MODLAUNCHER]: Adding transformer optifine.OptiFineTransformer@2a331b46 to Target : PRE_CLASS {Lcom/mojang/blaze3d/systems/RenderSystem;} {} {V}
[16Sep2025 15:20:59.385] [main/DEBUG] [cpw.mods.modlauncher.TransformStore/MODLAUNCHER]: Adding transformer optifine.OptiFineTransformer@2a331b46 to Target : PRE_CLASS {Lnet/minecraft/client/gui/screens/ChatOptionsScreen;} {} {V}
[16Sep2025 15:20:59.385] [main/DEBUG] [cpw.mods.modlauncher.TransformStore/MODLAUNCHER]: Adding transformer optifine.OptiFineTransformer@2a331b46 to Target : PRE_CLASS {Lnet/minecraft/client/renderer/block/model/ItemOverrides$BakedOverride;} {} {V}
[16Sep2025 15:20:59.385] [main/DEBUG] [cpw.mods.modlauncher.TransformStore/MODLAUNCHER]: Adding transformer optifine.OptiFineTransformer@2a331b46 to Target : PRE_CLASS {Lnet/minecraft/core/Direction$Plane;} {} {V}
[16Sep2025 15:20:59.385] [main/DEBUG] [cpw.mods.modlauncher.TransformStore/MODLAUNCHER]: Adding transformer optifine.OptiFineTransformer@2a331b46 to Target : PRE_CLASS {Lnet/minecraft/resources/ResourceLocation;} {} {V}
[16Sep2025 15:20:59.386] [main/DEBUG] [cpw.mods.modlauncher.TransformStore/MODLAUNCHER]: Adding transformer optifine.OptiFineTransformer@2a331b46 to Target : PRE_CLASS {Lnet/minecraft/client/model/geom/ModelPart$Polygon;} {} {V}
[16Sep2025 15:20:59.386] [main/DEBUG] [cpw.mods.modlauncher.TransformStore/MODLAUNCHER]: Adding transformer optifine.OptiFineTransformer@2a331b46 to Target : PRE_CLASS {Lcom/mojang/blaze3d/vertex/PoseStack;} {} {V}
[16Sep2025 15:20:59.386] [main/DEBUG] [cpw.mods.modlauncher.TransformStore/MODLAUNCHER]: Adding transformer optifine.OptiFineTransformer@2a331b46 to Target : PRE_CLASS {Lnet/minecraft/client/gui/font/providers/BitmapProvider$Definition;} {} {V}
[16Sep2025 15:20:59.386] [main/DEBUG] [cpw.mods.modlauncher.TransformStore/MODLAUNCHER]: Adding transformer optifine.OptiFineTransformer@2a331b46 to Target : PRE_CLASS {Lnet/minecraft/client/gui/components/CycleButton$Builder;} {} {V}
[16Sep2025 15:20:59.386] [main/DEBUG] [cpw.mods.modlauncher.TransformStore/MODLAUNCHER]: Adding transformer optifine.OptiFineTransformer@2a331b46 to Target : PRE_CLASS {Lnet/minecraft/client/renderer/block/ModelBlockRenderer$AdjacencyInfo;} {} {V}
[16Sep2025 15:20:59.386] [main/DEBUG] [cpw.mods.modlauncher.TransformStore/MODLAUNCHER]: Adding transformer optifine.OptiFineTransformer@2a331b46 to Target : PRE_CLASS {Lnet/minecraft/client/renderer/entity/layers/SlimeOuterLayer;} {} {V}
[16Sep2025 15:20:59.386] [main/DEBUG] [cpw.mods.modlauncher.TransformStore/MODLAUNCHER]: Adding transformer optifine.OptiFineTransformer@2a331b46 to Target : PRE_CLASS {Lnet/minecraft/client/gui/components/CycleButton$OnValueChange;} {} {V}
[16Sep2025 15:20:59.386] [main/DEBUG] [cpw.mods.modlauncher.TransformStore/MODLAUNCHER]: Adding transformer optifine.OptiFineTransformer@2a331b46 to Target : PRE_CLASS {Lnet/minecraft/client/resources/model/WeightedBakedModel$Builder;} {} {V}
[16Sep2025 15:20:59.386] [main/DEBUG] [cpw.mods.modlauncher.TransformStore/MODLAUNCHER]: Adding transformer optifine.OptiFineTransformer@2a331b46 to Target : PRE_CLASS {Lnet/minecraft/client/Options$2;} {} {V}
[16Sep2025 15:20:59.386] [main/DEBUG] [cpw.mods.modlauncher.TransformStore/MODLAUNCHER]: Adding transformer optifine.OptiFineTransformer@2a331b46 to Target : PRE_CLASS {Lnet/minecraft/client/Options$4;} {} {V}
[16Sep2025 15:20:59.386] [main/DEBUG] [cpw.mods.modlauncher.TransformStore/MODLAUNCHER]: Adding transformer optifine.OptiFineTransformer@2a331b46 to Target : PRE_CLASS {Lcom/mojang/blaze3d/vertex/VertexFormat;} {} {V}
[16Sep2025 15:20:59.387] [main/DEBUG] [cpw.mods.modlauncher.TransformStore/MODLAUNCHER]: Adding transformer optifine.OptiFineTransformer@2a331b46 to Target : PRE_CLASS {Lnet/minecraft/client/renderer/texture/StitcherException;} {} {V}
[16Sep2025 15:20:59.387] [main/DEBUG] [cpw.mods.modlauncher.TransformStore/MODLAUNCHER]: Adding transformer optifine.OptiFineTransformer@2a331b46 to Target : PRE_CLASS {Lnet/minecraft/client/renderer/FogRenderer$FogData;} {} {V}
[16Sep2025 15:20:59.387] [main/DEBUG] [cpw.mods.modlauncher.TransformStore/MODLAUNCHER]: Adding transformer optifine.OptiFineTransformer@2a331b46 to Target : PRE_CLASS {Lnet/minecraft/util/CubicSampler;} {} {V}
[16Sep2025 15:20:59.387] [main/DEBUG] [cpw.mods.modlauncher.TransformStore/MODLAUNCHER]: Adding transformer optifine.OptiFineTransformer@2a331b46 to Target : PRE_CLASS {Lnet/minecraft/client/resources/metadata/animation/AnimationMetadataSection$FrameOutput;} {} {V}
[16Sep2025 15:20:59.387] [main/DEBUG] [cpw.mods.modlauncher.TransformStore/MODLAUNCHER]: Adding transformer optifine.OptiFineTransformer@2a331b46 to Target : PRE_CLASS {Lcom/mojang/blaze3d/platform/NativeImage$InternalGlFormat;} {} {V}
[16Sep2025 15:20:59.387] [main/DEBUG] [cpw.mods.modlauncher.TransformStore/MODLAUNCHER]: Adding transformer optifine.OptiFineTransformer@2a331b46 to Target : PRE_CLASS {Lnet/minecraft/client/OptionInstance$IntRangeBase$1;} {} {V}
[16Sep2025 15:20:59.387] [main/DEBUG] [cpw.mods.modlauncher.TransformStore/MODLAUNCHER]: Adding transformer optifine.OptiFineTransformer@2a331b46 to Target : PRE_CLASS {Lnet/minecraft/client/gui/screens/LoadingOverlay;} {} {V}
[16Sep2025 15:20:59.387] [main/DEBUG] [cpw.mods.modlauncher.TransformStore/MODLAUNCHER]: Adding transformer optifine.OptiFineTransformer@2a331b46 to Target : PRE_CLASS {Lnet/minecraft/client/renderer/entity/ItemRenderer;} {} {V}
[16Sep2025 15:20:59.387] [main/DEBUG] [cpw.mods.modlauncher.TransformStore/MODLAUNCHER]: Adding transformer optifine.OptiFineTransformer@2a331b46 to Target : PRE_CLASS {Lnet/minecraft/client/renderer/entity/layers/CapeLayer;} {} {V}
[16Sep2025 15:20:59.387] [main/DEBUG] [cpw.mods.modlauncher.TransformStore/MODLAUNCHER]: Adding transformer optifine.OptiFineTransformer@2a331b46 to Target : PRE_CLASS {Lnet/minecraft/world/item/alchemy/PotionUtils;} {} {V}
[16Sep2025 15:20:59.388] [main/DEBUG] [cpw.mods.modlauncher.TransformStore/MODLAUNCHER]: Adding transformer optifine.OptiFineTransformer@2a331b46 to Target : PRE_CLASS {Lnet/minecraft/client/renderer/RenderStateShard$WriteMaskStateShard;} {} {V}
[16Sep2025 15:20:59.388] [main/DEBUG] [cpw.mods.modlauncher.TransformStore/MODLAUNCHER]: Adding transformer optifine.OptiFineTransformer@2a331b46 to Target : PRE_CLASS {Lnet/minecraft/client/renderer/ItemInHandRenderer$HandRenderSelection;} {} {V}
[16Sep2025 15:20:59.388] [main/DEBUG] [cpw.mods.modlauncher.TransformationServiceDecorator/MODLAUNCHER]: Initialized transformers for transformation service OptiFine
[16Sep2025 15:20:59.388] [main/DEBUG] [cpw.mods.modlauncher.TransformationServiceDecorator/MODLAUNCHER]: Initializing transformers for transformation service fml
[16Sep2025 15:20:59.388] [main/DEBUG] [net.minecraftforge.fml.loading.FMLServiceProvider/CORE]: Loading coremod transformers
[16Sep2025 15:20:59.388] [main/DEBUG] [net.minecraftforge.coremod.CoreModEngine/COREMOD]: Loading CoreMod from potion-effects-shift.js
[16Sep2025 15:20:59.698] [main/DEBUG] [net.minecraftforge.coremod.CoreModEngine/COREMOD]: CoreMod loaded successfully
[16Sep2025 15:20:59.698] [main/DEBUG] [net.minecraftforge.coremod.CoreModEngine/COREMOD]: Loading CoreMod from coremods/field_to_method.js
[16Sep2025 15:20:59.756] [main/DEBUG] [net.minecraftforge.coremod.CoreModEngine/COREMOD]: CoreMod loaded successfully
[16Sep2025 15:20:59.756] [main/DEBUG] [net.minecraftforge.coremod.CoreModEngine/COREMOD]: Loading CoreMod from coremods/field_to_instanceof.js
[16Sep2025 15:20:59.806] [main/DEBUG] [net.minecraftforge.coremod.CoreModEngine/COREMOD]: CoreMod loaded successfully
[16Sep2025 15:20:59.807] [main/DEBUG] [net.minecraftforge.coremod.CoreModEngine/COREMOD]: Loading CoreMod from coremods/add_bouncer_method.js
[16Sep2025 15:20:59.851] [main/DEBUG] [net.minecraftforge.coremod.CoreModEngine/COREMOD]: CoreMod loaded successfully
[16Sep2025 15:20:59.852] [main/DEBUG] [net.minecraftforge.coremod.CoreModEngine/COREMOD]: Loading CoreMod from coremods/method_redirector.js
[16Sep2025 15:20:59.943] [main/DEBUG] [net.minecraftforge.coremod.CoreModEngine/COREMOD]: CoreMod loaded successfully
[16Sep2025 15:20:59.943] [main/DEBUG] [net.minecraftforge.coremod.CoreModEngine/COREMOD]: Loading CoreMod from META-INF/asm/seed.js
[16Sep2025 15:20:59.966] [main/DEBUG] [net.minecraftforge.coremod.CoreModEngine/COREMOD]: CoreMod loaded successfully
[16Sep2025 15:20:59.966] [main/DEBUG] [net.minecraftforge.coremod.CoreModEngine/COREMOD]: Loading CoreMod from META-INF/asm/maprendercontext.js
[16Sep2025 15:21:00.015] [main/DEBUG] [net.minecraftforge.coremod.CoreModEngine/COREMOD]: CoreMod loaded successfully
[16Sep2025 15:21:00.015] [main/DEBUG] [net.minecraftforge.coremod.CoreModEngine/COREMOD]: Loading CoreMod from META-INF/asm/music.js
[16Sep2025 15:21:00.037] [main/DEBUG] [net.minecraftforge.coremod.CoreModEngine/COREMOD]: CoreMod loaded successfully
[16Sep2025 15:21:00.039] [main/DEBUG] [net.minecraftforge.coremod.CoreModEngine/COREMOD]: Loading CoreMod from META-INF/asm/multipart.js
[16Sep2025 15:21:00.089] [main/DEBUG] [net.minecraftforge.coremod.CoreModEngine/COREMOD]: CoreMod loaded successfully
[16Sep2025 15:21:00.089] [main/DEBUG] [net.minecraftforge.coremod.CoreModEngine/COREMOD]: Loading CoreMod from META-INF/asm/foliage.js
[16Sep2025 15:21:00.115] [main/DEBUG] [net.minecraftforge.coremod.CoreModEngine/COREMOD]: CoreMod loaded successfully
[16Sep2025 15:21:00.115] [main/DEBUG] [net.minecraftforge.coremod.CoreModEngine/COREMOD]: Loading CoreMod from META-INF/asm/mount.js
[16Sep2025 15:21:00.148] [main/DEBUG] [net.minecraftforge.coremod.CoreModEngine/COREMOD]: CoreMod loaded successfully
[16Sep2025 15:21:00.151] [main/DEBUG] [net.minecraftforge.coremod.CoreModEngine/COREMOD]: Loading CoreMod from META-INF/asm/book.js
[16Sep2025 15:21:00.177] [main/DEBUG] [net.minecraftforge.coremod.CoreModEngine/COREMOD]: CoreMod loaded successfully
[16Sep2025 15:21:00.177] [main/DEBUG] [net.minecraftforge.coremod.CoreModEngine/COREMOD]: Loading CoreMod from META-INF/asm/conquered.js
[16Sep2025 15:21:00.199] [main/DEBUG] [net.minecraftforge.coremod.CoreModEngine/COREMOD]: CoreMod loaded successfully
[16Sep2025 15:21:00.199] [main/DEBUG] [net.minecraftforge.coremod.CoreModEngine/COREMOD]: Loading CoreMod from META-INF/asm/reach.js
[16Sep2025 15:21:00.221] [main/DEBUG] [net.minecraftforge.coremod.CoreModEngine/COREMOD]: CoreMod loaded successfully
[16Sep2025 15:21:00.221] [main/DEBUG] [net.minecraftforge.coremod.CoreModEngine/COREMOD]: Loading CoreMod from META-INF/asm/shroom.js
[16Sep2025 15:21:00.238] [main/DEBUG] [net.minecraftforge.coremod.CoreModEngine/COREMOD]: CoreMod loaded successfully
[16Sep2025 15:21:00.238] [main/DEBUG] [net.minecraftforge.coremod.CoreModEngine/COREMOD]: Loading CoreMod from META-INF/asm/cloud.js
[16Sep2025 15:21:00.262] [main/DEBUG] [net.minecraftforge.coremod.CoreModEngine/COREMOD]: CoreMod loaded successfully
[16Sep2025 15:21:00.262] [main/DEBUG] [net.minecraftforge.coremod.CoreModEngine/COREMOD]: Loading CoreMod from META-INF/asm/lead.js
[16Sep2025 15:21:00.279] [main/DEBUG] [net.minecraftforge.coremod.CoreModEngine/COREMOD]: CoreMod loaded successfully
[16Sep2025 15:21:00.294] [main/DEBUG] [cpw.mods.modlauncher.TransformStore/MODLAUNCHER]: Adding transformer net.minecraftforge.coremod.transformer.CoreModMethodTransformer@3fe512d2 to Target : METHOD {Lnet/minecraft/client/gui/Gui;} {m_93028_} {(Lcom/mojang/blaze3d/vertex/PoseStack;)V}
[16Sep2025 15:21:00.294] [main/DEBUG] [cpw.mods.modlauncher.TransformStore/MODLAUNCHER]: Adding transformer net.minecraftforge.coremod.transformer.CoreModMethodTransformer@3fde8f7c to Target : METHOD {Lnet/minecraft/world/level/levelgen/WorldOptions;} {<init>} {(JZZLjava/util/Optional;)V}
[16Sep2025 15:21:00.294] [main/DEBUG] [cpw.mods.modlauncher.TransformStore/MODLAUNCHER]: Adding transformer net.minecraftforge.coremod.transformer.CoreModMethodTransformer@11d86b9d to Target : METHOD {Lnet/minecraft/client/gui/MapRenderer$MapInstance;} {m_93291_} {(Lcom/mojang/blaze3d/vertex/PoseStack;Lnet/minecraft/client/renderer/MultiBufferSource;ZI)V}
[16Sep2025 15:21:00.295] [main/DEBUG] [cpw.mods.modlauncher.TransformStore/MODLAUNCHER]: Adding transformer net.minecraftforge.coremod.transformer.CoreModMethodTransformer@6dce59e to Target : METHOD {Lnet/minecraft/client/renderer/ItemInHandRenderer;} {m_109371_} {(Lnet/minecraft/client/player/AbstractClientPlayer;FFLnet/minecraft/world/InteractionHand;FLnet/minecraft/world/item/ItemStack;FLcom/mojang/blaze3d/vertex/PoseStack;Lnet/minecraft/client/renderer/MultiBufferSource;I)V}
[16Sep2025 15:21:00.295] [main/DEBUG] [cpw.mods.modlauncher.TransformStore/MODLAUNCHER]: Adding transformer net.minecraftforge.coremod.transformer.CoreModMethodTransformer@11381415 to Target : METHOD {Lnet/minecraft/world/entity/decoration/ItemFrame;} {m_218868_} {()Ljava/util/OptionalInt;}
[16Sep2025 15:21:00.295] [main/DEBUG] [cpw.mods.modlauncher.TransformStore/MODLAUNCHER]: Adding transformer net.minecraftforge.coremod.transformer.CoreModMethodTransformer@5ad6cc21 to Target : METHOD {Lnet/minecraft/client/renderer/ItemInHandRenderer;} {m_109366_} {(Lcom/mojang/blaze3d/vertex/PoseStack;Lnet/minecraft/client/renderer/MultiBufferSource;ILnet/minecraft/world/item/ItemStack;)V}
[16Sep2025 15:21:00.295] [main/DEBUG] [cpw.mods.modlauncher.TransformStore/MODLAUNCHER]: Adding transformer net.minecraftforge.coremod.transformer.CoreModMethodTransformer@800d065 to Target : METHOD {Lnet/minecraft/world/item/MapItem;} {m_7373_} {(Lnet/minecraft/world/item/ItemStack;Lnet/minecraft/world/level/Level;Ljava/util/List;Lnet/minecraft/world/item/TooltipFlag;)V}
[16Sep2025 15:21:00.296] [main/DEBUG] [cpw.mods.modlauncher.TransformStore/MODLAUNCHER]: Adding transformer net.minecraftforge.coremod.transformer.CoreModMethodTransformer@691124ee to Target : METHOD {Lnet/minecraft/client/sounds/MusicManager;} {m_120183_} {()V}
[16Sep2025 15:21:00.296] [main/DEBUG] [cpw.mods.modlauncher.TransformStore/MODLAUNCHER]: Adding transformer net.minecraftforge.coremod.transformer.CoreModMethodTransformer@38d80d65 to Target : METHOD {Lnet/minecraft/server/level/ServerEntity;} {m_8543_} {()V}
[16Sep2025 15:21:00.296] [main/DEBUG] [cpw.mods.modlauncher.TransformStore/MODLAUNCHER]: Adding transformer net.minecraftforge.coremod.transformer.CoreModMethodTransformer@5403799b to Target : METHOD {Lnet/minecraft/client/renderer/entity/EntityRenderDispatcher;} {m_6213_} {(Lnet/minecraft/server/packs/resources/ResourceManager;)V}
[16Sep2025 15:21:00.297] [main/DEBUG] [cpw.mods.modlauncher.TransformStore/MODLAUNCHER]: Adding transformer net.minecraftforge.coremod.transformer.CoreModMethodTransformer@5a0e0886 to Target : METHOD {Lnet/minecraft/client/renderer/entity/EntityRenderDispatcher;} {m_114382_} {(Lnet/minecraft/world/entity/Entity;)Lnet/minecraft/client/renderer/entity/EntityRenderer;}
[16Sep2025 15:21:00.298] [main/DEBUG] [cpw.mods.modlauncher.TransformStore/MODLAUNCHER]: Adding transformer net.minecraftforge.coremod.transformer.CoreModMethodTransformer@3ad8717d to Target : METHOD {Lnet/minecraft/client/renderer/LevelRenderer;} {m_109599_} {(Lcom/mojang/blaze3d/vertex/PoseStack;FJZLnet/minecraft/client/Camera;Lnet/minecraft/client/renderer/GameRenderer;Lnet/minecraft/client/renderer/LightTexture;Lorg/joml/Matrix4f;)V}
[16Sep2025 15:21:00.298] [main/DEBUG] [cpw.mods.modlauncher.TransformStore/MODLAUNCHER]: Adding transformer net.minecraftforge.coremod.transformer.CoreModMethodTransformer@4293e066 to Target : METHOD {Lnet/minecraft/client/renderer/BiomeColors;} {m_108807_} {(Lnet/minecraft/world/level/biome/Biome;DD)I}
[16Sep2025 15:21:00.298] [main/DEBUG] [cpw.mods.modlauncher.TransformStore/MODLAUNCHER]: Adding transformer net.minecraftforge.coremod.transformer.CoreModMethodTransformer@d13960e to Target : METHOD {Lnet/minecraft/client/player/LocalPlayer;} {m_6083_} {()V}
[16Sep2025 15:21:00.298] [main/DEBUG] [cpw.mods.modlauncher.TransformStore/MODLAUNCHER]: Adding transformer net.minecraftforge.coremod.transformer.CoreModMethodTransformer@27f3f512 to Target : METHOD {Lnet/minecraft/world/item/WrittenBookItem;} {m_7626_} {(Lnet/minecraft/world/item/ItemStack;)Lnet/minecraft/network/chat/Component;}
[16Sep2025 15:21:00.298] [main/DEBUG] [cpw.mods.modlauncher.TransformStore/MODLAUNCHER]: Adding transformer net.minecraftforge.coremod.transformer.CoreModMethodTransformer@5e593b08 to Target : METHOD {Lnet/minecraft/world/level/levelgen/structure/StructureStart;} {m_226857_} {(Lnet/minecraft/world/level/levelgen/structure/pieces/StructurePieceSerializationContext;Lnet/minecraft/nbt/CompoundTag;J)Lnet/minecraft/world/level/levelgen/structure/StructureStart;}
[16Sep2025 15:21:00.298] [main/DEBUG] [cpw.mods.modlauncher.TransformStore/MODLAUNCHER]: Adding transformer net.minecraftforge.coremod.transformer.CoreModMethodTransformer@3946075 to Target : METHOD {Lnet/minecraft/world/item/Item;} {m_41435_} {(Lnet/minecraft/world/level/Level;Lnet/minecraft/world/entity/player/Player;Lnet/minecraft/world/level/ClipContext$Fluid;)Lnet/minecraft/world/phys/BlockHitResult;}
[16Sep2025 15:21:00.298] [main/DEBUG] [cpw.mods.modlauncher.TransformStore/MODLAUNCHER]: Adding transformer net.minecraftforge.coremod.transformer.CoreModMethodTransformer@122635ef to Target : METHOD {Lnet/minecraft/world/level/block/MushroomBlock;} {m_7898_} {(Lnet/minecraft/world/level/block/state/BlockState;Lnet/minecraft/world/level/LevelReader;Lnet/minecraft/core/BlockPos;)Z}
[16Sep2025 15:21:00.298] [main/DEBUG] [cpw.mods.modlauncher.TransformStore/MODLAUNCHER]: Adding transformer net.minecraftforge.coremod.transformer.CoreModMethodTransformer@2ac519dc to Target : METHOD {Lnet/minecraft/world/level/Level;} {m_46758_} {(Lnet/minecraft/core/BlockPos;)Z}
[16Sep2025 15:21:00.299] [main/DEBUG] [cpw.mods.modlauncher.TransformStore/MODLAUNCHER]: Adding transformer net.minecraftforge.coremod.transformer.CoreModMethodTransformer@3d53e6f7 to Target : METHOD {Lnet/minecraft/world/entity/decoration/LeashFenceKnotEntity;} {m_7088_} {()Z}
[16Sep2025 15:21:00.299] [main/DEBUG] [cpw.mods.modlauncher.TransformStore/MODLAUNCHER]: Adding transformer net.minecraftforge.coremod.transformer.CoreModClassTransformer@1de4bee0 to Target : CLASS {Lnet/minecraft/world/level/biome/Biome;} {} {V}
[16Sep2025 15:21:00.299] [main/DEBUG] [cpw.mods.modlauncher.TransformStore/MODLAUNCHER]: Adding transformer net.minecraftforge.coremod.transformer.CoreModClassTransformer@3ece79fe to Target : CLASS {Lnet/minecraft/world/level/levelgen/structure/Structure;} {} {V}
[16Sep2025 15:21:00.299] [main/DEBUG] [cpw.mods.modlauncher.TransformStore/MODLAUNCHER]: Adding transformer net.minecraftforge.coremod.transformer.CoreModClassTransformer@3cc79c02 to Target : CLASS {Lnet/minecraft/world/effect/MobEffectInstance;} {} {V}
[16Sep2025 15:21:00.302] [main/DEBUG] [cpw.mods.modlauncher.TransformStore/MODLAUNCHER]: Adding transformer net.minecraftforge.coremod.transformer.CoreModClassTransformer@1e01b133 to Target : CLASS {Lnet/minecraft/world/level/block/LiquidBlock;} {} {V}
[16Sep2025 15:21:00.302] [main/DEBUG] [cpw.mods.modlauncher.TransformStore/MODLAUNCHER]: Adding transformer net.minecraftforge.coremod.transformer.CoreModClassTransformer@262a1fad to Target : CLASS {Lnet/minecraft/world/item/BucketItem;} {} {V}
[16Sep2025 15:21:00.303] [main/DEBUG] [cpw.mods.modlauncher.TransformStore/MODLAUNCHER]: Adding transformer net.minecraftforge.coremod.transformer.CoreModClassTransformer@6be6931f to Target : CLASS {Lnet/minecraft/world/level/block/StairBlock;} {} {V}
[16Sep2025 15:21:00.303] [main/DEBUG] [cpw.mods.modlauncher.TransformStore/MODLAUNCHER]: Adding transformer net.minecraftforge.coremod.transformer.CoreModClassTransformer@6b4125ed to Target : CLASS {Lnet/minecraft/world/level/block/FlowerPotBlock;} {} {V}
[16Sep2025 15:21:00.303] [main/DEBUG] [cpw.mods.modlauncher.TransformStore/MODLAUNCHER]: Adding transformer net.minecraftforge.coremod.transformer.CoreModClassTransformer@78da899f to Target : CLASS {Lnet/minecraft/world/item/ItemStack;} {} {V}
[16Sep2025 15:21:00.303] [main/DEBUG] [cpw.mods.modlauncher.TransformStore/MODLAUNCHER]: Adding transformer net.minecraftforge.coremod.transformer.CoreModClassTransformer@e7b265e to Target : CLASS {Lnet/minecraft/network/play/client/CClientSettingsPacket;} {} {V}
[16Sep2025 15:21:00.303] [main/DEBUG] [cpw.mods.modlauncher.TransformStore/MODLAUNCHER]: Adding transformer net.minecraftforge.coremod.transformer.CoreModClassTransformer@51da32e5 to Target : CLASS {Lnet/minecraft/world/entity/monster/Strider;} {} {V}
[16Sep2025 15:21:00.303] [main/DEBUG] [cpw.mods.modlauncher.TransformStore/MODLAUNCHER]: Adding transformer net.minecraftforge.coremod.transformer.CoreModClassTransformer@51da32e5 to Target : CLASS {Lnet/minecraft/world/level/levelgen/structure/templatesystem/StructureTemplate;} {} {V}
[16Sep2025 15:21:00.303] [main/DEBUG] [cpw.mods.modlauncher.TransformStore/MODLAUNCHER]: Adding transformer net.minecraftforge.coremod.transformer.CoreModClassTransformer@51da32e5 to Target : CLASS {Lnet/minecraft/world/level/levelgen/structure/structures/OceanMonumentPieces$OceanMonumentPiece;} {} {V}
[16Sep2025 15:21:00.303] [main/DEBUG] [cpw.mods.modlauncher.TransformStore/MODLAUNCHER]: Adding transformer net.minecraftforge.coremod.transformer.CoreModClassTransformer@51da32e5 to Target : CLASS {Lnet/minecraft/world/entity/monster/Spider;} {} {V}
[16Sep2025 15:21:00.303] [main/DEBUG] [cpw.mods.modlauncher.TransformStore/MODLAUNCHER]: Adding transformer net.minecraftforge.coremod.transformer.CoreModClassTransformer@51da32e5 to Target : CLASS {Lnet/minecraft/world/entity/animal/horse/SkeletonTrapGoal;} {} {V}
[16Sep2025 15:21:00.304] [main/DEBUG] [cpw.mods.modlauncher.TransformStore/MODLAUNCHER]: Adding transformer net.minecraftforge.coremod.transformer.CoreModClassTransformer@51da32e5 to Target : CLASS {Lnet/minecraft/world/level/levelgen/PhantomSpawner;} {} {V}
[16Sep2025 15:21:00.304] [main/DEBUG] [cpw.mods.modlauncher.TransformStore/MODLAUNCHER]: Adding transformer net.minecraftforge.coremod.transformer.CoreModClassTransformer@51da32e5 to Target : CLASS {Lnet/minecraft/world/level/levelgen/structure/structures/OceanRuinPieces$OceanRuinPiece;} {} {V}
[16Sep2025 15:21:00.304] [main/DEBUG] [cpw.mods.modlauncher.TransformStore/MODLAUNCHER]: Adding transformer net.minecraftforge.coremod.transformer.CoreModClassTransformer@51da32e5 to Target : CLASS {Lnet/minecraft/world/entity/npc/Villager;} {} {V}
[16Sep2025 15:21:00.304] [main/DEBUG] [cpw.mods.modlauncher.TransformStore/MODLAUNCHER]: Adding transformer net.minecraftforge.coremod.transformer.CoreModClassTransformer@51da32e5 to Target : CLASS {Lnet/minecraft/world/level/NaturalSpawner;} {} {V}
[16Sep2025 15:21:00.304] [main/DEBUG] [cpw.mods.modlauncher.TransformStore/MODLAUNCHER]: Adding transformer net.minecraftforge.coremod.transformer.CoreModClassTransformer@51da32e5 to Target : CLASS {Lnet/minecraft/world/entity/npc/CatSpawner;} {} {V}
[16Sep2025 15:21:00.304] [main/DEBUG] [cpw.mods.modlauncher.TransformStore/MODLAUNCHER]: Adding transformer net.minecraftforge.coremod.transformer.CoreModClassTransformer@51da32e5 to Target : CLASS {Lnet/minecraft/server/commands/SummonCommand;} {} {V}
[16Sep2025 15:21:00.304] [main/DEBUG] [cpw.mods.modlauncher.TransformStore/MODLAUNCHER]: Adding transformer net.minecraftforge.coremod.transformer.CoreModClassTransformer@51da32e5 to Target : CLASS {Lnet/minecraft/world/level/levelgen/PatrolSpawner;} {} {V}
[16Sep2025 15:21:00.304] [main/DEBUG] [cpw.mods.modlauncher.TransformStore/MODLAUNCHER]: Adding transformer net.minecraftforge.coremod.transformer.CoreModClassTransformer@51da32e5 to Target : CLASS {Lnet/minecraft/world/entity/monster/ZombieVillager;} {} {V}
[16Sep2025 15:21:00.304] [main/DEBUG] [cpw.mods.modlauncher.TransformStore/MODLAUNCHER]: Adding transformer net.minecraftforge.coremod.transformer.CoreModClassTransformer@51da32e5 to Target : CLASS {Lnet/minecraft/world/entity/ai/village/VillageSiege;} {} {V}
[16Sep2025 15:21:00.304] [main/DEBUG] [cpw.mods.modlauncher.TransformStore/MODLAUNCHER]: Adding transformer net.minecraftforge.coremod.transformer.CoreModClassTransformer@51da32e5 to Target : CLASS {Lnet/minecraft/server/commands/RaidCommand;} {} {V}
[16Sep2025 15:21:00.304] [main/DEBUG] [cpw.mods.modlauncher.TransformStore/MODLAUNCHER]: Adding transformer net.minecraftforge.coremod.transformer.CoreModClassTransformer@51da32e5 to Target : CLASS {Lnet/minecraft/world/level/levelgen/structure/structures/SwampHutPiece;} {} {V}
[16Sep2025 15:21:00.304] [main/DEBUG] [cpw.mods.modlauncher.TransformStore/MODLAUNCHER]: Adding transformer net.minecraftforge.coremod.transformer.CoreModClassTransformer@51da32e5 to Target : CLASS {Lnet/minecraft/world/entity/raid/Raid;} {} {V}
[16Sep2025 15:21:00.305] [main/DEBUG] [cpw.mods.modlauncher.TransformStore/MODLAUNCHER]: Adding transformer net.minecraftforge.coremod.transformer.CoreModClassTransformer@51da32e5 to Target : CLASS {Lnet/minecraft/world/level/levelgen/structure/structures/WoodlandMansionPieces$WoodlandMansionPiece;} {} {V}
[16Sep2025 15:21:00.305] [main/DEBUG] [cpw.mods.modlauncher.TransformStore/MODLAUNCHER]: Adding transformer net.minecraftforge.coremod.transformer.CoreModClassTransformer@51da32e5 to Target : CLASS {Lnet/minecraft/world/entity/EntityType;} {} {V}
[16Sep2025 15:21:00.305] [main/DEBUG] [cpw.mods.modlauncher.TransformStore/MODLAUNCHER]: Adding transformer net.minecraftforge.coremod.transformer.CoreModClassTransformer@51da32e5 to Target : CLASS {Lnet/minecraft/world/entity/monster/Zombie;} {} {V}
[16Sep2025 15:21:00.305] [main/DEBUG] [cpw.mods.modlauncher.TransformStore/MODLAUNCHER]: Adding transformer net.minecraftforge.coremod.transformer.CoreModClassTransformer@51da32e5 to Target : CLASS {Lnet/minecraft/world/entity/monster/Evoker$EvokerSummonSpellGoal;} {} {V}
[16Sep2025 15:21:00.305] [main/DEBUG] [cpw.mods.modlauncher.TransformStore/MODLAUNCHER]: Adding transformer net.minecraftforge.coremod.transformer.CoreModClassTransformer@51da32e5 to Target : CLASS {Lnet/minecraft/world/entity/animal/frog/Tadpole;} {} {V}
[16Sep2025 15:21:00.305] [main/DEBUG] [cpw.mods.modlauncher.TransformationServiceDecorator/MODLAUNCHER]: Initialized transformers for transformation service fml
[16Sep2025 15:21:00.354] [main/INFO] [optifine.OptiFineTransformationService/]: additionalClassesLocator: [optifine., net.optifine.]
[16Sep2025 15:21:01.476] [main/DEBUG] [mixin/]: Processing prepare() for PlatformAgent[MixinPlatformAgentDefault:ModLauncher Root Container(ModLauncher:4f56a0a2)]
[16Sep2025 15:21:01.476] [main/DEBUG] [mixin/]: Processing launch tasks for PlatformAgent[MixinPlatformAgentDefault:ModLauncher Root Container(ModLauncher:4f56a0a2)]
[16Sep2025 15:21:01.477] [main/DEBUG] [mixin/]: Adding mixin platform agents for container SecureJarResource(net.optifine)
[16Sep2025 15:21:01.477] [main/DEBUG] [mixin/]: Instancing new MixinPlatformAgentMinecraftForge for SecureJarResource(net.optifine)
[16Sep2025 15:21:01.477] [main/DEBUG] [mixin/]: MixinPlatformAgentMinecraftForge rejected container SecureJarResource(net.optifine)
[16Sep2025 15:21:01.477] [main/DEBUG] [mixin/]: Instancing new MixinPlatformAgentDefault for SecureJarResource(net.optifine)
[16Sep2025 15:21:01.477] [main/DEBUG] [mixin/]: MixinPlatformAgentDefault accepted container SecureJarResource(net.optifine)
[16Sep2025 15:21:01.477] [main/DEBUG] [mixin/]: Processing prepare() for PlatformAgent[MixinPlatformAgentDefault:SecureJarResource(net.optifine)]
[16Sep2025 15:21:01.477] [main/DEBUG] [mixin/]: Adding mixin platform agents for container SecureJarResource(minecraft)
[16Sep2025 15:21:01.478] [main/DEBUG] [mixin/]: Instancing new MixinPlatformAgentMinecraftForge for SecureJarResource(minecraft)
[16Sep2025 15:21:01.478] [main/DEBUG] [mixin/]: MixinPlatformAgentMinecraftForge rejected container SecureJarResource(minecraft)
[16Sep2025 15:21:01.478] [main/DEBUG] [mixin/]: Instancing new MixinPlatformAgentDefault for SecureJarResource(minecraft)
[16Sep2025 15:21:01.478] [main/DEBUG] [mixin/]: MixinPlatformAgentDefault accepted container SecureJarResource(minecraft)
[16Sep2025 15:21:01.478] [main/DEBUG] [mixin/]: Processing prepare() for PlatformAgent[MixinPlatformAgentDefault:SecureJarResource(minecraft)]
[16Sep2025 15:21:01.479] [main/DEBUG] [mixin/]: Adding mixin platform agents for container SecureJarResource(farmersdelight)
[16Sep2025 15:21:01.479] [main/DEBUG] [mixin/]: Instancing new MixinPlatformAgentMinecraftForge for SecureJarResource(farmersdelight)
[16Sep2025 15:21:01.479] [main/DEBUG] [mixin/]: MixinPlatformAgentMinecraftForge rejected container SecureJarResource(farmersdelight)
[16Sep2025 15:21:01.479] [main/DEBUG] [mixin/]: Instancing new MixinPlatformAgentDefault for SecureJarResource(farmersdelight)
[16Sep2025 15:21:01.479] [main/DEBUG] [mixin/]: MixinPlatformAgentDefault accepted container SecureJarResource(farmersdelight)
[16Sep2025 15:21:01.479] [main/DEBUG] [mixin/]: Processing prepare() for PlatformAgent[MixinPlatformAgentDefault:SecureJarResource(farmersdelight)]
[16Sep2025 15:21:01.480] [main/DEBUG] [mixin/]: Registering mixin config: farmersdelight.mixins.json
[16Sep2025 15:21:01.498] [main/DEBUG] [mixin/]: Compatibility level JAVA_17 specified by farmersdelight.mixins.json is higher than the maximum level supported by this version of mixin (JAVA_13).
[16Sep2025 15:21:01.501] [main/INFO] [mixin/]: Compatibility level set to JAVA_17
[16Sep2025 15:21:01.501] [main/DEBUG] [mixin/]: Adding mixin platform agents for container SecureJarResource(torchmaster)
[16Sep2025 15:21:01.501] [main/DEBUG] [mixin/]: Instancing new MixinPlatformAgentMinecraftForge for SecureJarResource(torchmaster)
[16Sep2025 15:21:01.501] [main/DEBUG] [mixin/]: MixinPlatformAgentMinecraftForge rejected container SecureJarResource(torchmaster)
[16Sep2025 15:21:01.501] [main/DEBUG] [mixin/]: Instancing new MixinPlatformAgentDefault for SecureJarResource(torchmaster)
[16Sep2025 15:21:01.501] [main/DEBUG] [mixin/]: MixinPlatformAgentDefault accepted container SecureJarResource(torchmaster)
[16Sep2025 15:21:01.502] [main/DEBUG] [mixin/]: Processing prepare() for PlatformAgent[MixinPlatformAgentDefault:SecureJarResource(torchmaster)]
[16Sep2025 15:21:01.502] [main/DEBUG] [mixin/]: Adding mixin platform agents for container SecureJarResource(mowziesmobs)
[16Sep2025 15:21:01.502] [main/DEBUG] [mixin/]: Instancing new MixinPlatformAgentMinecraftForge for SecureJarResource(mowziesmobs)
[16Sep2025 15:21:01.502] [main/DEBUG] [mixin/]: MixinPlatformAgentMinecraftForge rejected container SecureJarResource(mowziesmobs)
[16Sep2025 15:21:01.502] [main/DEBUG] [mixin/]: Instancing new MixinPlatformAgentDefault for SecureJarResource(mowziesmobs)
[16Sep2025 15:21:01.502] [main/DEBUG] [mixin/]: MixinPlatformAgentDefault accepted container SecureJarResource(mowziesmobs)
[16Sep2025 15:21:01.502] [main/DEBUG] [mixin/]: Processing prepare() for PlatformAgent[MixinPlatformAgentDefault:SecureJarResource(mowziesmobs)]
[16Sep2025 15:21:01.502] [main/DEBUG] [mixin/]: Registering mixin config: mowziesmobs.mixins.json
[16Sep2025 15:21:01.504] [main/DEBUG] [mixin/]: Adding mixin platform agents for container SecureJarResource(terrablender)
[16Sep2025 15:21:01.504] [main/DEBUG] [mixin/]: Instancing new MixinPlatformAgentMinecraftForge for SecureJarResource(terrablender)
[16Sep2025 15:21:01.504] [main/DEBUG] [mixin/]: MixinPlatformAgentMinecraftForge rejected container SecureJarResource(terrablender)
[16Sep2025 15:21:01.504] [main/DEBUG] [mixin/]: Instancing new MixinPlatformAgentDefault for SecureJarResource(terrablender)
[16Sep2025 15:21:01.504] [main/DEBUG] [mixin/]: MixinPlatformAgentDefault accepted container SecureJarResource(terrablender)
[16Sep2025 15:21:01.505] [main/DEBUG] [mixin/]: Processing prepare() for PlatformAgent[MixinPlatformAgentDefault:SecureJarResource(terrablender)]
[16Sep2025 15:21:01.505] [main/DEBUG] [mixin/]: Registering mixin config: terrablender.mixins.json
[16Sep2025 15:21:01.506] [main/DEBUG] [mixin/]: Registering mixin config: terrablender_forge.mixins.json
[16Sep2025 15:21:01.508] [main/DEBUG] [mixin/]: Adding mixin platform agents for container SecureJarResource(biomesoplenty)
[16Sep2025 15:21:01.508] [main/DEBUG] [mixin/]: Instancing new MixinPlatformAgentMinecraftForge for SecureJarResource(biomesoplenty)
[16Sep2025 15:21:01.508] [main/DEBUG] [mixin/]: MixinPlatformAgentMinecraftForge rejected container SecureJarResource(biomesoplenty)
[16Sep2025 15:21:01.508] [main/DEBUG] [mixin/]: Instancing new MixinPlatformAgentDefault for SecureJarResource(biomesoplenty)
[16Sep2025 15:21:01.508] [main/DEBUG] [mixin/]: MixinPlatformAgentDefault accepted container SecureJarResource(biomesoplenty)
[16Sep2025 15:21:01.508] [main/DEBUG] [mixin/]: Processing prepare() for PlatformAgent[MixinPlatformAgentDefault:SecureJarResource(biomesoplenty)]
[16Sep2025 15:21:01.509] [main/DEBUG] [mixin/]: Adding mixin platform agents for container SecureJarResource(jade)
[16Sep2025 15:21:01.509] [main/DEBUG] [mixin/]: Instancing new MixinPlatformAgentMinecraftForge for SecureJarResource(jade)
[16Sep2025 15:21:01.509] [main/DEBUG] [mixin/]: MixinPlatformAgentMinecraftForge rejected container SecureJarResource(jade)
[16Sep2025 15:21:01.509] [main/DEBUG] [mixin/]: Instancing new MixinPlatformAgentDefault for SecureJarResource(jade)
[16Sep2025 15:21:01.509] [main/DEBUG] [mixin/]: MixinPlatformAgentDefault accepted container SecureJarResource(jade)
[16Sep2025 15:21:01.509] [main/DEBUG] [mixin/]: Processing prepare() for PlatformAgent[MixinPlatformAgentDefault:SecureJarResource(jade)]
[16Sep2025 15:21:01.509] [main/DEBUG] [mixin/]: Registering mixin config: jade.mixins.json
[16Sep2025 15:21:01.511] [main/DEBUG] [mixin/]: Compatibility level JAVA_16 specified by jade.mixins.json is higher than the maximum level supported by this version of mixin (JAVA_13).
[16Sep2025 15:21:01.511] [main/DEBUG] [mixin/]: Adding mixin platform agents for container SecureJarResource(geckolib)
[16Sep2025 15:21:01.511] [main/DEBUG] [mixin/]: Instancing new MixinPlatformAgentMinecraftForge for SecureJarResource(geckolib)
[16Sep2025 15:21:01.511] [main/DEBUG] [mixin/]: MixinPlatformAgentMinecraftForge rejected container SecureJarResource(geckolib)
[16Sep2025 15:21:01.511] [main/DEBUG] [mixin/]: Instancing new MixinPlatformAgentDefault for SecureJarResource(geckolib)
[16Sep2025 15:21:01.511] [main/DEBUG] [mixin/]: MixinPlatformAgentDefault accepted container SecureJarResource(geckolib)
[16Sep2025 15:21:01.511] [main/DEBUG] [mixin/]: Processing prepare() for PlatformAgent[MixinPlatformAgentDefault:SecureJarResource(geckolib)]
[16Sep2025 15:21:01.512] [main/DEBUG] [mixin/]: Registering mixin config: geckolib.mixins.json
[16Sep2025 15:21:01.513] [main/DEBUG] [mixin/]: Adding mixin platform agents for container SecureJarResource(creativecore)
[16Sep2025 15:21:01.513] [main/DEBUG] [mixin/]: Instancing new MixinPlatformAgentMinecraftForge for SecureJarResource(creativecore)
[16Sep2025 15:21:01.513] [main/DEBUG] [mixin/]: MixinPlatformAgentMinecraftForge rejected container SecureJarResource(creativecore)
[16Sep2025 15:21:01.513] [main/DEBUG] [mixin/]: Instancing new MixinPlatformAgentDefault for SecureJarResource(creativecore)
[16Sep2025 15:21:01.513] [main/DEBUG] [mixin/]: MixinPlatformAgentDefault accepted container SecureJarResource(creativecore)
[16Sep2025 15:21:01.513] [main/DEBUG] [mixin/]: Processing prepare() for PlatformAgent[MixinPlatformAgentDefault:SecureJarResource(creativecore)]
[16Sep2025 15:21:01.513] [main/DEBUG] [mixin/]: Registering mixin config: creativecore.mixins.json
[16Sep2025 15:21:01.515] [main/DEBUG] [mixin/]: Registering mixin config: creativecore.forge.mixins.json
[16Sep2025 15:21:01.516] [main/DEBUG] [mixin/]: Adding mixin platform agents for container SecureJarResource(atistructures)
[16Sep2025 15:21:01.516] [main/DEBUG] [mixin/]: Instancing new MixinPlatformAgentMinecraftForge for SecureJarResource(atistructures)
[16Sep2025 15:21:01.517] [main/DEBUG] [mixin/]: MixinPlatformAgentMinecraftForge rejected container SecureJarResource(atistructures)
[16Sep2025 15:21:01.517] [main/DEBUG] [mixin/]: Instancing new MixinPlatformAgentDefault for SecureJarResource(atistructures)
[16Sep2025 15:21:01.517] [main/DEBUG] [mixin/]: MixinPlatformAgentDefault accepted container SecureJarResource(atistructures)
[16Sep2025 15:21:01.517] [main/DEBUG] [mixin/]: Processing prepare() for PlatformAgent[MixinPlatformAgentDefault:SecureJarResource(atistructures)]
[16Sep2025 15:21:01.517] [main/DEBUG] [mixin/]: Adding mixin platform agents for container SecureJarResource(jei)
[16Sep2025 15:21:01.517] [main/DEBUG] [mixin/]: Instancing new MixinPlatformAgentMinecraftForge for SecureJarResource(jei)
[16Sep2025 15:21:01.517] [main/DEBUG] [mixin/]: MixinPlatformAgentMinecraftForge rejected container SecureJarResource(jei)
[16Sep2025 15:21:01.517] [main/DEBUG] [mixin/]: Instancing new MixinPlatformAgentDefault for SecureJarResource(jei)
[16Sep2025 15:21:01.517] [main/DEBUG] [mixin/]: MixinPlatformAgentDefault accepted container SecureJarResource(jei)
[16Sep2025 15:21:01.518] [main/DEBUG] [mixin/]: Processing prepare() for PlatformAgent[MixinPlatformAgentDefault:SecureJarResource(jei)]
[16Sep2025 15:21:01.518] [main/DEBUG] [mixin/]: Adding mixin platform agents for container SecureJarResource(graveyard)
[16Sep2025 15:21:01.518] [main/DEBUG] [mixin/]: Instancing new MixinPlatformAgentMinecraftForge for SecureJarResource(graveyard)
[16Sep2025 15:21:01.518] [main/DEBUG] [mixin/]: MixinPlatformAgentMinecraftForge rejected container SecureJarResource(graveyard)
[16Sep2025 15:21:01.518] [main/DEBUG] [mixin/]: Instancing new MixinPlatformAgentDefault for SecureJarResource(graveyard)
[16Sep2025 15:21:01.518] [main/DEBUG] [mixin/]: MixinPlatformAgentDefault accepted container SecureJarResource(graveyard)
[16Sep2025 15:21:01.518] [main/DEBUG] [mixin/]: Processing prepare() for PlatformAgent[MixinPlatformAgentDefault:SecureJarResource(graveyard)]
[16Sep2025 15:21:01.518] [main/DEBUG] [mixin/]: Registering mixin config: graveyard-common.mixins.json
[16Sep2025 15:21:01.520] [main/DEBUG] [mixin/]: Registering mixin config: graveyard-forge.mixins.json
[16Sep2025 15:21:01.522] [main/DEBUG] [mixin/]: Adding mixin platform agents for container SecureJarResource(goblintraders)
[16Sep2025 15:21:01.522] [main/DEBUG] [mixin/]: Instancing new MixinPlatformAgentMinecraftForge for SecureJarResource(goblintraders)
[16Sep2025 15:21:01.522] [main/DEBUG] [mixin/]: MixinPlatformAgentMinecraftForge rejected container SecureJarResource(goblintraders)
[16Sep2025 15:21:01.523] [main/DEBUG] [mixin/]: Instancing new MixinPlatformAgentDefault for SecureJarResource(goblintraders)
[16Sep2025 15:21:01.523] [main/DEBUG] [mixin/]: MixinPlatformAgentDefault accepted container SecureJarResource(goblintraders)
[16Sep2025 15:21:01.523] [main/DEBUG] [mixin/]: Processing prepare() for PlatformAgent[MixinPlatformAgentDefault:SecureJarResource(goblintraders)]
[16Sep2025 15:21:01.523] [main/DEBUG] [mixin/]: Registering mixin config: goblintraders.common.mixins.json
[16Sep2025 15:21:01.525] [main/DEBUG] [mixin/]: Adding mixin platform agents for container SecureJarResource(sophisticatedcore)
[16Sep2025 15:21:01.525] [main/DEBUG] [mixin/]: Instancing new MixinPlatformAgentMinecraftForge for SecureJarResource(sophisticatedcore)
[16Sep2025 15:21:01.525] [main/DEBUG] [mixin/]: MixinPlatformAgentMinecraftForge rejected container SecureJarResource(sophisticatedcore)
[16Sep2025 15:21:01.525] [main/DEBUG] [mixin/]: Instancing new MixinPlatformAgentDefault for SecureJarResource(sophisticatedcore)
[16Sep2025 15:21:01.525] [main/DEBUG] [mixin/]: MixinPlatformAgentDefault accepted container SecureJarResource(sophisticatedcore)
[16Sep2025 15:21:01.525] [main/DEBUG] [mixin/]: Processing prepare() for PlatformAgent[MixinPlatformAgentDefault:SecureJarResource(sophisticatedcore)]
[16Sep2025 15:21:01.525] [main/DEBUG] [mixin/]: Adding mixin platform agents for container SecureJarResource(curios)
[16Sep2025 15:21:01.526] [main/DEBUG] [mixin/]: Instancing new MixinPlatformAgentMinecraftForge for SecureJarResource(curios)
[16Sep2025 15:21:01.526] [main/DEBUG] [mixin/]: MixinPlatformAgentMinecraftForge rejected container SecureJarResource(curios)
[16Sep2025 15:21:01.526] [main/DEBUG] [mixin/]: Instancing new MixinPlatformAgentDefault for SecureJarResource(curios)
[16Sep2025 15:21:01.526] [main/DEBUG] [mixin/]: MixinPlatformAgentDefault accepted container SecureJarResource(curios)
[16Sep2025 15:21:01.526] [main/DEBUG] [mixin/]: Processing prepare() for PlatformAgent[MixinPlatformAgentDefault:SecureJarResource(curios)]
[16Sep2025 15:21:01.526] [main/DEBUG] [mixin/]: Registering mixin config: curios.mixins.json
[16Sep2025 15:21:01.529] [main/DEBUG] [mixin/]: Adding mixin platform agents for container SecureJarResource(camera)
[16Sep2025 15:21:01.529] [main/DEBUG] [mixin/]: Instancing new MixinPlatformAgentMinecraftForge for SecureJarResource(camera)
[16Sep2025 15:21:01.530] [main/DEBUG] [mixin/]: MixinPlatformAgentMinecraftForge rejected container SecureJarResource(camera)
[16Sep2025 15:21:01.530] [main/DEBUG] [mixin/]: Instancing new MixinPlatformAgentDefault for SecureJarResource(camera)
[16Sep2025 15:21:01.530] [main/DEBUG] [mixin/]: MixinPlatformAgentDefault accepted container SecureJarResource(camera)
[16Sep2025 15:21:01.530] [main/DEBUG] [mixin/]: Processing prepare() for PlatformAgent[MixinPlatformAgentDefault:SecureJarResource(camera)]
[16Sep2025 15:21:01.530] [main/DEBUG] [mixin/]: Adding mixin platform agents for container SecureJarResource(journeymap)
[16Sep2025 15:21:01.530] [main/DEBUG] [mixin/]: Instancing new MixinPlatformAgentMinecraftForge for SecureJarResource(journeymap)
[16Sep2025 15:21:01.530] [main/DEBUG] [mixin/]: MixinPlatformAgentMinecraftForge rejected container SecureJarResource(journeymap)
[16Sep2025 15:21:01.530] [main/DEBUG] [mixin/]: Instancing new MixinPlatformAgentDefault for SecureJarResource(journeymap)
[16Sep2025 15:21:01.530] [main/DEBUG] [mixin/]: MixinPlatformAgentDefault accepted container SecureJarResource(journeymap)
[16Sep2025 15:21:01.530] [main/DEBUG] [mixin/]: Processing prepare() for PlatformAgent[MixinPlatformAgentDefault:SecureJarResource(journeymap)]
[16Sep2025 15:21:01.531] [main/DEBUG] [mixin/]: Registering mixin config: journeymap.mixins.json
[16Sep2025 15:21:01.534] [main/DEBUG] [mixin/]: Adding mixin platform agents for container SecureJarResource(citadel)
[16Sep2025 15:21:01.535] [main/DEBUG] [mixin/]: Instancing new MixinPlatformAgentMinecraftForge for SecureJarResource(citadel)
[16Sep2025 15:21:01.535] [main/DEBUG] [mixin/]: MixinPlatformAgentMinecraftForge rejected container SecureJarResource(citadel)
[16Sep2025 15:21:01.535] [main/DEBUG] [mixin/]: Instancing new MixinPlatformAgentDefault for SecureJarResource(citadel)
[16Sep2025 15:21:01.536] [main/DEBUG] [mixin/]: MixinPlatformAgentDefault accepted container SecureJarResource(citadel)
[16Sep2025 15:21:01.537] [main/DEBUG] [mixin/]: Processing prepare() for PlatformAgent[MixinPlatformAgentDefault:SecureJarResource(citadel)]
[16Sep2025 15:21:01.537] [main/DEBUG] [mixin/]: Registering mixin config: citadel.mixins.json
[16Sep2025 15:21:01.540] [main/DEBUG] [mixin/]: Adding mixin platform agents for container SecureJarResource(alexscaves)
[16Sep2025 15:21:01.540] [main/DEBUG] [mixin/]: Instancing new MixinPlatformAgentMinecraftForge for SecureJarResource(alexscaves)
[16Sep2025 15:21:01.540] [main/DEBUG] [mixin/]: MixinPlatformAgentMinecraftForge rejected container SecureJarResource(alexscaves)
[16Sep2025 15:21:01.540] [main/DEBUG] [mixin/]: Instancing new MixinPlatformAgentDefault for SecureJarResource(alexscaves)
[16Sep2025 15:21:01.541] [main/DEBUG] [mixin/]: MixinPlatformAgentDefault accepted container SecureJarResource(alexscaves)
[16Sep2025 15:21:01.541] [main/DEBUG] [mixin/]: Processing prepare() for PlatformAgent[MixinPlatformAgentDefault:SecureJarResource(alexscaves)]
[16Sep2025 15:21:01.541] [main/DEBUG] [mixin/]: Registering mixin config: citadel.mixins.json
[16Sep2025 15:21:01.541] [main/DEBUG] [mixin/]: Registering mixin config: alexscaves.mixins.json
[16Sep2025 15:21:01.546] [main/DEBUG] [mixin/]: Adding mixin platform agents for container SecureJarResource(alexsmobs)
[16Sep2025 15:21:01.546] [main/DEBUG] [mixin/]: Instancing new MixinPlatformAgentMinecraftForge for SecureJarResource(alexsmobs)
[16Sep2025 15:21:01.549] [main/DEBUG] [mixin/]: MixinPlatformAgentMinecraftForge rejected container SecureJarResource(alexsmobs)
[16Sep2025 15:21:01.549] [main/DEBUG] [mixin/]: Instancing new MixinPlatformAgentDefault for SecureJarResource(alexsmobs)
[16Sep2025 15:21:01.549] [main/DEBUG] [mixin/]: MixinPlatformAgentDefault accepted container SecureJarResource(alexsmobs)
[16Sep2025 15:21:01.549] [main/DEBUG] [mixin/]: Processing prepare() for PlatformAgent[MixinPlatformAgentDefault:SecureJarResource(alexsmobs)]
[16Sep2025 15:21:01.549] [main/DEBUG] [mixin/]: Registering mixin config: citadel.mixins.json
[16Sep2025 15:21:01.549] [main/DEBUG] [mixin/]: Adding mixin platform agents for container SecureJarResource(securitycraft)
[16Sep2025 15:21:01.550] [main/DEBUG] [mixin/]: Instancing new MixinPlatformAgentMinecraftForge for SecureJarResource(securitycraft)
[16Sep2025 15:21:01.550] [main/DEBUG] [mixin/]: MixinPlatformAgentMinecraftForge rejected container SecureJarResource(securitycraft)
[16Sep2025 15:21:01.550] [main/DEBUG] [mixin/]: Instancing new MixinPlatformAgentDefault for SecureJarResource(securitycraft)
[16Sep2025 15:21:01.550] [main/DEBUG] [mixin/]: MixinPlatformAgentDefault accepted container SecureJarResource(securitycraft)
[16Sep2025 15:21:01.550] [main/DEBUG] [mixin/]: Processing prepare() for PlatformAgent[MixinPlatformAgentDefault:SecureJarResource(securitycraft)]
[16Sep2025 15:21:01.550] [main/DEBUG] [mixin/]: Registering mixin config: securitycraft.mixins.json
[16Sep2025 15:21:01.555] [main/DEBUG] [mixin/]: Adding mixin platform agents for container SecureJarResource(artifacts)
[16Sep2025 15:21:01.555] [main/DEBUG] [mixin/]: Instancing new MixinPlatformAgentMinecraftForge for SecureJarResource(artifacts)
[16Sep2025 15:21:01.556] [main/DEBUG] [mixin/]: MixinPlatformAgentMinecraftForge rejected container SecureJarResource(artifacts)
[16Sep2025 15:21:01.556] [main/DEBUG] [mixin/]: Instancing new MixinPlatformAgentDefault for SecureJarResource(artifacts)
[16Sep2025 15:21:01.556] [main/DEBUG] [mixin/]: MixinPlatformAgentDefault accepted container SecureJarResource(artifacts)
[16Sep2025 15:21:01.556] [main/DEBUG] [mixin/]: Processing prepare() for PlatformAgent[MixinPlatformAgentDefault:SecureJarResource(artifacts)]
[16Sep2025 15:21:01.557] [main/DEBUG] [mixin/]: Registering mixin config: mixins.artifacts.common.json
[16Sep2025 15:21:01.562] [main/DEBUG] [mixin/]: Registering mixin config: mixins.artifacts.forge.json
[16Sep2025 15:21:01.564] [main/DEBUG] [mixin/]: Adding mixin platform agents for container SecureJarResource(mr_dungeons_andtaverns)
[16Sep2025 15:21:01.564] [main/DEBUG] [mixin/]: Instancing new MixinPlatformAgentMinecraftForge for SecureJarResource(mr_dungeons_andtaverns)
[16Sep2025 15:21:01.564] [main/DEBUG] [mixin/]: MixinPlatformAgentMinecraftForge rejected container SecureJarResource(mr_dungeons_andtaverns)
[16Sep2025 15:21:01.564] [main/DEBUG] [mixin/]: Instancing new MixinPlatformAgentDefault for SecureJarResource(mr_dungeons_andtaverns)
[16Sep2025 15:21:01.564] [main/DEBUG] [mixin/]: MixinPlatformAgentDefault accepted container SecureJarResource(mr_dungeons_andtaverns)
[16Sep2025 15:21:01.564] [main/DEBUG] [mixin/]: Processing prepare() for PlatformAgent[MixinPlatformAgentDefault:SecureJarResource(mr_dungeons_andtaverns)]
[16Sep2025 15:21:01.564] [main/DEBUG] [mixin/]: Adding mixin platform agents for container SecureJarResource(mixinextras)
[16Sep2025 15:21:01.567] [main/DEBUG] [mixin/]: Instancing new MixinPlatformAgentMinecraftForge for SecureJarResource(mixinextras)
[16Sep2025 15:21:01.567] [main/DEBUG] [mixin/]: MixinPlatformAgentMinecraftForge rejected container SecureJarResource(mixinextras)
[16Sep2025 15:21:01.567] [main/DEBUG] [mixin/]: Instancing new MixinPlatformAgentDefault for SecureJarResource(mixinextras)
[16Sep2025 15:21:01.568] [main/DEBUG] [mixin/]: MixinPlatformAgentDefault accepted container SecureJarResource(mixinextras)
[16Sep2025 15:21:01.568] [main/DEBUG] [mixin/]: Processing prepare() for PlatformAgent[MixinPlatformAgentDefault:SecureJarResource(mixinextras)]
[16Sep2025 15:21:01.568] [main/DEBUG] [mixin/]: Registering mixin config: mixinextras.init.mixins.json
[16Sep2025 15:21:01.571] [main/DEBUG] [mixin/]: Adding mixin platform agents for container SecureJarResource(sophisticatedbackpacks)
[16Sep2025 15:21:01.574] [main/DEBUG] [mixin/]: Instancing new MixinPlatformAgentMinecraftForge for SecureJarResource(sophisticatedbackpacks)
[16Sep2025 15:21:01.574] [main/DEBUG] [mixin/]: MixinPlatformAgentMinecraftForge rejected container SecureJarResource(sophisticatedbackpacks)
[16Sep2025 15:21:01.575] [main/DEBUG] [mixin/]: Instancing new MixinPlatformAgentDefault for SecureJarResource(sophisticatedbackpacks)
[16Sep2025 15:21:01.575] [main/DEBUG] [mixin/]: MixinPlatformAgentDefault accepted container SecureJarResource(sophisticatedbackpacks)
[16Sep2025 15:21:01.575] [main/DEBUG] [mixin/]: Processing prepare() for PlatformAgent[MixinPlatformAgentDefault:SecureJarResource(sophisticatedbackpacks)]
[16Sep2025 15:21:01.575] [main/DEBUG] [mixin/]: Adding mixin platform agents for container SecureJarResource(architectury)
[16Sep2025 15:21:01.575] [main/DEBUG] [mixin/]: Instancing new MixinPlatformAgentMinecraftForge for SecureJarResource(architectury)
[16Sep2025 15:21:01.575] [main/DEBUG] [mixin/]: MixinPlatformAgentMinecraftForge rejected container SecureJarResource(architectury)
[16Sep2025 15:21:01.575] [main/DEBUG] [mixin/]: Instancing new MixinPlatformAgentDefault for SecureJarResource(architectury)
[16Sep2025 15:21:01.575] [main/DEBUG] [mixin/]: MixinPlatformAgentDefault accepted container SecureJarResource(architectury)
[16Sep2025 15:21:01.575] [main/DEBUG] [mixin/]: Processing prepare() for PlatformAgent[MixinPlatformAgentDefault:SecureJarResource(architectury)]
[16Sep2025 15:21:01.576] [main/DEBUG] [mixin/]: Registering mixin config: architectury.mixins.json
[16Sep2025 15:21:01.580] [main/DEBUG] [mixin/]: Compatibility level JAVA_16 specified by architectury.mixins.json is higher than the maximum level supported by this version of mixin (JAVA_13).
[16Sep2025 15:21:01.580] [main/DEBUG] [mixin/]: Registering mixin config: architectury-common.mixins.json
[16Sep2025 15:21:01.582] [main/DEBUG] [mixin/]: Compatibility level JAVA_16 specified by architectury-common.mixins.json is higher than the maximum level supported by this version of mixin (JAVA_13).
[16Sep2025 15:21:01.582] [main/DEBUG] [mixin/]: Adding mixin platform agents for container SecureJarResource(iceandfire)
[16Sep2025 15:21:01.582] [main/DEBUG] [mixin/]: Instancing new MixinPlatformAgentMinecraftForge for SecureJarResource(iceandfire)
[16Sep2025 15:21:01.583] [main/DEBUG] [mixin/]: MixinPlatformAgentMinecraftForge rejected container SecureJarResource(iceandfire)
[16Sep2025 15:21:01.583] [main/DEBUG] [mixin/]: Instancing new MixinPlatformAgentDefault for SecureJarResource(iceandfire)
[16Sep2025 15:21:01.584] [main/DEBUG] [mixin/]: MixinPlatformAgentDefault accepted container SecureJarResource(iceandfire)
[16Sep2025 15:21:01.584] [main/DEBUG] [mixin/]: Processing prepare() for PlatformAgent[MixinPlatformAgentDefault:SecureJarResource(iceandfire)]
[16Sep2025 15:21:01.584] [main/DEBUG] [mixin/]: Registering mixin config: iceandfire.mixins.json
[16Sep2025 15:21:01.587] [main/DEBUG] [mixin/]: Adding mixin platform agents for container SecureJarResource(extra_dungeons)
[16Sep2025 15:21:01.589] [main/DEBUG] [mixin/]: Instancing new MixinPlatformAgentMinecraftForge for SecureJarResource(extra_dungeons)
[16Sep2025 15:21:01.589] [main/DEBUG] [mixin/]: MixinPlatformAgentMinecraftForge rejected container SecureJarResource(extra_dungeons)
[16Sep2025 15:21:01.589] [main/DEBUG] [mixin/]: Instancing new MixinPlatformAgentDefault for SecureJarResource(extra_dungeons)
[16Sep2025 15:21:01.590] [main/DEBUG] [mixin/]: MixinPlatformAgentDefault accepted container SecureJarResource(extra_dungeons)
[16Sep2025 15:21:01.590] [main/DEBUG] [mixin/]: Processing prepare() for PlatformAgent[MixinPlatformAgentDefault:SecureJarResource(extra_dungeons)]
[16Sep2025 15:21:01.590] [main/DEBUG] [mixin/]: Adding mixin platform agents for container SecureJarResource(carryon)
[16Sep2025 15:21:01.590] [main/DEBUG] [mixin/]: Instancing new MixinPlatformAgentMinecraftForge for SecureJarResource(carryon)
[16Sep2025 15:21:01.590] [main/DEBUG] [mixin/]: MixinPlatformAgentMinecraftForge rejected container SecureJarResource(carryon)
[16Sep2025 15:21:01.590] [main/DEBUG] [mixin/]: Instancing new MixinPlatformAgentDefault for SecureJarResource(carryon)
[16Sep2025 15:21:01.590] [main/DEBUG] [mixin/]: MixinPlatformAgentDefault accepted container SecureJarResource(carryon)
[16Sep2025 15:21:01.590] [main/DEBUG] [mixin/]: Processing prepare() for PlatformAgent[MixinPlatformAgentDefault:SecureJarResource(carryon)]
[16Sep2025 15:21:01.590] [main/DEBUG] [mixin/]: Registering mixin config: carryon.mixins.json
[16Sep2025 15:21:01.592] [main/DEBUG] [mixin/]: Registering mixin config: carryon.forge.mixins.json
[16Sep2025 15:21:01.597] [main/DEBUG] [mixin/]: Adding mixin platform agents for container SecureJarResource(jeresources)
[16Sep2025 15:21:01.597] [main/DEBUG] [mixin/]: Instancing new MixinPlatformAgentMinecraftForge for SecureJarResource(jeresources)
[16Sep2025 15:21:01.597] [main/DEBUG] [mixin/]: MixinPlatformAgentMinecraftForge rejected container SecureJarResource(jeresources)
[16Sep2025 15:21:01.597] [main/DEBUG] [mixin/]: Instancing new MixinPlatformAgentDefault for SecureJarResource(jeresources)
[16Sep2025 15:21:01.598] [main/DEBUG] [mixin/]: MixinPlatformAgentDefault accepted container SecureJarResource(jeresources)
[16Sep2025 15:21:01.598] [main/DEBUG] [mixin/]: Processing prepare() for PlatformAgent[MixinPlatformAgentDefault:SecureJarResource(jeresources)]
[16Sep2025 15:21:01.598] [main/DEBUG] [mixin/]: Adding mixin platform agents for container SecureJarResource(framework)
[16Sep2025 15:21:01.598] [main/DEBUG] [mixin/]: Instancing new MixinPlatformAgentMinecraftForge for SecureJarResource(framework)
[16Sep2025 15:21:01.599] [main/DEBUG] [mixin/]: MixinPlatformAgentMinecraftForge rejected container SecureJarResource(framework)
[16Sep2025 15:21:01.599] [main/DEBUG] [mixin/]: Instancing new MixinPlatformAgentDefault for SecureJarResource(framework)
[16Sep2025 15:21:01.599] [main/DEBUG] [mixin/]: MixinPlatformAgentDefault accepted container SecureJarResource(framework)
[16Sep2025 15:21:01.599] [main/DEBUG] [mixin/]: Processing prepare() for PlatformAgent[MixinPlatformAgentDefault:SecureJarResource(framework)]
[16Sep2025 15:21:01.599] [main/DEBUG] [mixin/]: Adding mixin platform agents for container SecureJarResource(dungeons_arise_seven_seas)
[16Sep2025 15:21:01.599] [main/DEBUG] [mixin/]: Instancing new MixinPlatformAgentMinecraftForge for SecureJarResource(dungeons_arise_seven_seas)
[16Sep2025 15:21:01.599] [main/DEBUG] [mixin/]: MixinPlatformAgentMinecraftForge rejected container SecureJarResource(dungeons_arise_seven_seas)
[16Sep2025 15:21:01.599] [main/DEBUG] [mixin/]: Instancing new MixinPlatformAgentDefault for SecureJarResource(dungeons_arise_seven_seas)
[16Sep2025 15:21:01.600] [main/DEBUG] [mixin/]: MixinPlatformAgentDefault accepted container SecureJarResource(dungeons_arise_seven_seas)
[16Sep2025 15:21:01.600] [main/DEBUG] [mixin/]: Processing prepare() for PlatformAgent[MixinPlatformAgentDefault:SecureJarResource(dungeons_arise_seven_seas)]
[16Sep2025 15:21:01.600] [main/DEBUG] [mixin/]: Adding mixin platform agents for container SecureJarResource(cloth_config)
[16Sep2025 15:21:01.600] [main/DEBUG] [mixin/]: Instancing new MixinPlatformAgentMinecraftForge for SecureJarResource(cloth_config)
[16Sep2025 15:21:01.600] [main/DEBUG] [mixin/]: MixinPlatformAgentMinecraftForge rejected container SecureJarResource(cloth_config)
[16Sep2025 15:21:01.600] [main/DEBUG] [mixin/]: Instancing new MixinPlatformAgentDefault for SecureJarResource(cloth_config)
[16Sep2025 15:21:01.602] [main/DEBUG] [mixin/]: MixinPlatformAgentDefault accepted container SecureJarResource(cloth_config)
[16Sep2025 15:21:01.602] [main/DEBUG] [mixin/]: Processing prepare() for PlatformAgent[MixinPlatformAgentDefault:SecureJarResource(cloth_config)]
[16Sep2025 15:21:01.602] [main/DEBUG] [mixin/]: Adding mixin platform agents for container SecureJarResource(forge)
[16Sep2025 15:21:01.602] [main/DEBUG] [mixin/]: Instancing new MixinPlatformAgentMinecraftForge for SecureJarResource(forge)
[16Sep2025 15:21:01.602] [main/DEBUG] [mixin/]: MixinPlatformAgentMinecraftForge rejected container SecureJarResource(forge)
[16Sep2025 15:21:01.603] [main/DEBUG] [mixin/]: Instancing new MixinPlatformAgentDefault for SecureJarResource(forge)
[16Sep2025 15:21:01.603] [main/DEBUG] [mixin/]: MixinPlatformAgentDefault accepted container SecureJarResource(forge)
[16Sep2025 15:21:01.603] [main/DEBUG] [mixin/]: Processing prepare() for PlatformAgent[MixinPlatformAgentDefault:SecureJarResource(forge)]
[16Sep2025 15:21:01.603] [main/DEBUG] [mixin/]: Adding mixin platform agents for container SecureJarResource(appleskin)
[16Sep2025 15:21:01.603] [main/DEBUG] [mixin/]: Instancing new MixinPlatformAgentMinecraftForge for SecureJarResource(appleskin)
[16Sep2025 15:21:01.603] [main/DEBUG] [mixin/]: MixinPlatformAgentMinecraftForge rejected container SecureJarResource(appleskin)
[16Sep2025 15:21:01.603] [main/DEBUG] [mixin/]: Instancing new MixinPlatformAgentDefault for SecureJarResource(appleskin)
[16Sep2025 15:21:01.603] [main/DEBUG] [mixin/]: MixinPlatformAgentDefault accepted container SecureJarResource(appleskin)
[16Sep2025 15:21:01.603] [main/DEBUG] [mixin/]: Processing prepare() for PlatformAgent[MixinPlatformAgentDefault:SecureJarResource(appleskin)]
[16Sep2025 15:21:01.603] [main/DEBUG] [mixin/]: Adding mixin platform agents for container SecureJarResource(expandability)
[16Sep2025 15:21:01.603] [main/DEBUG] [mixin/]: Instancing new MixinPlatformAgentMinecraftForge for SecureJarResource(expandability)
[16Sep2025 15:21:01.604] [main/DEBUG] [mixin/]: MixinPlatformAgentMinecraftForge rejected container SecureJarResource(expandability)
[16Sep2025 15:21:01.604] [main/DEBUG] [mixin/]: Instancing new MixinPlatformAgentDefault for SecureJarResource(expandability)
[16Sep2025 15:21:01.604] [main/DEBUG] [mixin/]: MixinPlatformAgentDefault accepted container SecureJarResource(expandability)
[16Sep2025 15:21:01.604] [main/DEBUG] [mixin/]: Processing prepare() for PlatformAgent[MixinPlatformAgentDefault:SecureJarResource(expandability)]
[16Sep2025 15:21:01.604] [main/DEBUG] [mixin/]: Registering mixin config: expandability.mixins.json
[16Sep2025 15:21:01.605] [main/DEBUG] [mixin/]: Registering mixin config: expandability-common.mixins.json
[16Sep2025 15:21:01.608] [main/DEBUG] [mixin/]: Adding mixin platform agents for container SecureJarResource(twilightforest)
[16Sep2025 15:21:01.608] [main/DEBUG] [mixin/]: Instancing new MixinPlatformAgentMinecraftForge for SecureJarResource(twilightforest)
[16Sep2025 15:21:01.608] [main/DEBUG] [mixin/]: MixinPlatformAgentMinecraftForge rejected container SecureJarResource(twilightforest)
[16Sep2025 15:21:01.609] [main/DEBUG] [mixin/]: Instancing new MixinPlatformAgentDefault for SecureJarResource(twilightforest)
[16Sep2025 15:21:01.609] [main/DEBUG] [mixin/]: MixinPlatformAgentDefault accepted container SecureJarResource(twilightforest)
[16Sep2025 15:21:01.609] [main/DEBUG] [mixin/]: Processing prepare() for PlatformAgent[MixinPlatformAgentDefault:SecureJarResource(twilightforest)]
[16Sep2025 15:21:01.609] [main/DEBUG] [mixin/]: Adding mixin platform agents for container SecureJarResource(tlskincape)
[16Sep2025 15:21:01.609] [main/DEBUG] [mixin/]: Instancing new MixinPlatformAgentMinecraftForge for SecureJarResource(tlskincape)
[16Sep2025 15:21:01.609] [main/DEBUG] [mixin/]: MixinPlatformAgentMinecraftForge rejected container SecureJarResource(tlskincape)
[16Sep2025 15:21:01.610] [main/DEBUG] [mixin/]: Instancing new MixinPlatformAgentDefault for SecureJarResource(tlskincape)
[16Sep2025 15:21:01.610] [main/DEBUG] [mixin/]: MixinPlatformAgentDefault accepted container SecureJarResource(tlskincape)
[16Sep2025 15:21:01.611] [main/DEBUG] [mixin/]: Processing prepare() for PlatformAgent[MixinPlatformAgentDefault:SecureJarResource(tlskincape)]
[16Sep2025 15:21:01.611] [main/DEBUG] [mixin/]: Adding mixin platform agents for container SecureJarResource(playerrevive)
[16Sep2025 15:21:01.611] [main/DEBUG] [mixin/]: Instancing new MixinPlatformAgentMinecraftForge for SecureJarResource(playerrevive)
[16Sep2025 15:21:01.611] [main/DEBUG] [mixin/]: MixinPlatformAgentMinecraftForge rejected container SecureJarResource(playerrevive)
[16Sep2025 15:21:01.611] [main/DEBUG] [mixin/]: Instancing new MixinPlatformAgentDefault for SecureJarResource(playerrevive)
[16Sep2025 15:21:01.611] [main/DEBUG] [mixin/]: MixinPlatformAgentDefault accepted container SecureJarResource(playerrevive)
[16Sep2025 15:21:01.611] [main/DEBUG] [mixin/]: Processing prepare() for PlatformAgent[MixinPlatformAgentDefault:SecureJarResource(playerrevive)]
[16Sep2025 15:21:01.611] [main/DEBUG] [mixin/]: Registering mixin config: playerrevive.mixins.json
[16Sep2025 15:21:01.616] [main/DEBUG] [mixin/]: Adding mixin platform agents for container SecureJarResource(corpse)
[16Sep2025 15:21:01.616] [main/DEBUG] [mixin/]: Instancing new MixinPlatformAgentMinecraftForge for SecureJarResource(corpse)
[16Sep2025 15:21:01.616] [main/DEBUG] [mixin/]: MixinPlatformAgentMinecraftForge rejected container SecureJarResource(corpse)
[16Sep2025 15:21:01.616] [main/DEBUG] [mixin/]: Instancing new MixinPlatformAgentDefault for SecureJarResource(corpse)
[16Sep2025 15:21:01.616] [main/DEBUG] [mixin/]: MixinPlatformAgentDefault accepted container SecureJarResource(corpse)
[16Sep2025 15:21:01.616] [main/DEBUG] [mixin/]: Processing prepare() for PlatformAgent[MixinPlatformAgentDefault:SecureJarResource(corpse)]
[16Sep2025 15:21:01.616] [main/DEBUG] [mixin/]: Adding mixin platform agents for container SecureJarResource(dungeons_arise)
[16Sep2025 15:21:01.616] [main/DEBUG] [mixin/]: Instancing new MixinPlatformAgentMinecraftForge for SecureJarResource(dungeons_arise)
[16Sep2025 15:21:01.617] [main/DEBUG] [mixin/]: MixinPlatformAgentMinecraftForge rejected container SecureJarResource(dungeons_arise)
[16Sep2025 15:21:01.617] [main/DEBUG] [mixin/]: Instancing new MixinPlatformAgentDefault for SecureJarResource(dungeons_arise)
[16Sep2025 15:21:01.617] [main/DEBUG] [mixin/]: MixinPlatformAgentDefault accepted container SecureJarResource(dungeons_arise)
[16Sep2025 15:21:01.617] [main/DEBUG] [mixin/]: Processing prepare() for PlatformAgent[MixinPlatformAgentDefault:SecureJarResource(dungeons_arise)]
[16Sep2025 15:21:01.617] [main/DEBUG] [mixin/]: Adding mixin platform agents for container SecureJarResource(mclib)
[16Sep2025 15:21:01.617] [main/DEBUG] [mixin/]: Instancing new MixinPlatformAgentMinecraftForge for SecureJarResource(mclib)
[16Sep2025 15:21:01.617] [main/DEBUG] [mixin/]: MixinPlatformAgentMinecraftForge rejected container SecureJarResource(mclib)
[16Sep2025 15:21:01.617] [main/DEBUG] [mixin/]: Instancing new MixinPlatformAgentDefault for SecureJarResource(mclib)
[16Sep2025 15:21:01.617] [main/DEBUG] [mixin/]: MixinPlatformAgentDefault accepted container SecureJarResource(mclib)
[16Sep2025 15:21:01.617] [main/DEBUG] [mixin/]: Processing prepare() for PlatformAgent[MixinPlatformAgentDefault:SecureJarResource(mclib)]
[16Sep2025 15:21:01.617] [main/DEBUG] [mixin/]: Adding mixin platform agents for container SecureJarResource(MixinExtras)
[16Sep2025 15:21:01.617] [main/DEBUG] [mixin/]: Instancing new MixinPlatformAgentMinecraftForge for SecureJarResource(MixinExtras)
[16Sep2025 15:21:01.618] [main/DEBUG] [mixin/]: MixinPlatformAgentMinecraftForge rejected container SecureJarResource(MixinExtras)
[16Sep2025 15:21:01.618] [main/DEBUG] [mixin/]: Instancing new MixinPlatformAgentDefault for SecureJarResource(MixinExtras)
[16Sep2025 15:21:01.618] [main/DEBUG] [mixin/]: MixinPlatformAgentDefault accepted container SecureJarResource(MixinExtras)
[16Sep2025 15:21:01.618] [main/DEBUG] [mixin/]: Processing prepare() for PlatformAgent[MixinPlatformAgentDefault:SecureJarResource(MixinExtras)]
[16Sep2025 15:21:01.618] [main/DEBUG] [mixin/]: inject() running with 45 agents
[16Sep2025 15:21:01.618] [main/DEBUG] [mixin/]: Processing inject() for PlatformAgent[MixinPlatformAgentDefault:ModLauncher Root Container(ModLauncher:4f56a0a2)]
[16Sep2025 15:21:01.618] [main/DEBUG] [mixin/]: Processing inject() for PlatformAgent[MixinPlatformAgentDefault:SecureJarResource(net.optifine)]
[16Sep2025 15:21:01.618] [main/DEBUG] [mixin/]: Processing inject() for PlatformAgent[MixinPlatformAgentDefault:SecureJarResource(minecraft)]
[16Sep2025 15:21:01.618] [main/DEBUG] [mixin/]: Processing inject() for PlatformAgent[MixinPlatformAgentDefault:SecureJarResource(farmersdelight)]
[16Sep2025 15:21:01.619] [main/DEBUG] [mixin/]: Processing inject() for PlatformAgent[MixinPlatformAgentDefault:SecureJarResource(torchmaster)]
[16Sep2025 15:21:01.619] [main/DEBUG] [mixin/]: Processing inject() for PlatformAgent[MixinPlatformAgentDefault:SecureJarResource(mowziesmobs)]
[16Sep2025 15:21:01.620] [main/DEBUG] [mixin/]: Processing inject() for PlatformAgent[MixinPlatformAgentDefault:SecureJarResource(terrablender)]
[16Sep2025 15:21:01.620] [main/DEBUG] [mixin/]: Processing inject() for PlatformAgent[MixinPlatformAgentDefault:SecureJarResource(biomesoplenty)]
[16Sep2025 15:21:01.620] [main/DEBUG] [mixin/]: Processing inject() for PlatformAgent[MixinPlatformAgentDefault:SecureJarResource(jade)]
[16Sep2025 15:21:01.621] [main/DEBUG] [mixin/]: Processing inject() for PlatformAgent[MixinPlatformAgentDefault:SecureJarResource(geckolib)]
[16Sep2025 15:21:01.621] [main/DEBUG] [mixin/]: Processing inject() for PlatformAgent[MixinPlatformAgentDefault:SecureJarResource(creativecore)]
[16Sep2025 15:21:01.621] [main/DEBUG] [mixin/]: Processing inject() for PlatformAgent[MixinPlatformAgentDefault:SecureJarResource(atistructures)]
[16Sep2025 15:21:01.621] [main/DEBUG] [mixin/]: Processing inject() for PlatformAgent[MixinPlatformAgentDefault:SecureJarResource(jei)]
[16Sep2025 15:21:01.621] [main/DEBUG] [mixin/]: Processing inject() for PlatformAgent[MixinPlatformAgentDefault:SecureJarResource(graveyard)]
[16Sep2025 15:21:01.621] [main/DEBUG] [mixin/]: Processing inject() for PlatformAgent[MixinPlatformAgentDefault:SecureJarResource(goblintraders)]
[16Sep2025 15:21:01.621] [main/DEBUG] [mixin/]: Processing inject() for PlatformAgent[MixinPlatformAgentDefault:SecureJarResource(sophisticatedcore)]
[16Sep2025 15:21:01.621] [main/DEBUG] [mixin/]: Processing inject() for PlatformAgent[MixinPlatformAgentDefault:SecureJarResource(curios)]
[16Sep2025 15:21:01.621] [main/DEBUG] [mixin/]: Processing inject() for PlatformAgent[MixinPlatformAgentDefault:SecureJarResource(camera)]
[16Sep2025 15:21:01.621] [main/DEBUG] [mixin/]: Processing inject() for PlatformAgent[MixinPlatformAgentDefault:SecureJarResource(journeymap)]
[16Sep2025 15:21:01.621] [main/DEBUG] [mixin/]: Processing inject() for PlatformAgent[MixinPlatformAgentDefault:SecureJarResource(citadel)]
[16Sep2025 15:21:01.621] [main/DEBUG] [mixin/]: Processing inject() for PlatformAgent[MixinPlatformAgentDefault:SecureJarResource(alexscaves)]
[16Sep2025 15:21:01.621] [main/DEBUG] [mixin/]: Processing inject() for PlatformAgent[MixinPlatformAgentDefault:SecureJarResource(alexsmobs)]
[16Sep2025 15:21:01.621] [main/DEBUG] [mixin/]: Processing inject() for PlatformAgent[MixinPlatformAgentDefault:SecureJarResource(securitycraft)]
[16Sep2025 15:21:01.621] [main/DEBUG] [mixin/]: Processing inject() for PlatformAgent[MixinPlatformAgentDefault:SecureJarResource(artifacts)]
[16Sep2025 15:21:01.621] [main/DEBUG] [mixin/]: Processing inject() for PlatformAgent[MixinPlatformAgentDefault:SecureJarResource(mr_dungeons_andtaverns)]
[16Sep2025 15:21:01.621] [main/DEBUG] [mixin/]: Processing inject() for PlatformAgent[MixinPlatformAgentDefault:SecureJarResource(mixinextras)]
[16Sep2025 15:21:01.621] [main/DEBUG] [mixin/]: Processing inject() for PlatformAgent[MixinPlatformAgentDefault:SecureJarResource(sophisticatedbackpacks)]
[16Sep2025 15:21:01.621] [main/DEBUG] [mixin/]: Processing inject() for PlatformAgent[MixinPlatformAgentDefault:SecureJarResource(architectury)]
[16Sep2025 15:21:01.621] [main/DEBUG] [mixin/]: Processing inject() for PlatformAgent[MixinPlatformAgentDefault:SecureJarResource(iceandfire)]
[16Sep2025 15:21:01.621] [main/DEBUG] [mixin/]: Processing inject() for PlatformAgent[MixinPlatformAgentDefault:SecureJarResource(extra_dungeons)]
[16Sep2025 15:21:01.622] [main/DEBUG] [mixin/]: Processing inject() for PlatformAgent[MixinPlatformAgentDefault:SecureJarResource(carryon)]
[16Sep2025 15:21:01.622] [main/DEBUG] [mixin/]: Processing inject() for PlatformAgent[MixinPlatformAgentDefault:SecureJarResource(jeresources)]
[16Sep2025 15:21:01.622] [main/DEBUG] [mixin/]: Processing inject() for PlatformAgent[MixinPlatformAgentDefault:SecureJarResource(framework)]
[16Sep2025 15:21:01.622] [main/DEBUG] [mixin/]: Processing inject() for PlatformAgent[MixinPlatformAgentDefault:SecureJarResource(dungeons_arise_seven_seas)]
[16Sep2025 15:21:01.622] [main/DEBUG] [mixin/]: Processing inject() for PlatformAgent[MixinPlatformAgentDefault:SecureJarResource(cloth_config)]
[16Sep2025 15:21:01.622] [main/DEBUG] [mixin/]: Processing inject() for PlatformAgent[MixinPlatformAgentDefault:SecureJarResource(forge)]
[16Sep2025 15:21:01.622] [main/DEBUG] [mixin/]: Processing inject() for PlatformAgent[MixinPlatformAgentDefault:SecureJarResource(appleskin)]
[16Sep2025 15:21:01.622] [main/DEBUG] [mixin/]: Processing inject() for PlatformAgent[MixinPlatformAgentDefault:SecureJarResource(expandability)]
[16Sep2025 15:21:01.623] [main/DEBUG] [mixin/]: Processing inject() for PlatformAgent[MixinPlatformAgentDefault:SecureJarResource(twilightforest)]
[16Sep2025 15:21:01.624] [main/DEBUG] [mixin/]: Processing inject() for PlatformAgent[MixinPlatformAgentDefault:SecureJarResource(tlskincape)]
[16Sep2025 15:21:01.624] [main/DEBUG] [mixin/]: Processing inject() for PlatformAgent[MixinPlatformAgentDefault:SecureJarResource(playerrevive)]
[16Sep2025 15:21:01.624] [main/DEBUG] [mixin/]: Processing inject() for PlatformAgent[MixinPlatformAgentDefault:SecureJarResource(corpse)]
[16Sep2025 15:21:01.624] [main/DEBUG] [mixin/]: Processing inject() for PlatformAgent[MixinPlatformAgentDefault:SecureJarResource(dungeons_arise)]
[16Sep2025 15:21:01.624] [main/DEBUG] [mixin/]: Processing inject() for PlatformAgent[MixinPlatformAgentDefault:SecureJarResource(mclib)]
[16Sep2025 15:21:01.624] [main/DEBUG] [mixin/]: Processing inject() for PlatformAgent[MixinPlatformAgentDefault:SecureJarResource(MixinExtras)]
[16Sep2025 15:21:01.656] [main/DEBUG] [mixin/]: Error cleaning class output directory: .mixin.out
[16Sep2025 15:21:01.657] [main/DEBUG] [mixin/]: Preparing mixins for MixinEnvironment[PREINIT]
[16Sep2025 15:21:01.667] [main/INFO] [mixin/]: Successfully loaded Mixin Connector [de.maxhenkel.camera.MixinConnector]
[16Sep2025 15:21:01.668] [main/INFO] [mixin/]: Successfully loaded Mixin Connector [org.tlauncher.MixinConnector]
[16Sep2025 15:21:01.673] [main/DEBUG] [mixin/]: Compatibility level JAVA_16 specified by tlskincape-mixins.json is higher than the maximum level supported by this version of mixin (JAVA_13).
[16Sep2025 15:21:01.673] [main/INFO] [cpw.mods.modlauncher.LaunchServiceHandler/MODLAUNCHER]: Launching target 'forgeserver' with arguments [nogui]
[16Sep2025 15:21:01.675] [main/DEBUG] [mixin/]: Preparing mixins for MixinEnvironment[DEFAULT]
[16Sep2025 15:21:01.676] [main/DEBUG] [mixin/]: Selecting config farmersdelight.mixins.json
[16Sep2025 15:21:01.680] [main/DEBUG] [mixin/]: Selecting config mowziesmobs.mixins.json
[16Sep2025 15:21:01.682] [main/DEBUG] [mixin/]: Selecting config terrablender.mixins.json
[16Sep2025 15:21:01.683] [main/DEBUG] [mixin/]: Selecting config terrablender_forge.mixins.json
[16Sep2025 15:21:01.685] [main/DEBUG] [mixin/]: Selecting config jade.mixins.json
[16Sep2025 15:21:01.686] [main/DEBUG] [mixin/]: Selecting config geckolib.mixins.json
[16Sep2025 15:21:01.688] [main/DEBUG] [mixin/]: Selecting config creativecore.mixins.json
[16Sep2025 15:21:01.689] [main/DEBUG] [mixin/]: Selecting config creativecore.forge.mixins.json
[16Sep2025 15:21:01.690] [main/DEBUG] [mixin/]: Selecting config graveyard-common.mixins.json
[16Sep2025 15:21:01.693] [main/DEBUG] [mixin/]: Selecting config graveyard-forge.mixins.json
[16Sep2025 15:21:01.696] [main/WARN] [mixin/]: Reference map 'graveyard-FORGE-forge-refmap.json' for graveyard-forge.mixins.json could not be read. If this is a development environment you can ignore this message
[16Sep2025 15:21:01.696] [main/DEBUG] [mixin/]: Selecting config goblintraders.common.mixins.json
[16Sep2025 15:21:01.698] [main/DEBUG] [mixin/]: Selecting config curios.mixins.json
[16Sep2025 15:21:01.700] [main/DEBUG] [mixin/]: Selecting config journeymap.mixins.json
[16Sep2025 15:21:01.702] [main/DEBUG] [mixin/]: Selecting config citadel.mixins.json
[16Sep2025 15:21:01.705] [main/DEBUG] [mixin/]: Selecting config alexscaves.mixins.json
[16Sep2025 15:21:01.708] [main/DEBUG] [mixin/]: Selecting config securitycraft.mixins.json
[16Sep2025 15:21:01.710] [main/DEBUG] [mixin/]: Selecting config mixins.artifacts.common.json
[16Sep2025 15:21:01.713] [main/DEBUG] [mixin/]: Selecting config mixins.artifacts.forge.json
[16Sep2025 15:21:01.716] [main/DEBUG] [mixin/]: Selecting config mixinextras.init.mixins.json
[16Sep2025 15:21:01.763] [main/DEBUG] [MixinExtras|Service/]: com.llamalad7.mixinextras.service.MixinExtrasServiceImpl(version=0.3.5) is taking over from null
[16Sep2025 15:21:01.803] [main/DEBUG] [mixin/]: Registering new injector for @Inject with org.spongepowered.asm.mixin.injection.struct.CallbackInjectionInfo
[16Sep2025 15:21:01.804] [main/DEBUG] [mixin/]: Registering new injector for @ModifyArg with org.spongepowered.asm.mixin.injection.struct.ModifyArgInjectionInfo
[16Sep2025 15:21:01.805] [main/DEBUG] [mixin/]: Registering new injector for @ModifyArgs with org.spongepowered.asm.mixin.injection.struct.ModifyArgsInjectionInfo
[16Sep2025 15:21:01.807] [main/DEBUG] [mixin/]: Registering new injector for @Redirect with org.spongepowered.asm.mixin.injection.struct.RedirectInjectionInfo
[16Sep2025 15:21:01.808] [main/DEBUG] [mixin/]: Registering new injector for @ModifyVariable with org.spongepowered.asm.mixin.injection.struct.ModifyVariableInjectionInfo
[16Sep2025 15:21:01.811] [main/DEBUG] [mixin/]: Registering new injector for @ModifyConstant with org.spongepowered.asm.mixin.injection.struct.ModifyConstantInjectionInfo
[16Sep2025 15:21:01.828] [main/DEBUG] [mixin/]: Selecting config architectury.mixins.json
[16Sep2025 15:21:01.835] [main/DEBUG] [mixin/]: Selecting config architectury-common.mixins.json
[16Sep2025 15:21:01.837] [main/DEBUG] [mixin/]: Selecting config iceandfire.mixins.json
[16Sep2025 15:21:01.841] [main/DEBUG] [mixin/]: Selecting config carryon.mixins.json
[16Sep2025 15:21:01.845] [main/DEBUG] [mixin/]: Selecting config carryon.forge.mixins.json
[16Sep2025 15:21:01.848] [main/DEBUG] [mixin/]: Selecting config expandability.mixins.json
[16Sep2025 15:21:01.851] [main/DEBUG] [mixin/]: Selecting config expandability-common.mixins.json
[16Sep2025 15:21:01.857] [main/DEBUG] [mixin/]: Selecting config playerrevive.mixins.json
[16Sep2025 15:21:01.861] [main/DEBUG] [mixin/]: Selecting config assets/camera/camera.mixins.json
[16Sep2025 15:21:01.863] [main/DEBUG] [mixin/]: Selecting config tlskincape-mixins.json
[16Sep2025 15:21:01.866] [main/DEBUG] [mixin/]: Preparing farmersdelight.mixins.json (9)
[16Sep2025 15:21:01.944] [main/DEBUG] [mixin/]: Preparing mowziesmobs.mixins.json (1)
[16Sep2025 15:21:01.954] [main/DEBUG] [mixin/]: Preparing terrablender.mixins.json (7)
[16Sep2025 15:21:02.017] [main/DEBUG] [mixin/]: Preparing terrablender_forge.mixins.json (0)
[16Sep2025 15:21:02.021] [main/DEBUG] [mixin/]: Preparing jade.mixins.json (2)
[16Sep2025 15:21:02.021] [main/DEBUG] [mixin/]: Preparing geckolib.mixins.json (1)
[16Sep2025 15:21:02.021] [main/DEBUG] [mixin/]: Preparing creativecore.mixins.json (8)
[16Sep2025 15:21:02.081] [main/DEBUG] [mixin/]: Preparing creativecore.forge.mixins.json (3)
[16Sep2025 15:21:02.085] [main/DEBUG] [mixin/]: Preparing graveyard-common.mixins.json (11)
[16Sep2025 15:21:02.135] [main/DEBUG] [net.minecraftforge.coremod.transformer.CoreModBaseTransformer/COREMOD]: Transforming net/minecraft/world/entity/npc/Villager
[16Sep2025 15:21:02.630] [main/DEBUG] [mixin/]: Preparing graveyard-forge.mixins.json (0)
[16Sep2025 15:21:02.630] [main/DEBUG] [mixin/]: Preparing goblintraders.common.mixins.json (5)
[16Sep2025 15:21:02.639] [main/DEBUG] [mixin/]: Preparing curios.mixins.json (13)
[16Sep2025 15:21:02.695] [main/DEBUG] [mixin/]: Preparing journeymap.mixins.json (3)
[16Sep2025 15:21:02.695] [main/DEBUG] [mixin/]: Preparing citadel.mixins.json (15)
[16Sep2025 15:21:02.709] [main/DEBUG] [net.minecraftforge.coremod.transformer.CoreModBaseTransformer/COREMOD]: Transforming m_46758_ with desc (Lnet/minecraft/core/BlockPos;)Z
[16Sep2025 15:21:02.788] [main/DEBUG] [mixin/]: Preparing alexscaves.mixins.json (52)
[16Sep2025 15:21:02.895] [main/DEBUG] [net.minecraftforge.coremod.transformer.CoreModBaseTransformer/COREMOD]: Transforming net/minecraft/world/level/NaturalSpawner
[16Sep2025 15:21:03.071] [main/DEBUG] [net.minecraftforge.coremod.transformer.CoreModBaseTransformer/COREMOD]: Transforming net/minecraft/world/level/levelgen/structure/structures/SwampHutPiece
[16Sep2025 15:21:03.121] [main/DEBUG] [mixin/]: Preparing securitycraft.mixins.json (18)
[16Sep2025 15:21:03.153] [main/DEBUG] [net.minecraftforge.coremod.transformer.CoreModBaseTransformer/COREMOD]: Transforming m_46758_ with desc (Lnet/minecraft/core/BlockPos;)Z
[16Sep2025 15:21:03.199] [main/DEBUG] [net.minecraftforge.coremod.transformer.CoreModBaseTransformer/COREMOD]: Transforming m_7626_ with desc (Lnet/minecraft/world/item/ItemStack;)Lnet/minecraft/network/chat/Component;
[16Sep2025 15:21:03.215] [main/DEBUG] [mixin/]: Preparing mixins.artifacts.common.json (21)
[16Sep2025 15:21:03.240] [main/DEBUG] [mixin/]: Preparing mixins.artifacts.forge.json (3)
[16Sep2025 15:21:03.244] [main/DEBUG] [mixin/]: Preparing mixinextras.init.mixins.json (0)
[16Sep2025 15:21:03.245] [main/DEBUG] [mixin/]: Preparing architectury.mixins.json (9)
[16Sep2025 15:21:03.254] [main/DEBUG] [mixin/]: Preparing architectury-common.mixins.json (10)
[16Sep2025 15:21:03.262] [main/DEBUG] [net.minecraftforge.coremod.transformer.CoreModBaseTransformer/COREMOD]: Transforming net/minecraft/world/item/BucketItem
[16Sep2025 15:21:03.271] [main/DEBUG] [net.minecraftforge.coremod.transformer.CoreModBaseTransformer/COREMOD]: Transforming net/minecraft/world/entity/EntityType
[16Sep2025 15:21:03.394] [main/DEBUG] [net.minecraftforge.coremod.transformer.CoreModBaseTransformer/COREMOD]: Transforming m_41435_ with desc (Lnet/minecraft/world/level/Level;Lnet/minecraft/world/entity/player/Player;Lnet/minecraft/world/level/ClipContext$Fluid;)Lnet/minecraft/world/phys/BlockHitResult;
[16Sep2025 15:21:03.412] [main/DEBUG] [net.minecraftforge.coremod.transformer.CoreModBaseTransformer/COREMOD]: Transforming net/minecraft/world/level/block/LiquidBlock
[16Sep2025 15:21:03.418] [main/DEBUG] [mixin/]: Preparing iceandfire.mixins.json (2)
[16Sep2025 15:21:03.420] [main/DEBUG] [mixin/]: Preparing carryon.mixins.json (5)
[16Sep2025 15:21:03.421] [main/DEBUG] [mixin/]: Preparing carryon.forge.mixins.json (0)
[16Sep2025 15:21:03.421] [main/DEBUG] [mixin/]: Preparing expandability.mixins.json (4)
[16Sep2025 15:21:03.422] [main/DEBUG] [mixin/]: Preparing expandability-common.mixins.json (9)
[16Sep2025 15:21:03.432] [main/DEBUG] [mixin/]: Preparing playerrevive.mixins.json (5)
[16Sep2025 15:21:03.437] [main/DEBUG] [mixin/]: Preparing assets/camera/camera.mixins.json (1)
[16Sep2025 15:21:03.440] [main/DEBUG] [mixin/]: Preparing tlskincape-mixins.json (4)
[16Sep2025 15:21:03.445] [main/ERROR] [net.minecraftforge.fml.loading.RuntimeDistCleaner/DISTXFORM]: Attempted to load class net/minecraft/client/player/AbstractClientPlayer for invalid dist DEDICATED_SERVER
[16Sep2025 15:21:03.446] [main/WARN] [mixin/]: Error loading class: net/minecraft/client/player/AbstractClientPlayer (java.lang.RuntimeException: Attempted to load class net/minecraft/client/player/AbstractClientPlayer for invalid dist DEDICATED_SERVER)
[16Sep2025 15:21:03.446] [main/WARN] [mixin/]: @Mixin target net.minecraft.client.player.AbstractClientPlayer was not found tlskincape-mixins.json:MixinAbstractPlayer
[16Sep2025 15:21:03.450] [main/ERROR] [net.minecraftforge.fml.loading.RuntimeDistCleaner/DISTXFORM]: Attempted to load class net/minecraft/client/gui/screens/TitleScreen for invalid dist DEDICATED_SERVER
[16Sep2025 15:21:03.450] [main/WARN] [mixin/]: Error loading class: net/minecraft/client/gui/screens/TitleScreen (java.lang.RuntimeException: Attempted to load class net/minecraft/client/gui/screens/TitleScreen for invalid dist DEDICATED_SERVER)
[16Sep2025 15:21:03.451] [main/WARN] [mixin/]: @Mixin target net.minecraft.client.gui.screens.TitleScreen was not found tlskincape-mixins.json:MixinMainMenu
[16Sep2025 15:21:03.453] [main/WARN] [mixin/]: Error loading class: net/minecraft/client/model/PlayerModel (java.lang.ClassNotFoundException: net.minecraft.client.model.PlayerModel)
[16Sep2025 15:21:03.454] [main/WARN] [mixin/]: @Mixin target net.minecraft.client.model.PlayerModel was not found tlskincape-mixins.json:MixinPlayerModel
[16Sep2025 15:21:03.564] [main/DEBUG] [mixin/]: Prepared 146 mixins in 1.887 sec (12.9ms avg) (0ms load, 0ms transform, 0ms plugin)
[16Sep2025 15:21:03.585] [main/INFO] [MixinExtras|Service/]: Initializing MixinExtras via com.llamalad7.mixinextras.service.MixinExtrasServiceImpl(version=0.3.5).
[16Sep2025 15:21:03.591] [main/DEBUG] [mixin/]: Registering new injector for @SugarWrapper with com.llamalad7.mixinextras.sugar.impl.SugarWrapperInjectionInfo
[16Sep2025 15:21:03.593] [main/DEBUG] [mixin/]: Registering new injector for @FactoryRedirectWrapper with com.llamalad7.mixinextras.wrapper.factory.FactoryRedirectWrapperInjectionInfo
[16Sep2025 15:21:03.603] [main/DEBUG] [mixin/]: Mixing MinecraftServerMixin from citadel.mixins.json into net.minecraft.server.MinecraftServer
[16Sep2025 15:21:03.796] [main/DEBUG] [io.netty.util.internal.logging.InternalLoggerFactory/]: Using SLF4J as the default logging framework
[16Sep2025 15:21:03.800] [main/DEBUG] [io.netty.util.ResourceLeakDetector/]: -Dio.netty.leakDetection.level: simple
[16Sep2025 15:21:03.800] [main/DEBUG] [io.netty.util.ResourceLeakDetector/]: -Dio.netty.leakDetection.targetRecords: 4
[16Sep2025 15:21:04.050] [main/DEBUG] [oshi.util.FileUtil/]: No oshi.properties file found from ClassLoader cpw.mods.modlauncher.TransformingClassLoader@168ad26f
[16Sep2025 15:21:04.051] [main/DEBUG] [oshi.util.FileUtil/]: No oshi.properties file found from ClassLoader jdk.internal.loader.ClassLoaders$AppClassLoader@76ed5528
[16Sep2025 15:21:04.101] [main/DEBUG] [oshi.util.FileUtil/]: Reading file /proc/self/auxv
[16Sep2025 15:21:04.102] [main/DEBUG] [oshi.util.FileUtil/]: Reading file /proc/self/auxv
[16Sep2025 15:21:04.109] [main/DEBUG] [oshi.util.FileUtil/]: Reading file /proc/stat
[16Sep2025 15:21:04.116] [main/DEBUG] [oshi.util.FileUtil/]: Reading file /sys/devices/system/cpu/cpu0/topology/core_id
[16Sep2025 15:21:04.117] [main/DEBUG] [oshi.util.FileUtil/]: Reading file /sys/devices/system/cpu/cpu0/topology/core_id
[16Sep2025 15:21:04.117] [main/DEBUG] [oshi.util.FileUtil/]: Reading file /sys/devices/system/cpu/cpu0/topology/physical_package_id
[16Sep2025 15:21:04.117] [main/DEBUG] [oshi.util.FileUtil/]: Reading file /sys/devices/system/cpu/cpu0/topology/physical_package_id
[16Sep2025 15:21:04.117] [main/DEBUG] [oshi.util.FileUtil/]: Reading file /sys/devices/system/cpu/cpu0/cpu_capacity
[16Sep2025 15:21:04.118] [main/DEBUG] [oshi.util.FileUtil/]: Reading file /sys/devices/system/cpu/cpu1/topology/core_id
[16Sep2025 15:21:04.118] [main/DEBUG] [oshi.util.FileUtil/]: Reading file /sys/devices/system/cpu/cpu1/topology/core_id
[16Sep2025 15:21:04.119] [main/DEBUG] [oshi.util.FileUtil/]: Reading file /sys/devices/system/cpu/cpu1/topology/physical_package_id
[16Sep2025 15:21:04.119] [main/DEBUG] [oshi.util.FileUtil/]: Reading file /sys/devices/system/cpu/cpu1/topology/physical_package_id
[16Sep2025 15:21:04.119] [main/DEBUG] [oshi.util.FileUtil/]: Reading file /sys/devices/system/cpu/cpu1/cpu_capacity
[16Sep2025 15:21:04.119] [main/DEBUG] [oshi.util.FileUtil/]: Reading file /sys/devices/system/cpu/cpu2/topology/core_id
[16Sep2025 15:21:04.119] [main/DEBUG] [oshi.util.FileUtil/]: Reading file /sys/devices/system/cpu/cpu2/topology/core_id
[16Sep2025 15:21:04.119] [main/DEBUG] [oshi.util.FileUtil/]: Reading file /sys/devices/system/cpu/cpu2/topology/physical_package_id
[16Sep2025 15:21:04.119] [main/DEBUG] [oshi.util.FileUtil/]: Reading file /sys/devices/system/cpu/cpu2/topology/physical_package_id
[16Sep2025 15:21:04.120] [main/DEBUG] [oshi.util.FileUtil/]: Reading file /sys/devices/system/cpu/cpu2/cpu_capacity
[16Sep2025 15:21:04.120] [main/DEBUG] [oshi.util.FileUtil/]: Reading file /sys/devices/system/cpu/cpu3/topology/core_id
[16Sep2025 15:21:04.120] [main/DEBUG] [oshi.util.FileUtil/]: Reading file /sys/devices/system/cpu/cpu3/topology/core_id
[16Sep2025 15:21:04.120] [main/DEBUG] [oshi.util.FileUtil/]: Reading file /sys/devices/system/cpu/cpu3/topology/physical_package_id
[16Sep2025 15:21:04.120] [main/DEBUG] [oshi.util.FileUtil/]: Reading file /sys/devices/system/cpu/cpu3/topology/physical_package_id
[16Sep2025 15:21:04.121] [main/DEBUG] [oshi.util.FileUtil/]: Reading file /sys/devices/system/cpu/cpu3/cpu_capacity
[16Sep2025 15:21:04.125] [main/DEBUG] [oshi.util.FileUtil/]: Reading file /proc/cpuinfo
[16Sep2025 15:21:04.136] [main/DEBUG] [oshi.util.FileUtil/]: Reading file /proc/self/auxv
[16Sep2025 15:21:04.139] [main/DEBUG] [oshi.util.FileUtil/]: No oshi.architecture.properties file found from ClassLoader cpw.mods.modlauncher.TransformingClassLoader@168ad26f
[16Sep2025 15:21:04.140] [main/DEBUG] [oshi.util.FileUtil/]: No oshi.architecture.properties file found from ClassLoader jdk.internal.loader.ClassLoaders$AppClassLoader@76ed5528
[16Sep2025 15:21:04.163] [main/DEBUG] [oshi.util.FileUtil/]: Reading file /proc/meminfo
[16Sep2025 15:21:04.165] [main/DEBUG] [oshi.util.FileUtil/]: Reading file /proc/meminfo
[16Sep2025 15:21:04.279] [main/DEBUG] [mixin/]: Mixing MixinBuiltInRegistries from terrablender.mixins.json into net.minecraft.core.registries.BuiltInRegistries
[16Sep2025 15:21:04.280] [main/DEBUG] [mixin/]: Renaming synthetic method lambda$registerSimple$0(Lnet/minecraft/core/registries/BuiltInRegistries$RegistryBootstrap;Lnet/minecraft/core/Registry;)Ljava/lang/Object; to md5151c0$lambda$registerSimple$0$0 in terrablender.mixins.json:MixinBuiltInRegistries
[16Sep2025 15:21:04.366] [main/DEBUG] [mixin/]: Mixing inject.MixinGameEvent from architectury-common.mixins.json into net.minecraft.world.level.gameevent.GameEvent
[16Sep2025 15:21:04.413] [main/DEBUG] [mixin/]: Mixing inject.MixinBlock from architectury-common.mixins.json into net.minecraft.world.level.block.Block
[16Sep2025 15:21:04.442] [main/DEBUG] [mixin/]: Mixing fluidcollision.BlockStateBaseMixin from expandability-common.mixins.json into net.minecraft.world.level.block.state.BlockBehaviour$BlockStateBase
[16Sep2025 15:21:04.481] [main/DEBUG] [mixin/]: Mixing AccessorEntity from curios.mixins.json into net.minecraft.world.entity.Entity
[16Sep2025 15:21:04.487] [main/DEBUG] [mixin/]: Mixing EntityMixin from alexscaves.mixins.json into net.minecraft.world.entity.Entity
[16Sep2025 15:21:04.849] [main/DEBUG] [net.minecraftforge.coremod.transformer.CoreModBaseTransformer/COREMOD]: Transforming net/minecraft/world/item/ItemStack
[16Sep2025 15:21:04.949] [main/DEBUG] [mixin/]: Mixing item.umbrella.EntityMixin from mixins.artifacts.common.json into net.minecraft.world.entity.Entity
[16Sep2025 15:21:04.952] [main/DEBUG] [mixin/]: Mixing item.wearable.aquadashers.EntityMixin from mixins.artifacts.common.json into net.minecraft.world.entity.Entity
[16Sep2025 15:21:04.996] [main/DEBUG] [mixin/]: Mixing EntityMixin from carryon.mixins.json into net.minecraft.world.entity.Entity
[16Sep2025 15:21:05.018] [main/DEBUG] [mixin/]: Mixing swimming.EntityMixin from expandability.mixins.json into net.minecraft.world.entity.Entity
[16Sep2025 15:21:05.028] [main/DEBUG] [mixin/]: Mixing swimming.EntityMixin from expandability-common.mixins.json into net.minecraft.world.entity.Entity
[16Sep2025 15:21:05.313] [main/DEBUG] [mixin/]: Mixing MixinLivingEntity from curios.mixins.json into net.minecraft.world.entity.LivingEntity
[16Sep2025 15:21:05.316] [main/DEBUG] [mixin/]: Mixing LivingEntityMixin from citadel.mixins.json into net.minecraft.world.entity.LivingEntity
[16Sep2025 15:21:05.322] [main/DEBUG] [mixin/]: Mixing LivingEntityMixin from alexscaves.mixins.json into net.minecraft.world.entity.LivingEntity
[16Sep2025 15:21:05.333] [main/DEBUG] [net.minecraftforge.coremod.transformer.CoreModBaseTransformer/COREMOD]: Transforming net/minecraft/world/effect/MobEffectInstance
[16Sep2025 15:21:05.349] [main/DEBUG] [mixin/]: Mixing accessors.LivingEntityAccessor from mixins.artifacts.common.json into net.minecraft.world.entity.LivingEntity
[16Sep2025 15:21:05.349] [main/DEBUG] [mixin/]: Mixing item.hurtsound.LivingEntityMixin from mixins.artifacts.common.json into net.minecraft.world.entity.LivingEntity
[16Sep2025 15:21:05.353] [main/DEBUG] [mixin/]: Mixing item.wearable.chorustotem.LivingEntityMixin from mixins.artifacts.common.json into net.minecraft.world.entity.LivingEntity
[16Sep2025 15:21:05.376] [main/DEBUG] [mixin/]: Mixing item.wearable.snowshoes.LivingEntityMixin from mixins.artifacts.forge.json into net.minecraft.world.entity.LivingEntity
[16Sep2025 15:21:05.378] [main/DEBUG] [mixin/]: Mixing swimming.LivingEntityMixin from expandability.mixins.json into net.minecraft.world.entity.LivingEntity
[16Sep2025 15:21:05.379] [main/DEBUG] [mixin/]: Mixing swimming.LivingEntityMixin from expandability-common.mixins.json into net.minecraft.world.entity.LivingEntity
[16Sep2025 15:21:05.524] [main/DEBUG] [net.minecraftforge.coremod.transformer.CoreModBaseTransformer/COREMOD]: Transforming m_46758_ with desc (Lnet/minecraft/core/BlockPos;)Z
[16Sep2025 15:21:05.527] [main/DEBUG] [mixin/]: Mixing LevelMixin from citadel.mixins.json into net.minecraft.world.level.Level
[16Sep2025 15:21:05.559] [main/DEBUG] [mixin/]: Mixing ServerLevelMixin from citadel.mixins.json into net.minecraft.server.level.ServerLevel
[16Sep2025 15:21:05.594] [main/DEBUG] [mixin/]: Mixing PlayerMixin from alexscaves.mixins.json into net.minecraft.world.entity.player.Player
[16Sep2025 15:21:05.604] [main/DEBUG] [mixin/]: Mixing PlayerMixin from carryon.mixins.json into net.minecraft.world.entity.player.Player
[16Sep2025 15:21:05.607] [main/DEBUG] [mixin/]: Mixing swimming.PlayerMixin from expandability-common.mixins.json into net.minecraft.world.entity.player.Player
[16Sep2025 15:21:05.609] [main/DEBUG] [mixin/]: Mixing PlayerMixin from playerrevive.mixins.json into net.minecraft.world.entity.player.Player
[16Sep2025 15:21:05.615] [main/DEBUG] [mixin/]: Mixing MixinPlayer from tlskincape-mixins.json into net.minecraft.world.entity.player.Player
[16Sep2025 15:21:05.615] [main/DEBUG] [mixin/]: tlskincape-mixins.json:MixinPlayer: Class version 61 required is higher than the class version supported by the current version of Mixin (JAVA_16 supports class version 60)
[16Sep2025 15:21:05.685] [main/DEBUG] [mixin/]: Mixing inject.MixinFluid from architectury-common.mixins.json into net.minecraft.world.level.material.Fluid
[16Sep2025 15:21:05.690] [main/DEBUG] [net.minecraftforge.coremod.transformer.CoreModBaseTransformer/COREMOD]: Transforming m_41435_ with desc (Lnet/minecraft/world/level/Level;Lnet/minecraft/world/entity/player/Player;Lnet/minecraft/world/level/ClipContext$Fluid;)Lnet/minecraft/world/phys/BlockHitResult;
[16Sep2025 15:21:05.690] [main/DEBUG] [mixin/]: Mixing inject.MixinItem from architectury-common.mixins.json into net.minecraft.world.item.Item
[16Sep2025 15:21:05.708] [main/DEBUG] [net.minecraftforge.coremod.transformer.CoreModBaseTransformer/COREMOD]: Transforming net/minecraft/world/entity/EntityType
[16Sep2025 15:21:05.817] [main/DEBUG] [mixin/]: Mixing inject.MixinEntityType from architectury-common.mixins.json into net.minecraft.world.entity.EntityType
[16Sep2025 15:21:05.833] [main/DEBUG] [mixin/]: Mixing EnchantmentMixin from goblintraders.common.mixins.json into net.minecraft.world.item.enchantment.Enchantment
[16Sep2025 15:21:05.851] [main/DEBUG] [mixin/]: Mixing ChunkStatusMixin from alexscaves.mixins.json into net.minecraft.world.level.chunk.ChunkStatus
[16Sep2025 15:21:05.894] [main/DEBUG] [mixin/]: Mixing KeepRichSoilGiantTreeMixin from farmersdelight.mixins.json into net.minecraft.world.level.levelgen.feature.Feature
[16Sep2025 15:21:05.895] [main/DEBUG] [mixin/]: Renaming synthetic method lambda$keepRichSoil$0(Lnet/minecraft/world/level/block/state/BlockState;)Z to md5151c0$lambda$keepRichSoil$0$0 in farmersdelight.mixins.json:KeepRichSoilGiantTreeMixin
[16Sep2025 15:21:05.915] [main/DEBUG] [mixin/]: Mixing TrunkPlacerTypeInvoker from graveyard-common.mixins.json into net.minecraft.world.level.levelgen.feature.trunkplacers.TrunkPlacerType
[16Sep2025 15:21:05.915] [main/DEBUG] [mixin/]: Renaming @Invoker method callRegister(Ljava/lang/String;Lcom/mojang/serialization/Codec;)Lnet/minecraft/world/level/levelgen/feature/trunkplacers/TrunkPlacerType; to callRegister_$md$5151c0$0 in graveyard-common.mixins.json:TrunkPlacerTypeInvoker
[16Sep2025 15:21:05.999] [main/DEBUG] [mixin/]: Mixing ShapesMixin from creativecore.mixins.json into net.minecraft.world.phys.shapes.Shapes
[16Sep2025 15:21:06.055] [main/DEBUG] [mixin/]: Mixing VoxelShapeAccessor from creativecore.mixins.json into net.minecraft.world.phys.shapes.VoxelShape
[16Sep2025 15:21:06.212] [main/DEBUG] [mixin/]: Mixing PlantBlockMixin from graveyard-common.mixins.json into net.minecraft.world.level.block.BushBlock
[16Sep2025 15:21:06.221] [main/DEBUG] [net.minecraftforge.coremod.transformer.CoreModBaseTransformer/COREMOD]: Transforming net/minecraft/world/level/block/LiquidBlock
[16Sep2025 15:21:06.221] [main/DEBUG] [mixin/]: Mixing inject.MixinLiquidBlock from architectury-common.mixins.json into net.minecraft.world.level.block.LiquidBlock
[16Sep2025 15:21:06.235] [main/DEBUG] [mixin/]: Mixing CuttingBoardDispenserMixin from farmersdelight.mixins.json into net.minecraft.world.level.block.DispenserBlock
[16Sep2025 15:21:06.261] [main/DEBUG] [net.minecraftforge.coremod.transformer.CoreModBaseTransformer/COREMOD]: Transforming m_7898_ with desc (Lnet/minecraft/world/level/block/state/BlockState;Lnet/minecraft/world/level/LevelReader;Lnet/minecraft/core/BlockPos;)Z
[16Sep2025 15:21:06.277] [main/DEBUG] [net.minecraftforge.coremod.transformer.CoreModBaseTransformer/COREMOD]: Transforming net/minecraft/world/level/block/StairBlock
[16Sep2025 15:21:06.349] [main/DEBUG] [net.minecraftforge.coremod.transformer.CoreModBaseTransformer/COREMOD]: Transforming net/minecraft/world/level/block/FlowerPotBlock
[16Sep2025 15:21:06.414] [main/DEBUG] [mixin/]: Mixing swimming.BubbleColumnBlockMixin from expandability-common.mixins.json into net.minecraft.world.level.block.BubbleColumnBlock
[16Sep2025 15:21:06.430] [main/DEBUG] [mixin/]: Mixing CampfireBaleMixin from farmersdelight.mixins.json into net.minecraft.world.level.block.CampfireBlock
[16Sep2025 15:21:06.452] [main/DEBUG] [mixin/]: Mixing MixinPowderSnowBlock from curios.mixins.json into net.minecraft.world.level.block.PowderSnowBlock
[16Sep2025 15:21:06.482] [main/DEBUG] [mixin/]: Mixing BlockBehaviourMixin from mowziesmobs.mixins.json into net.minecraft.world.level.block.state.BlockBehaviour$Properties
[16Sep2025 15:21:06.515] [main/DEBUG] [mixin/]: Mixing FlowingFluidMixin from alexscaves.mixins.json into net.minecraft.world.level.material.FlowingFluid
[16Sep2025 15:21:06.595] [main/DEBUG] [mixin/]: Mixing FallingBlockEntityMixin from alexscaves.mixins.json into net.minecraft.world.entity.item.FallingBlockEntity
[16Sep2025 15:21:06.597] [main/DEBUG] [mixin/]: Mixing MixinFallingBlockEntity from architectury.mixins.json into net.minecraft.world.entity.item.FallingBlockEntity
[16Sep2025 15:21:06.902] [main/DEBUG] [mixin/]: Mixing KeepRichSoilTreeMixin from farmersdelight.mixins.json into net.minecraft.world.level.levelgen.feature.trunkplacers.TrunkPlacer
[16Sep2025 15:21:06.902] [main/DEBUG] [mixin/]: Renaming synthetic method lambda$cancelSetDirtIfRichSoil$0(Lnet/minecraft/world/level/block/state/BlockState;)Z to md5151c0$lambda$cancelSetDirtIfRichSoil$0$0 in farmersdelight.mixins.json:KeepRichSoilTreeMixin
[16Sep2025 15:21:07.180] [main/DEBUG] [mixin/]: Mixing AbstractArrowMixin from alexscaves.mixins.json into net.minecraft.world.entity.projectile.AbstractArrow
[16Sep2025 15:21:07.208] [main/DEBUG] [mixin/]: Mixing MobMixin from alexscaves.mixins.json into net.minecraft.world.entity.Mob
[16Sep2025 15:21:07.209] [main/DEBUG] [mixin/]: Mixing accessors.MobAccessor from mixins.artifacts.common.json into net.minecraft.world.entity.Mob
[16Sep2025 15:21:07.239] [main/DEBUG] [mixin/]: Mixing MonsterMixin from alexscaves.mixins.json into net.minecraft.world.entity.monster.Monster
[16Sep2025 15:21:07.298] [main/DEBUG] [net.minecraftforge.coremod.transformer.CoreModBaseTransformer/COREMOD]: Transforming net/minecraft/world/item/ItemStack
[16Sep2025 15:21:07.413] [main/DEBUG] [mixin/]: Mixing RepairContainerMixin from goblintraders.common.mixins.json into net.minecraft.world.inventory.AnvilMenu
[16Sep2025 15:21:07.885] [main/DEBUG] [mixin/]: Mixing LecternTileEntityMixin from assets/camera/camera.mixins.json into net.minecraft.world.level.block.entity.LecternBlockEntity
[16Sep2025 15:21:07.903] [main/DEBUG] [mixin/]: Mixing SmithingMenuMixin from citadel.mixins.json into net.minecraft.world.inventory.SmithingMenu
[16Sep2025 15:21:08.098] [main/DEBUG] [mixin/]: Mixing MixinLightningBolt from architectury-common.mixins.json into net.minecraft.world.entity.LightningBolt
[16Sep2025 15:21:08.204] [main/DEBUG] [net.minecraftforge.coremod.transformer.CoreModBaseTransformer/COREMOD]: Transforming net/minecraft/world/entity/animal/frog/Tadpole
[16Sep2025 15:21:08.240] [main/DEBUG] [mixin/]: Mixing boat.BoatItemMixin from securitycraft.mixins.json into net.minecraft.world.item.BoatItem
[16Sep2025 15:21:08.253] [main/DEBUG] [mixin/]: Mixing SoupItemMixin from farmersdelight.mixins.json into net.minecraft.world.item.BowlFoodItem
[16Sep2025 15:21:08.270] [main/DEBUG] [net.minecraftforge.coremod.transformer.CoreModBaseTransformer/COREMOD]: Transforming net/minecraft/world/item/BucketItem
[16Sep2025 15:21:08.271] [main/DEBUG] [mixin/]: Mixing inject.MixinBucketItem from architectury-common.mixins.json into net.minecraft.world.item.BucketItem
[16Sep2025 15:21:08.278] [main/DEBUG] [mixin/]: Mixing item.wearable.anglershat.FishingRodItemMixin from mixins.artifacts.common.json into net.minecraft.world.item.FishingRodItem
[16Sep2025 15:21:08.284] [main/DEBUG] [net.minecraftforge.coremod.transformer.CoreModBaseTransformer/COREMOD]: Transforming m_7373_ with desc (Lnet/minecraft/world/item/ItemStack;Lnet/minecraft/world/level/Level;Ljava/util/List;Lnet/minecraft/world/item/TooltipFlag;)V
[16Sep2025 15:21:08.296] [main/DEBUG] [mixin/]: Mixing MixinShearsItem from curios.mixins.json into net.minecraft.world.item.ShearsItem
[16Sep2025 15:21:08.301] [main/DEBUG] [mixin/]: Mixing SpawnEggItemMixin from goblintraders.common.mixins.json into net.minecraft.world.item.SpawnEggItem
[16Sep2025 15:21:08.302] [main/DEBUG] [mixin/]: Renaming @Accessor method goblinTradersGetEggMap()Ljava/util/Map; to goblinTradersGetEggMap_$md$5151c0$0 in goblintraders.common.mixins.json:SpawnEggItemMixin
[16Sep2025 15:21:08.305] [main/DEBUG] [mixin/]: Mixing reinforcedlectern.WritableAndWrittenBookItemMixin from securitycraft.mixins.json into net.minecraft.world.item.WritableBookItem
[16Sep2025 15:21:08.320] [main/DEBUG] [net.minecraftforge.coremod.transformer.CoreModBaseTransformer/COREMOD]: Transforming m_7626_ with desc (Lnet/minecraft/world/item/ItemStack;)Lnet/minecraft/network/chat/Component;
[16Sep2025 15:21:08.321] [main/DEBUG] [mixin/]: Mixing reinforcedlectern.WritableAndWrittenBookItemMixin from securitycraft.mixins.json into net.minecraft.world.item.WrittenBookItem
[16Sep2025 15:21:08.339] [main/DEBUG] [mixin/]: Mixing suspiciousmines.BrushItemMixin from securitycraft.mixins.json into net.minecraft.world.item.BrushItem
[16Sep2025 15:21:08.339] [main/DEBUG] [mixin/]: Renaming synthetic method lambda$securitycraft$checkForSuspiciousMine$1(Lnet/minecraft/world/entity/player/Player;)V to md5151c0$lambda$securitycraft$checkForSuspiciousMine$1$0 in securitycraft.mixins.json:suspiciousmines.BrushItemMixin
[16Sep2025 15:21:08.339] [main/DEBUG] [mixin/]: Renaming synthetic method lambda$securitycraft$makeSuspiciousMinesBrushablePartTwo$0(Lnet/minecraft/world/entity/Entity;)Z to md5151c0$lambda$securitycraft$makeSuspiciousMinesBrushablePartTwo$0$1 in securitycraft.mixins.json:suspiciousmines.BrushItemMixin
[16Sep2025 15:21:08.355] [main/DEBUG] [mixin/]: Mixing inject.MixinItemProperties from architectury-common.mixins.json into net.minecraft.world.item.Item$Properties
[16Sep2025 15:21:08.382] [main/DEBUG] [mixin/]: Mixing AbstractMinecartMixin from alexscaves.mixins.json into net.minecraft.world.entity.vehicle.AbstractMinecart
[16Sep2025 15:21:08.438] [main/DEBUG] [mixin/]: Mixing ServerPlayerMixin from playerrevive.mixins.json into net.minecraft.server.level.ServerPlayer
[16Sep2025 15:21:08.438] [main/DEBUG] [mixin/]: Mixing camera.ServerPlayerMixin from securitycraft.mixins.json into net.minecraft.server.level.ServerPlayer
[16Sep2025 15:21:08.452] [main/DEBUG] [net.minecraftforge.coremod.transformer.CoreModBaseTransformer/COREMOD]: Transforming m_7088_ with desc ()Z
[16Sep2025 15:21:09.141] [main/DEBUG] [mixin/]: Mixing boat.BoatMixin from securitycraft.mixins.json into net.minecraft.world.entity.vehicle.Boat
[16Sep2025 15:21:09.166] [main/DEBUG] [net.minecraftforge.coremod.transformer.CoreModBaseTransformer/COREMOD]: Transforming net/minecraft/world/entity/monster/Spider
[16Sep2025 15:21:09.202] [main/DEBUG] [mixin/]: Mixing CreeperEntityMixin from graveyard-common.mixins.json into net.minecraft.world.entity.monster.Creeper
[16Sep2025 15:21:09.216] [main/DEBUG] [net.minecraftforge.coremod.transformer.CoreModBaseTransformer/COREMOD]: Transforming net/minecraft/world/entity/monster/Zombie
[16Sep2025 15:21:09.269] [main/DEBUG] [net.minecraftforge.coremod.transformer.CoreModBaseTransformer/COREMOD]: Transforming net/minecraft/world/entity/monster/ZombieVillager
[16Sep2025 15:21:09.330] [main/DEBUG] [net.minecraftforge.coremod.transformer.CoreModBaseTransformer/COREMOD]: Transforming net/minecraft/world/entity/monster/Evoker$EvokerSummonSpellGoal
[16Sep2025 15:21:09.357] [main/DEBUG] [mixin/]: Mixing FrogMixin from alexscaves.mixins.json into net.minecraft.world.entity.animal.frog.Frog
[16Sep2025 15:21:09.370] [main/DEBUG] [net.minecraftforge.coremod.transformer.CoreModBaseTransformer/COREMOD]: Transforming m_218868_ with desc ()Ljava/util/OptionalInt;
[16Sep2025 15:21:09.457] [main/DEBUG] [mixin/]: Mixing RabbitsEatCabbageMixin from farmersdelight.mixins.json into net.minecraft.world.entity.animal.Rabbit
[16Sep2025 15:21:09.480] [main/DEBUG] [net.minecraftforge.coremod.transformer.CoreModBaseTransformer/COREMOD]: Transforming net/minecraft/world/entity/animal/horse/SkeletonTrapGoal
[16Sep2025 15:21:09.516] [main/DEBUG] [net.minecraftforge.coremod.transformer.CoreModBaseTransformer/COREMOD]: Transforming net/minecraft/world/entity/monster/Strider
[16Sep2025 15:21:09.633] [main/DEBUG] [net.minecraftforge.coremod.transformer.CoreModBaseTransformer/COREMOD]: Transforming net/minecraft/world/entity/npc/Villager
[16Sep2025 15:21:09.708] [main/DEBUG] [mixin/]: Mixing VillagerEntityMixin from graveyard-common.mixins.json into net.minecraft.world.entity.npc.Villager
[16Sep2025 15:21:09.712] [main/DEBUG] [mixin/]: Mixing item.wearable.villagerhat.VillagerMixin from mixins.artifacts.common.json into net.minecraft.world.entity.npc.Villager
[16Sep2025 15:21:09.732] [main/DEBUG] [mixin/]: Mixing MerchantMenuMixin from goblintraders.common.mixins.json into net.minecraft.world.inventory.MerchantMenu
[16Sep2025 15:21:09.733] [main/DEBUG] [mixin/]: Renaming synthetic method lambda$goblinTraders$isMatching$0(Ljava/util/Map;Ljava/util/Map$Entry;)Z to md5151c0$lambda$goblinTraders$isMatching$0$0 in goblintraders.common.mixins.json:MerchantMenuMixin
[16Sep2025 15:21:09.751] [main/DEBUG] [mixin/]: Mixing WanderingTraderEntityMixin from graveyard-common.mixins.json into net.minecraft.world.entity.npc.WanderingTrader
[16Sep2025 15:21:09.797] [main/DEBUG] [mixin/]: Mixing inject.MixinFoodPropertiesBuilder from architectury-common.mixins.json into net.minecraft.world.food.FoodProperties$Builder
[16Sep2025 15:21:09.800] [main/DEBUG] [net.minecraftforge.coremod.transformer.CoreModBaseTransformer/COREMOD]: Transforming net/minecraft/world/effect/MobEffectInstance
[16Sep2025 15:21:09.833] [main/DEBUG] [mixin/]: Mixing ServerPlayNetworkHandlerMixin from graveyard-common.mixins.json into net.minecraft.server.network.ServerGamePacketListenerImpl
[16Sep2025 15:21:09.836] [main/DEBUG] [mixin/]: Mixing item.umbrella.server.ServerGamePacketListenerImplMixin from mixins.artifacts.common.json into net.minecraft.server.network.ServerGamePacketListenerImpl
[16Sep2025 15:21:09.836] [main/DEBUG] [mixin/]: Mixing swimming.server.ServerGamePacketListenerImplMixin from expandability-common.mixins.json into net.minecraft.server.network.ServerGamePacketListenerImpl
[16Sep2025 15:21:09.931] [main/DEBUG] [mixin/]: Mixing potion.BrewingStandMenuMixin from securitycraft.mixins.json into net.minecraft.world.inventory.BrewingStandMenu
[16Sep2025 15:21:09.975] [main/DEBUG] [mixin/]: Mixing ChunkGeneratorMixin from citadel.mixins.json into net.minecraft.world.level.chunk.ChunkGenerator
[16Sep2025 15:21:09.977] [main/DEBUG] [net.minecraftforge.coremod.transformer.CoreModBaseTransformer/COREMOD]: Transforming net/minecraft/world/level/biome/Biome
[16Sep2025 15:21:10.021] [main/DEBUG] [mixin/]: Mixing MixinInventory from curios.mixins.json into net.minecraft.world.entity.player.Inventory
[16Sep2025 15:21:10.021] [main/DEBUG] [mixin/]: Mixing InventoryMixin from carryon.mixins.json into net.minecraft.world.entity.player.Inventory
[16Sep2025 15:21:10.047] [main/DEBUG] [mixin/]: Mixing MerchantResultSlotMixin from goblintraders.common.mixins.json into net.minecraft.world.inventory.MerchantResultSlot
[16Sep2025 15:21:10.175] [main/DEBUG] [mixin/]: Mixing EnchantRandomlyFunctionMixin from alexscaves.mixins.json into net.minecraft.world.level.storage.loot.functions.EnchantRandomlyFunction
[16Sep2025 15:21:10.177] [main/DEBUG] [mixin/]: Renaming synthetic method lambda$ac_enchantItem$0(ZLnet/minecraft/world/item/ItemStack;Lnet/minecraft/world/item/enchantment/Enchantment;)Z to md5151c0$lambda$ac_enchantItem$0$0 in alexscaves.mixins.json:EnchantRandomlyFunctionMixin
[16Sep2025 15:21:10.238] [main/DEBUG] [mixin/]: Mixing MixinApplyBonusCount from curios.mixins.json into net.minecraft.world.level.storage.loot.functions.ApplyBonusCount
[16Sep2025 15:21:10.379] [main/DEBUG] [mixin/]: Mixing TreeFeatureMixin from graveyard-common.mixins.json into net.minecraft.world.level.levelgen.feature.TreeFeature
[16Sep2025 15:21:10.392] [main/DEBUG] [mixin/]: Mixing MultifaceGrowthFeatureMixin from alexscaves.mixins.json into net.minecraft.world.level.levelgen.feature.MultifaceGrowthFeature
[16Sep2025 15:21:10.399] [main/DEBUG] [mixin/]: Mixing LakeFeatureMixin from graveyard-common.mixins.json into net.minecraft.world.level.levelgen.feature.LakeFeature
[16Sep2025 15:21:10.402] [main/DEBUG] [net.minecraftforge.coremod.transformer.CoreModBaseTransformer/COREMOD]: Transforming m_226857_ with desc (Lnet/minecraft/world/level/levelgen/structure/pieces/StructurePieceSerializationContext;Lnet/minecraft/nbt/CompoundTag;J)Lnet/minecraft/world/level/levelgen/structure/StructureStart;
[16Sep2025 15:21:10.408] [main/DEBUG] [mixin/]: Mixing gen.NoLakesInStructuresMixin from iceandfire.mixins.json into net.minecraft.world.level.levelgen.feature.LakeFeature
[16Sep2025 15:21:10.412] [main/DEBUG] [net.minecraftforge.coremod.transformer.CoreModBaseTransformer/COREMOD]: Transforming net/minecraft/world/level/levelgen/structure/Structure
[16Sep2025 15:21:10.423] [main/DEBUG] [mixin/]: Mixing SeagrassFeatureMixin from alexscaves.mixins.json into net.minecraft.world.level.levelgen.feature.SeagrassFeature
[16Sep2025 15:21:10.424] [main/DEBUG] [mixin/]: Mixing KelpFeatureMixin from alexscaves.mixins.json into net.minecraft.world.level.levelgen.feature.KelpFeature
[16Sep2025 15:21:10.426] [main/DEBUG] [mixin/]: Mixing CoralFeatureMixin from alexscaves.mixins.json into net.minecraft.world.level.levelgen.feature.CoralFeature
[16Sep2025 15:21:10.582] [main/DEBUG] [net.minecraftforge.coremod.transformer.CoreModBaseTransformer/COREMOD]: Transforming net/minecraft/world/level/levelgen/structure/Structure
[16Sep2025 15:21:10.629] [main/DEBUG] [net.minecraftforge.coremod.transformer.CoreModBaseTransformer/COREMOD]: Transforming net/minecraft/world/level/levelgen/structure/structures/OceanRuinPieces$OceanRuinPiece
[16Sep2025 15:21:10.645] [main/DEBUG] [net.minecraftforge.coremod.transformer.CoreModBaseTransformer/COREMOD]: Transforming net/minecraft/world/level/levelgen/structure/structures/SwampHutPiece
[16Sep2025 15:21:10.654] [main/DEBUG] [mixin/]: Mixing SwampHutPieceMixin from alexscaves.mixins.json into net.minecraft.world.level.levelgen.structure.structures.SwampHutPiece
[16Sep2025 15:21:10.664] [main/WARN] [mixin/]: Mixin alexscaves.mixins.json:SwampHutPieceMixin has multiple constructors, (Lnet/minecraft/world/level/levelgen/structure/pieces/StructurePieceType;IIIIIILnet/minecraft/core/Direction;)V was selected

[16Sep2025 15:21:10.670] [main/DEBUG] [net.minecraftforge.coremod.transformer.CoreModBaseTransformer/COREMOD]: Transforming net/minecraft/world/level/levelgen/structure/structures/OceanMonumentPieces$OceanMonumentPiece
[16Sep2025 15:21:10.698] [main/DEBUG] [net.minecraftforge.coremod.transformer.CoreModBaseTransformer/COREMOD]: Transforming net/minecraft/world/level/levelgen/structure/structures/WoodlandMansionPieces$WoodlandMansionPiece
[16Sep2025 15:21:10.732] [main/DEBUG] [mixin/]: Mixing JigsawStructureMixin from alexscaves.mixins.json into net.minecraft.world.level.levelgen.structure.structures.JigsawStructure
[16Sep2025 15:21:10.749] [main/DEBUG] [mixin/]: Mixing OceanMonumentStructureMixin from alexscaves.mixins.json into net.minecraft.world.level.levelgen.structure.structures.OceanMonumentStructure
[16Sep2025 15:21:10.761] [main/DEBUG] [mixin/]: Mixing ShipwreckStructureMixin from alexscaves.mixins.json into net.minecraft.world.level.levelgen.structure.structures.ShipwreckStructure
[16Sep2025 15:21:10.836] [main/DEBUG] [mixin/]: Mixing MixinBiomeSource from terrablender.mixins.json into net.minecraft.world.level.biome.BiomeSource
[16Sep2025 15:21:10.836] [main/DEBUG] [mixin/]: Renaming synthetic method lambda$appendDeferredBiomesList$0(Lcom/google/common/collect/ImmutableList;)Ljava/util/Set; to md5151c0$lambda$appendDeferredBiomesList$0$0 in terrablender.mixins.json:MixinBiomeSource
[16Sep2025 15:21:10.844] [main/DEBUG] [mixin/]: Mixing BiomeSourceMixin from alexscaves.mixins.json into net.minecraft.world.level.biome.BiomeSource
[16Sep2025 15:21:10.857] [main/DEBUG] [net.minecraftforge.coremod.transformer.CoreModBaseTransformer/COREMOD]: Transforming net/minecraft/world/level/biome/Biome
[16Sep2025 15:21:10.895] [main/DEBUG] [mixin/]: Mixing MultiNoiseBiomeSourceMixin from alexscaves.mixins.json into net.minecraft.world.level.biome.MultiNoiseBiomeSource
[16Sep2025 15:21:10.900] [main/DEBUG] [mixin/]: Mixing MixinMultiNoiseBiomeSource from terrablender.mixins.json into net.minecraft.world.level.biome.MultiNoiseBiomeSource
[16Sep2025 15:21:10.905] [main/DEBUG] [mixin/]: Mixing MixinParameterList from terrablender.mixins.json into net.minecraft.world.level.biome.Climate$ParameterList
[16Sep2025 15:21:10.905] [main/DEBUG] [mixin/]: Renaming synthetic method lambda$initializeForTerraBlender$0(Lnet/minecraft/core/Registry;Lcom/google/common/collect/ImmutableList$Builder;Lcom/mojang/datafixers/util/Pair;)V to md5151c0$lambda$initializeForTerraBlender$0$0 in terrablender.mixins.json:MixinParameterList
[16Sep2025 15:21:10.938] [main/DEBUG] [mixin/]: Mixing NoiseGeneratorSettingsMixin from citadel.mixins.json into net.minecraft.world.level.levelgen.NoiseGeneratorSettings
[16Sep2025 15:21:10.939] [main/DEBUG] [mixin/]: Mixing MixinNoiseGeneratorSettings from terrablender.mixins.json into net.minecraft.world.level.levelgen.NoiseGeneratorSettings
[16Sep2025 15:21:11.177] [main/DEBUG] [net.minecraftforge.common.ForgeI18n/CORE]: Loading I18N data entries: 6430
[16Sep2025 15:21:11.197] [main/DEBUG] [net.minecraftforge.fml.ModWorkManager/LOADING]: Using 4 threads for parallel mod-loading
[16Sep2025 15:21:11.204] [main/DEBUG] [net.minecraftforge.fml.javafmlmod.FMLJavaModLanguageProvider/LOADING]: Loading FMLModContainer from classloader cpw.mods.modlauncher.TransformingClassLoader@168ad26f - got cpw.mods.cl.ModuleClassLoader@3a095ec0
[16Sep2025 15:21:11.204] [main/DEBUG] [net.minecraftforge.fml.javafmlmod.FMLModContainer/LOADING]: Creating FMLModContainer instance for vectorwing.farmersdelight.FarmersDelight
[16Sep2025 15:21:11.208] [main/DEBUG] [net.minecraftforge.fml.javafmlmod.FMLJavaModLanguageProvider/LOADING]: Loading FMLModContainer from classloader cpw.mods.modlauncher.TransformingClassLoader@168ad26f - got cpw.mods.cl.ModuleClassLoader@3a095ec0
[16Sep2025 15:21:11.208] [main/DEBUG] [net.minecraftforge.fml.javafmlmod.FMLModContainer/LOADING]: Creating FMLModContainer instance for net.xalcon.torchmaster.Torchmaster
[16Sep2025 15:21:11.209] [main/DEBUG] [net.minecraftforge.fml.javafmlmod.FMLJavaModLanguageProvider/LOADING]: Loading FMLModContainer from classloader cpw.mods.modlauncher.TransformingClassLoader@168ad26f - got cpw.mods.cl.ModuleClassLoader@3a095ec0
[16Sep2025 15:21:11.209] [main/DEBUG] [net.minecraftforge.fml.javafmlmod.FMLModContainer/LOADING]: Creating FMLModContainer instance for com.bobmowzie.mowziesmobs.MowziesMobs
[16Sep2025 15:21:11.210] [main/DEBUG] [net.minecraftforge.fml.javafmlmod.FMLJavaModLanguageProvider/LOADING]: Loading FMLModContainer from classloader cpw.mods.modlauncher.TransformingClassLoader@168ad26f - got cpw.mods.cl.ModuleClassLoader@3a095ec0
[16Sep2025 15:21:11.210] [main/DEBUG] [net.minecraftforge.fml.javafmlmod.FMLModContainer/LOADING]: Creating FMLModContainer instance for terrablender.core.TerraBlenderForge
[16Sep2025 15:21:11.211] [main/DEBUG] [net.minecraftforge.fml.javafmlmod.FMLJavaModLanguageProvider/LOADING]: Loading FMLModContainer from classloader cpw.mods.modlauncher.TransformingClassLoader@168ad26f - got cpw.mods.cl.ModuleClassLoader@3a095ec0
[16Sep2025 15:21:11.211] [main/DEBUG] [net.minecraftforge.fml.javafmlmod.FMLModContainer/LOADING]: Creating FMLModContainer instance for biomesoplenty.core.BiomesOPlenty
[16Sep2025 15:21:11.212] [main/DEBUG] [net.minecraftforge.fml.javafmlmod.FMLJavaModLanguageProvider/LOADING]: Loading FMLModContainer from classloader cpw.mods.modlauncher.TransformingClassLoader@168ad26f - got cpw.mods.cl.ModuleClassLoader@3a095ec0
[16Sep2025 15:21:11.212] [main/DEBUG] [net.minecraftforge.fml.javafmlmod.FMLModContainer/LOADING]: Creating FMLModContainer instance for snownee.jade.util.CommonProxy
[16Sep2025 15:21:11.214] [main/DEBUG] [net.minecraftforge.fml.javafmlmod.FMLJavaModLanguageProvider/LOADING]: Loading FMLModContainer from classloader cpw.mods.modlauncher.TransformingClassLoader@168ad26f - got cpw.mods.cl.ModuleClassLoader@3a095ec0
[16Sep2025 15:21:11.214] [main/DEBUG] [net.minecraftforge.fml.javafmlmod.FMLModContainer/LOADING]: Creating FMLModContainer instance for software.bernie.example.GeckoLibMod
[16Sep2025 15:21:11.214] [main/DEBUG] [net.minecraftforge.fml.javafmlmod.FMLJavaModLanguageProvider/LOADING]: Loading FMLModContainer from classloader cpw.mods.modlauncher.TransformingClassLoader@168ad26f - got cpw.mods.cl.ModuleClassLoader@3a095ec0
[16Sep2025 15:21:11.214] [main/DEBUG] [net.minecraftforge.fml.javafmlmod.FMLModContainer/LOADING]: Creating FMLModContainer instance for team.creative.creativecore.CreativeCore
[16Sep2025 15:21:11.216] [main/DEBUG] [net.minecraftforge.fml.lowcodemod.LowCodeModLanguageProvider.LowCodeModTarget/LOADING]: Loading LowCodeModContainer from classloader cpw.mods.modlauncher.TransformingClassLoader@168ad26f - got cpw.mods.cl.ModuleClassLoader@3a095ec0
[16Sep2025 15:21:11.216] [main/DEBUG] [net.minecraftforge.fml.lowcodemod.LowCodeModContainer/LOADING]: Creating LowCodeModContainer for atistructures
[16Sep2025 15:21:11.217] [main/DEBUG] [net.minecraftforge.fml.javafmlmod.FMLJavaModLanguageProvider/LOADING]: Loading FMLModContainer from classloader cpw.mods.modlauncher.TransformingClassLoader@168ad26f - got cpw.mods.cl.ModuleClassLoader@3a095ec0
[16Sep2025 15:21:11.217] [main/DEBUG] [net.minecraftforge.fml.javafmlmod.FMLModContainer/LOADING]: Creating FMLModContainer instance for mezz.jei.forge.JustEnoughItems
[16Sep2025 15:21:11.217] [main/DEBUG] [net.minecraftforge.fml.javafmlmod.FMLJavaModLanguageProvider/LOADING]: Loading FMLModContainer from classloader cpw.mods.modlauncher.TransformingClassLoader@168ad26f - got cpw.mods.cl.ModuleClassLoader@3a095ec0
[16Sep2025 15:21:11.217] [main/DEBUG] [net.minecraftforge.fml.javafmlmod.FMLModContainer/LOADING]: Creating FMLModContainer instance for com.lion.graveyard.forge.GraveyardForge
[16Sep2025 15:21:11.218] [main/DEBUG] [net.minecraftforge.fml.javafmlmod.FMLJavaModLanguageProvider/LOADING]: Loading FMLModContainer from classloader cpw.mods.modlauncher.TransformingClassLoader@168ad26f - got cpw.mods.cl.ModuleClassLoader@3a095ec0
[16Sep2025 15:21:11.218] [main/DEBUG] [net.minecraftforge.fml.javafmlmod.FMLModContainer/LOADING]: Creating FMLModContainer instance for com.mrcrayfish.goblintraders.GoblinTraders
[16Sep2025 15:21:11.219] [main/DEBUG] [net.minecraftforge.fml.javafmlmod.FMLJavaModLanguageProvider/LOADING]: Loading FMLModContainer from classloader cpw.mods.modlauncher.TransformingClassLoader@168ad26f - got cpw.mods.cl.ModuleClassLoader@3a095ec0
[16Sep2025 15:21:11.219] [main/DEBUG] [net.minecraftforge.fml.javafmlmod.FMLModContainer/LOADING]: Creating FMLModContainer instance for net.p3pp3rf1y.sophisticatedcore.SophisticatedCore
[16Sep2025 15:21:11.221] [main/DEBUG] [net.minecraftforge.fml.javafmlmod.FMLJavaModLanguageProvider/LOADING]: Loading FMLModContainer from classloader cpw.mods.modlauncher.TransformingClassLoader@168ad26f - got cpw.mods.cl.ModuleClassLoader@3a095ec0
[16Sep2025 15:21:11.221] [main/DEBUG] [net.minecraftforge.fml.javafmlmod.FMLModContainer/LOADING]: Creating FMLModContainer instance for top.theillusivec4.curios.Curios
[16Sep2025 15:21:11.222] [main/DEBUG] [net.minecraftforge.fml.javafmlmod.FMLJavaModLanguageProvider/LOADING]: Loading FMLModContainer from classloader cpw.mods.modlauncher.TransformingClassLoader@168ad26f - got cpw.mods.cl.ModuleClassLoader@3a095ec0
[16Sep2025 15:21:11.223] [main/DEBUG] [net.minecraftforge.fml.javafmlmod.FMLModContainer/LOADING]: Creating FMLModContainer instance for de.maxhenkel.camera.Main
[16Sep2025 15:21:11.227] [main/DEBUG] [net.minecraftforge.fml.javafmlmod.FMLJavaModLanguageProvider/LOADING]: Loading FMLModContainer from classloader cpw.mods.modlauncher.TransformingClassLoader@168ad26f - got cpw.mods.cl.ModuleClassLoader@3a095ec0
[16Sep2025 15:21:11.227] [main/DEBUG] [net.minecraftforge.fml.javafmlmod.FMLModContainer/LOADING]: Creating FMLModContainer instance for journeymap.common.Journeymap
[16Sep2025 15:21:11.232] [main/DEBUG] [net.minecraftforge.fml.javafmlmod.FMLJavaModLanguageProvider/LOADING]: Loading FMLModContainer from classloader cpw.mods.modlauncher.TransformingClassLoader@168ad26f - got cpw.mods.cl.ModuleClassLoader@3a095ec0
[16Sep2025 15:21:11.232] [main/DEBUG] [net.minecraftforge.fml.javafmlmod.FMLModContainer/LOADING]: Creating FMLModContainer instance for com.github.alexthe666.citadel.Citadel
[16Sep2025 15:21:11.235] [main/DEBUG] [net.minecraftforge.fml.javafmlmod.FMLJavaModLanguageProvider/LOADING]: Loading FMLModContainer from classloader cpw.mods.modlauncher.TransformingClassLoader@168ad26f - got cpw.mods.cl.ModuleClassLoader@3a095ec0
[16Sep2025 15:21:11.235] [main/DEBUG] [net.minecraftforge.fml.javafmlmod.FMLModContainer/LOADING]: Creating FMLModContainer instance for com.github.alexmodguy.alexscaves.AlexsCaves
[16Sep2025 15:21:11.238] [main/DEBUG] [net.minecraftforge.fml.javafmlmod.FMLJavaModLanguageProvider/LOADING]: Loading FMLModContainer from classloader cpw.mods.modlauncher.TransformingClassLoader@168ad26f - got cpw.mods.cl.ModuleClassLoader@3a095ec0
[16Sep2025 15:21:11.238] [main/DEBUG] [net.minecraftforge.fml.javafmlmod.FMLModContainer/LOADING]: Creating FMLModContainer instance for com.github.alexthe666.alexsmobs.AlexsMobs
[16Sep2025 15:21:11.241] [main/DEBUG] [net.minecraftforge.fml.javafmlmod.FMLJavaModLanguageProvider/LOADING]: Loading FMLModContainer from classloader cpw.mods.modlauncher.TransformingClassLoader@168ad26f - got cpw.mods.cl.ModuleClassLoader@3a095ec0
[16Sep2025 15:21:11.241] [main/DEBUG] [net.minecraftforge.fml.javafmlmod.FMLModContainer/LOADING]: Creating FMLModContainer instance for net.geforcemods.securitycraft.SecurityCraft
[16Sep2025 15:21:11.243] [main/DEBUG] [net.minecraftforge.fml.javafmlmod.FMLJavaModLanguageProvider/LOADING]: Loading FMLModContainer from classloader cpw.mods.modlauncher.TransformingClassLoader@168ad26f - got cpw.mods.cl.ModuleClassLoader@3a095ec0
[16Sep2025 15:21:11.243] [main/DEBUG] [net.minecraftforge.fml.javafmlmod.FMLModContainer/LOADING]: Creating FMLModContainer instance for artifacts.forge.ArtifactsForge
[16Sep2025 15:21:11.244] [main/DEBUG] [net.minecraftforge.fml.lowcodemod.LowCodeModLanguageProvider.LowCodeModTarget/LOADING]: Loading LowCodeModContainer from classloader cpw.mods.modlauncher.TransformingClassLoader@168ad26f - got cpw.mods.cl.ModuleClassLoader@3a095ec0
[16Sep2025 15:21:11.244] [main/DEBUG] [net.minecraftforge.fml.lowcodemod.LowCodeModContainer/LOADING]: Creating LowCodeModContainer for mr_dungeons_andtaverns
[16Sep2025 15:21:11.244] [main/DEBUG] [net.minecraftforge.fml.javafmlmod.FMLJavaModLanguageProvider/LOADING]: Loading FMLModContainer from classloader cpw.mods.modlauncher.TransformingClassLoader@168ad26f - got cpw.mods.cl.ModuleClassLoader@3a095ec0
[16Sep2025 15:21:11.245] [main/DEBUG] [net.minecraftforge.fml.javafmlmod.FMLModContainer/LOADING]: Creating FMLModContainer instance for com.llamalad7.mixinextras.platform.forge.MixinExtrasMod
[16Sep2025 15:21:11.245] [main/DEBUG] [net.minecraftforge.fml.javafmlmod.FMLJavaModLanguageProvider/LOADING]: Loading FMLModContainer from classloader cpw.mods.modlauncher.TransformingClassLoader@168ad26f - got cpw.mods.cl.ModuleClassLoader@3a095ec0
[16Sep2025 15:21:11.245] [main/DEBUG] [net.minecraftforge.fml.javafmlmod.FMLModContainer/LOADING]: Creating FMLModContainer instance for net.p3pp3rf1y.sophisticatedbackpacks.SophisticatedBackpacks
[16Sep2025 15:21:11.246] [main/DEBUG] [net.minecraftforge.fml.javafmlmod.FMLJavaModLanguageProvider/LOADING]: Loading FMLModContainer from classloader cpw.mods.modlauncher.TransformingClassLoader@168ad26f - got cpw.mods.cl.ModuleClassLoader@3a095ec0
[16Sep2025 15:21:11.246] [main/DEBUG] [net.minecraftforge.fml.javafmlmod.FMLModContainer/LOADING]: Creating FMLModContainer instance for dev.architectury.forge.ArchitecturyForge
[16Sep2025 15:21:11.246] [main/DEBUG] [net.minecraftforge.fml.javafmlmod.FMLJavaModLanguageProvider/LOADING]: Loading FMLModContainer from classloader cpw.mods.modlauncher.TransformingClassLoader@168ad26f - got cpw.mods.cl.ModuleClassLoader@3a095ec0
[16Sep2025 15:21:11.246] [main/DEBUG] [net.minecraftforge.fml.javafmlmod.FMLModContainer/LOADING]: Creating FMLModContainer instance for com.github.alexthe666.iceandfire.IceAndFire
[16Sep2025 15:21:11.248] [main/DEBUG] [net.minecraftforge.fml.javafmlmod.FMLJavaModLanguageProvider/LOADING]: Loading FMLModContainer from classloader cpw.mods.modlauncher.TransformingClassLoader@168ad26f - got cpw.mods.cl.ModuleClassLoader@3a095ec0
[16Sep2025 15:21:11.248] [main/DEBUG] [net.minecraftforge.fml.javafmlmod.FMLModContainer/LOADING]: Creating FMLModContainer instance for extradungeons.ExtraDungeonsMod
[16Sep2025 15:21:11.249] [main/DEBUG] [net.minecraftforge.fml.javafmlmod.FMLJavaModLanguageProvider/LOADING]: Loading FMLModContainer from classloader cpw.mods.modlauncher.TransformingClassLoader@168ad26f - got cpw.mods.cl.ModuleClassLoader@3a095ec0
[16Sep2025 15:21:11.249] [main/DEBUG] [net.minecraftforge.fml.javafmlmod.FMLModContainer/LOADING]: Creating FMLModContainer instance for tschipp.carryon.CarryOnForge
[16Sep2025 15:21:11.250] [main/DEBUG] [net.minecraftforge.fml.javafmlmod.FMLJavaModLanguageProvider/LOADING]: Loading FMLModContainer from classloader cpw.mods.modlauncher.TransformingClassLoader@168ad26f - got cpw.mods.cl.ModuleClassLoader@3a095ec0
[16Sep2025 15:21:11.250] [main/DEBUG] [net.minecraftforge.fml.javafmlmod.FMLModContainer/LOADING]: Creating FMLModContainer instance for jeresources.JEResources
[16Sep2025 15:21:11.250] [main/DEBUG] [net.minecraftforge.fml.javafmlmod.FMLJavaModLanguageProvider/LOADING]: Loading FMLModContainer from classloader cpw.mods.modlauncher.TransformingClassLoader@168ad26f - got cpw.mods.cl.ModuleClassLoader@3a095ec0
[16Sep2025 15:21:11.250] [main/DEBUG] [net.minecraftforge.fml.javafmlmod.FMLModContainer/LOADING]: Creating FMLModContainer instance for com.mrcrayfish.framework.FrameworkForge
[16Sep2025 15:21:11.251] [main/DEBUG] [net.minecraftforge.fml.javafmlmod.FMLJavaModLanguageProvider/LOADING]: Loading FMLModContainer from classloader cpw.mods.modlauncher.TransformingClassLoader@168ad26f - got cpw.mods.cl.ModuleClassLoader@3a095ec0
[16Sep2025 15:21:11.251] [main/DEBUG] [net.minecraftforge.fml.javafmlmod.FMLModContainer/LOADING]: Creating FMLModContainer instance for net.aurelj.dungeons_arise_seven_seas.DungeonsAriseSevenSeasMain
[16Sep2025 15:21:11.252] [main/DEBUG] [net.minecraftforge.fml.javafmlmod.FMLJavaModLanguageProvider/LOADING]: Loading FMLModContainer from classloader cpw.mods.modlauncher.TransformingClassLoader@168ad26f - got cpw.mods.cl.ModuleClassLoader@3a095ec0
[16Sep2025 15:21:11.252] [main/DEBUG] [net.minecraftforge.fml.javafmlmod.FMLModContainer/LOADING]: Creating FMLModContainer instance for me.shedaniel.clothconfig.ClothConfigForge
[16Sep2025 15:21:11.252] [main/DEBUG] [net.minecraftforge.fml.javafmlmod.FMLJavaModLanguageProvider/LOADING]: Loading FMLModContainer from classloader cpw.mods.modlauncher.TransformingClassLoader@168ad26f - got cpw.mods.cl.ModuleClassLoader@3a095ec0
[16Sep2025 15:21:11.252] [main/DEBUG] [net.minecraftforge.fml.javafmlmod.FMLModContainer/LOADING]: Creating FMLModContainer instance for net.minecraftforge.common.ForgeMod
[16Sep2025 15:21:11.255] [main/DEBUG] [net.minecraftforge.fml.javafmlmod.FMLJavaModLanguageProvider/LOADING]: Loading FMLModContainer from classloader cpw.mods.modlauncher.TransformingClassLoader@168ad26f - got cpw.mods.cl.ModuleClassLoader@3a095ec0
[16Sep2025 15:21:11.255] [main/DEBUG] [net.minecraftforge.fml.javafmlmod.FMLModContainer/LOADING]: Creating FMLModContainer instance for squeek.appleskin.AppleSkin
[16Sep2025 15:21:11.256] [main/DEBUG] [net.minecraftforge.fml.javafmlmod.FMLJavaModLanguageProvider/LOADING]: Loading FMLModContainer from classloader cpw.mods.modlauncher.TransformingClassLoader@168ad26f - got cpw.mods.cl.ModuleClassLoader@3a095ec0
[16Sep2025 15:21:11.256] [main/DEBUG] [net.minecraftforge.fml.javafmlmod.FMLModContainer/LOADING]: Creating FMLModContainer instance for be.florens.expandability.forge.ExpandAbilityForge
[16Sep2025 15:21:11.256] [main/DEBUG] [net.minecraftforge.fml.javafmlmod.FMLJavaModLanguageProvider/LOADING]: Loading FMLModContainer from classloader cpw.mods.modlauncher.TransformingClassLoader@168ad26f - got cpw.mods.cl.ModuleClassLoader@3a095ec0
[16Sep2025 15:21:11.256] [main/DEBUG] [net.minecraftforge.fml.javafmlmod.FMLModContainer/LOADING]: Creating FMLModContainer instance for twilightforest.TwilightForestMod
[16Sep2025 15:21:11.257] [main/DEBUG] [net.minecraftforge.fml.javafmlmod.FMLJavaModLanguageProvider/LOADING]: Loading FMLModContainer from classloader cpw.mods.modlauncher.TransformingClassLoader@168ad26f - got cpw.mods.cl.ModuleClassLoader@3a095ec0
[16Sep2025 15:21:11.258] [main/DEBUG] [net.minecraftforge.fml.javafmlmod.FMLModContainer/LOADING]: Creating FMLModContainer instance for org.tlauncher.forge.ForgeMod
[16Sep2025 15:21:11.258] [main/DEBUG] [net.minecraftforge.fml.javafmlmod.FMLJavaModLanguageProvider/LOADING]: Loading FMLModContainer from classloader cpw.mods.modlauncher.TransformingClassLoader@168ad26f - got cpw.mods.cl.ModuleClassLoader@3a095ec0
[16Sep2025 15:21:11.258] [main/DEBUG] [net.minecraftforge.fml.javafmlmod.FMLModContainer/LOADING]: Creating FMLModContainer instance for team.creative.playerrevive.PlayerRevive
[16Sep2025 15:21:11.259] [main/DEBUG] [net.minecraftforge.fml.javafmlmod.FMLJavaModLanguageProvider/LOADING]: Loading FMLModContainer from classloader cpw.mods.modlauncher.TransformingClassLoader@168ad26f - got cpw.mods.cl.ModuleClassLoader@3a095ec0
[16Sep2025 15:21:11.259] [main/DEBUG] [net.minecraftforge.fml.javafmlmod.FMLModContainer/LOADING]: Creating FMLModContainer instance for de.maxhenkel.corpse.Main
[16Sep2025 15:21:11.260] [main/DEBUG] [net.minecraftforge.fml.javafmlmod.FMLJavaModLanguageProvider/LOADING]: Loading FMLModContainer from classloader cpw.mods.modlauncher.TransformingClassLoader@168ad26f - got cpw.mods.cl.ModuleClassLoader@3a095ec0
[16Sep2025 15:21:11.260] [main/DEBUG] [net.minecraftforge.fml.javafmlmod.FMLModContainer/LOADING]: Creating FMLModContainer instance for net.aurelj.dungeons_arise.DungeonsAriseMain
[16Sep2025 15:21:11.320] [modloading-worker-0/DEBUG] [net.minecraftforge.fml.javafmlmod.AutomaticEventSubscriber/LOADING]: Attempting to inject @EventBusSubscriber classes into the eventbus for terrablender
[16Sep2025 15:21:11.333] [modloading-worker-0/DEBUG] [net.minecraftforge.fml.javafmlmod.AutomaticEventSubscriber/LOADING]: Auto-subscribing terrablender.handler.InitializationHandler to FORGE
[16Sep2025 15:21:11.374] [modloading-worker-0/DEBUG] [net.minecraftforge.fml.config.ConfigTracker/CONFIG]: Config file torchmaster.toml for torchmaster tracking
[16Sep2025 15:21:11.374] [modloading-worker-0/DEBUG] [net.minecraftforge.fml.javafmlmod.AutomaticEventSubscriber/LOADING]: Attempting to inject @EventBusSubscriber classes into the eventbus for torchmaster
[16Sep2025 15:21:11.374] [modloading-worker-0/DEBUG] [net.minecraftforge.fml.javafmlmod.AutomaticEventSubscriber/LOADING]: Auto-subscribing net.xalcon.torchmaster.common.logic.entityblocking.EntityBlockingEventHandler to FORGE
[16Sep2025 15:21:11.374] [modloading-worker-0/DEBUG] [net.minecraftforge.fml.config.ConfigTracker/CONFIG]: Config file biomesoplenty/generation.toml for biomesoplenty tracking
[16Sep2025 15:21:11.374] [modloading-worker-0/DEBUG] [net.minecraftforge.fml.config.ConfigTracker/CONFIG]: Config file farmersdelight-common.toml for farmersdelight tracking
[16Sep2025 15:21:11.376] [modloading-worker-0/DEBUG] [net.minecraftforge.fml.config.ConfigTracker/CONFIG]: Config file farmersdelight-client.toml for farmersdelight tracking
[16Sep2025 15:21:11.385] [modloading-worker-0/DEBUG] [net.minecraftforge.coremod.transformer.CoreModBaseTransformer/COREMOD]: Transforming net/minecraft/world/entity/ai/village/VillageSiege
[16Sep2025 15:21:11.439] [modloading-worker-0/DEBUG] [net.minecraftforge.fml.javafmlmod.AutomaticEventSubscriber/LOADING]: Auto-subscribing net.xalcon.torchmaster.TorchmasterConfig to MOD
[16Sep2025 15:21:11.449] [modloading-worker-0/DEBUG] [net.minecraftforge.fml.javafmlmod.AutomaticEventSubscriber/LOADING]: Attempting to inject @EventBusSubscriber classes into the eventbus for jade
[16Sep2025 15:21:11.450] [modloading-worker-0/DEBUG] [net.minecraftforge.fml.javafmlmod.AutomaticEventSubscriber/LOADING]: Attempting to inject @EventBusSubscriber classes into the eventbus for geckolib
[16Sep2025 15:21:11.451] [modloading-worker-0/DEBUG] [net.minecraftforge.fml.javafmlmod.AutomaticEventSubscriber/LOADING]: Auto-subscribing software.bernie.example.GeckoLibMod to FORGE
[16Sep2025 15:21:11.452] [modloading-worker-0/DEBUG] [net.minecraftforge.fml.javafmlmod.AutomaticEventSubscriber/LOADING]: Auto-subscribing software.bernie.example.CommonListener to MOD
[16Sep2025 15:21:11.554] [modloading-worker-0/DEBUG] [creativecore/]: Created network creativecore:main
[16Sep2025 15:21:11.567] [modloading-worker-0/DEBUG] [net.minecraftforge.fml.javafmlmod.AutomaticEventSubscriber/LOADING]: Attempting to inject @EventBusSubscriber classes into the eventbus for creativecore
[16Sep2025 15:21:11.570] [modloading-worker-0/DEBUG] [net.minecraftforge.fml.config.ConfigTracker/CONFIG]: Config file jei-server.toml for jei tracking
[16Sep2025 15:21:11.576] [modloading-worker-0/DEBUG] [net.minecraftforge.fml.javafmlmod.AutomaticEventSubscriber/LOADING]: Attempting to inject @EventBusSubscriber classes into the eventbus for jei
[16Sep2025 15:21:11.664] [modloading-worker-0/DEBUG] [net.minecraftforge.fml.config.ConfigTracker/CONFIG]: Config file mowziesmobs-common.toml for mowziesmobs tracking
[16Sep2025 15:21:11.672] [modloading-worker-0/DEBUG] [net.minecraftforge.fml.javafmlmod.AutomaticEventSubscriber/LOADING]: Attempting to inject @EventBusSubscriber classes into the eventbus for farmersdelight
[16Sep2025 15:21:11.673] [modloading-worker-0/DEBUG] [net.minecraftforge.fml.javafmlmod.AutomaticEventSubscriber/LOADING]: Auto-subscribing vectorwing.farmersdelight.data.DataGenerators to MOD
[16Sep2025 15:21:11.684] [modloading-worker-0/DEBUG] [net.minecraftforge.fml.javafmlmod.AutomaticEventSubscriber/LOADING]: Auto-subscribing vectorwing.farmersdelight.common.item.SkilletItem$SkilletEvents to FORGE
[16Sep2025 15:21:11.690] [modloading-worker-0/DEBUG] [net.minecraftforge.fml.javafmlmod.AutomaticEventSubscriber/LOADING]: Auto-subscribing vectorwing.farmersdelight.common.item.KnifeItem$KnifeEvents to FORGE
[16Sep2025 15:21:11.698] [modloading-worker-0/DEBUG] [net.minecraftforge.fml.javafmlmod.AutomaticEventSubscriber/LOADING]: Auto-subscribing vectorwing.farmersdelight.common.item.HorseFeedItem$HorseFeedEvent to FORGE
[16Sep2025 15:21:11.703] [modloading-worker-0/DEBUG] [net.minecraftforge.fml.javafmlmod.AutomaticEventSubscriber/LOADING]: Auto-subscribing vectorwing.farmersdelight.common.item.enchantment.BackstabbingEnchantment$BackstabbingEvent to FORGE
[16Sep2025 15:21:11.705] [modloading-worker-0/DEBUG] [net.minecraftforge.fml.javafmlmod.AutomaticEventSubscriber/LOADING]: Auto-subscribing vectorwing.farmersdelight.common.item.DogFoodItem$DogFoodEvent to FORGE
[16Sep2025 15:21:11.706] [modloading-worker-0/DEBUG] [net.minecraftforge.fml.javafmlmod.AutomaticEventSubscriber/LOADING]: Auto-subscribing vectorwing.farmersdelight.common.event.VillagerEvents to FORGE
[16Sep2025 15:21:11.711] [modloading-worker-0/DEBUG] [net.minecraftforge.fml.javafmlmod.AutomaticEventSubscriber/LOADING]: Auto-subscribing vectorwing.farmersdelight.common.event.SetupEvents to MOD
[16Sep2025 15:21:11.714] [modloading-worker-0/DEBUG] [net.minecraftforge.fml.javafmlmod.AutomaticEventSubscriber/LOADING]: Auto-subscribing vectorwing.farmersdelight.common.event.MappingEvents to FORGE
[16Sep2025 15:21:11.718] [modloading-worker-0/DEBUG] [net.minecraftforge.fml.javafmlmod.AutomaticEventSubscriber/LOADING]: Auto-subscribing vectorwing.farmersdelight.common.event.CommonEvents to FORGE
[16Sep2025 15:21:11.724] [modloading-worker-0/DEBUG] [net.minecraftforge.fml.javafmlmod.AutomaticEventSubscriber/LOADING]: Auto-subscribing vectorwing.farmersdelight.common.block.CuttingBoardBlock$ToolCarvingEvent to FORGE
[16Sep2025 15:21:11.736] [modloading-worker-0/DEBUG] [net.minecraftforge.fml.javafmlmod.AutomaticEventSubscriber/LOADING]: Attempting to inject @EventBusSubscriber classes into the eventbus for goblintraders
[16Sep2025 15:21:11.742] [modloading-worker-0/DEBUG] [net.minecraftforge.fml.config.ConfigTracker/CONFIG]: Config file sophisticatedcore-common.toml for sophisticatedcore tracking
[16Sep2025 15:21:11.745] [modloading-worker-0/DEBUG] [net.minecraftforge.fml.config.ConfigTracker/CONFIG]: Config file sophisticatedcore-client.toml for sophisticatedcore tracking
[16Sep2025 15:21:11.747] [modloading-worker-0/DEBUG] [net.minecraftforge.fml.javafmlmod.AutomaticEventSubscriber/LOADING]: Attempting to inject @EventBusSubscriber classes into the eventbus for mowziesmobs
[16Sep2025 15:21:11.747] [modloading-worker-0/DEBUG] [net.minecraftforge.fml.javafmlmod.AutomaticEventSubscriber/LOADING]: Auto-subscribing com.bobmowzie.mowziesmobs.server.sound.MMSounds to FORGE
[16Sep2025 15:21:11.747] [modloading-worker-0/DEBUG] [net.minecraftforge.fml.javafmlmod.AutomaticEventSubscriber/LOADING]: Auto-subscribing com.bobmowzie.mowziesmobs.server.inventory.ContainerHandler to MOD
[16Sep2025 15:21:11.747] [modloading-worker-0/DEBUG] [net.minecraftforge.fml.javafmlmod.AutomaticEventSubscriber/LOADING]: Auto-subscribing com.bobmowzie.mowziesmobs.server.entity.EntityHandler to MOD
[16Sep2025 15:21:11.753] [modloading-worker-0/DEBUG] [net.minecraftforge.fml.javafmlmod.AutomaticEventSubscriber/LOADING]: Auto-subscribing com.bobmowzie.mowziesmobs.server.config.ConfigHandler to MOD
[16Sep2025 15:21:11.754] [modloading-worker-0/DEBUG] [net.minecraftforge.fml.javafmlmod.AutomaticEventSubscriber/LOADING]: Auto-subscribing com.bobmowzie.mowziesmobs.MowziesMobs to FORGE
[16Sep2025 15:21:11.754] [modloading-worker-0/DEBUG] [net.minecraftforge.fml.javafmlmod.AutomaticEventSubscriber/LOADING]: Auto-subscribing com.bobmowzie.mowziesmobs.datagen.DataGenerators to MOD
[16Sep2025 15:21:11.774] [modloading-worker-0/DEBUG] [mixin/]: Mixing camera.PlayerListMixin from securitycraft.mixins.json into net.minecraft.server.players.PlayerList
[16Sep2025 15:21:11.778] [modloading-worker-0/DEBUG] [net.minecraftforge.fml.config.ConfigTracker/CONFIG]: Config file curios-client.toml for curios tracking
[16Sep2025 15:21:11.780] [modloading-worker-0/DEBUG] [net.minecraftforge.fml.config.ConfigTracker/CONFIG]: Config file curios-common.toml for curios tracking
[16Sep2025 15:21:11.780] [modloading-worker-0/DEBUG] [net.minecraftforge.fml.config.ConfigTracker/CONFIG]: Config file curios-server.toml for curios tracking
[16Sep2025 15:21:11.780] [modloading-worker-0/DEBUG] [net.minecraftforge.fml.javafmlmod.AutomaticEventSubscriber/LOADING]: Attempting to inject @EventBusSubscriber classes into the eventbus for curios
[16Sep2025 15:21:11.794] [modloading-worker-0/DEBUG] [mixin/]: Mixing accessor.RecipeManagerAccessor from farmersdelight.mixins.json into net.minecraft.world.item.crafting.RecipeManager
[16Sep2025 15:21:11.811] [modloading-worker-0/DEBUG] [net.minecraftforge.fml.javafmlmod.AutomaticEventSubscriber/LOADING]: Attempting to inject @EventBusSubscriber classes into the eventbus for sophisticatedcore
[16Sep2025 15:21:11.816] [modloading-worker-0/DEBUG] [net.minecraftforge.fml.config.ConfigTracker/CONFIG]: Config file camera-server.toml for camera tracking
[16Sep2025 15:21:11.818] [modloading-worker-0/DEBUG] [net.minecraftforge.fml.config.ConfigTracker/CONFIG]: Config file camera-client.toml for camera tracking
[16Sep2025 15:21:11.820] [modloading-worker-0/DEBUG] [net.minecraftforge.fml.config.ConfigTracker/CONFIG]: Config file journeymap-server.toml for journeymap tracking
[16Sep2025 15:21:11.822] [modloading-worker-0/DEBUG] [net.minecraftforge.fml.javafmlmod.AutomaticEventSubscriber/LOADING]: Attempting to inject @EventBusSubscriber classes into the eventbus for camera
[16Sep2025 15:21:11.823] [modloading-worker-0/DEBUG] [net.minecraftforge.fml.javafmlmod.AutomaticEventSubscriber/LOADING]: Auto-subscribing de.maxhenkel.camera.ServerEvents to FORGE
[16Sep2025 15:21:11.823] [modloading-worker-0/DEBUG] [net.minecraftforge.fml.javafmlmod.AutomaticEventSubscriber/LOADING]: Attempting to inject @EventBusSubscriber classes into the eventbus for journeymap
[16Sep2025 15:21:11.827] [modloading-worker-0/DEBUG] [net.minecraftforge.fml.javafmlmod.AutomaticEventSubscriber/LOADING]: Auto-subscribing journeymap.common.config.forge.ForgeConfig to MOD
[16Sep2025 15:21:11.827] [modloading-worker-0/DEBUG] [net.minecraftforge.fml.javafmlmod.AutomaticEventSubscriber/LOADING]: Auto-subscribing journeymap.common.Journeymap to FORGE
[16Sep2025 15:21:11.845] [modloading-worker-0/DEBUG] [net.minecraftforge.fml.config.ConfigTracker/CONFIG]: Config file alexscaves-general.toml for alexscaves tracking
[16Sep2025 15:21:11.845] [modloading-worker-0/DEBUG] [net.minecraftforge.fml.config.ConfigTracker/CONFIG]: Config file alexscaves-client.toml for alexscaves tracking
[16Sep2025 15:21:11.857] [modloading-worker-0/DEBUG] [net.minecraftforge.fml.config.ConfigTracker/CONFIG]: Config file citadel-common.toml for citadel tracking
[16Sep2025 15:21:11.863] [modloading-worker-0/DEBUG] [net.minecraftforge.fml.javafmlmod.AutomaticEventSubscriber/LOADING]: Attempting to inject @EventBusSubscriber classes into the eventbus for citadel
[16Sep2025 15:21:11.866] [modloading-worker-0/DEBUG] [net.minecraftforge.fml.javafmlmod.AutomaticEventSubscriber/LOADING]: Auto-subscribing com.github.alexthe666.citadel.ServerProxy to MOD
[16Sep2025 15:21:11.898] [modloading-worker-0/DEBUG] [net.minecraftforge.fml.javafmlmod.AutomaticEventSubscriber/LOADING]: Attempting to inject @EventBusSubscriber classes into the eventbus for biomesoplenty
[16Sep2025 15:21:11.898] [modloading-worker-0/DEBUG] [net.minecraftforge.fml.javafmlmod.AutomaticEventSubscriber/LOADING]: Auto-subscribing biomesoplenty.init.ModVillagerTrades to FORGE
[16Sep2025 15:21:11.904] [modloading-worker-0/DEBUG] [net.minecraftforge.fml.javafmlmod.AutomaticEventSubscriber/LOADING]: Auto-subscribing biomesoplenty.common.datagen.DataGenerationHandler to MOD
[16Sep2025 15:21:11.914] [modloading-worker-0/DEBUG] [net.minecraftforge.fml.javafmlmod.AutomaticEventSubscriber/LOADING]: Auto-subscribing biomesoplenty.common.util.biome.BiomeUtil to FORGE
[16Sep2025 15:21:11.922] [modloading-worker-0/DEBUG] [mixin/]: Mixing gamerule.BooleanValueInvoker from mixins.artifacts.common.json into net.minecraft.world.level.GameRules$BooleanValue
[16Sep2025 15:21:11.923] [modloading-worker-0/DEBUG] [mixin/]: Renaming @Invoker method invokeCreate(ZLjava/util/function/BiConsumer;)Lnet/minecraft/world/level/GameRules$Type; to invokeCreate_$md$5151c0$0 in mixins.artifacts.common.json:gamerule.BooleanValueInvoker
[16Sep2025 15:21:11.943] [modloading-worker-0/DEBUG] [mixin/]: Mixing gamerule.IntegerValueInvoker from mixins.artifacts.common.json into net.minecraft.world.level.GameRules$IntegerValue
[16Sep2025 15:21:11.944] [modloading-worker-0/DEBUG] [mixin/]: Renaming @Invoker method invokeCreate(ILjava/util/function/BiConsumer;)Lnet/minecraft/world/level/GameRules$Type; to invokeCreate_$md$5151c0$0 in mixins.artifacts.common.json:gamerule.IntegerValueInvoker
[16Sep2025 15:21:11.964] [modloading-worker-0/DEBUG] [net.minecraftforge.fml.config.ConfigTracker/CONFIG]: Config file securitycraft-client.toml for securitycraft tracking
[16Sep2025 15:21:11.965] [modloading-worker-0/DEBUG] [net.minecraftforge.fml.config.ConfigTracker/CONFIG]: Config file securitycraft-server.toml for securitycraft tracking
[16Sep2025 15:21:12.189] [modloading-worker-0/INFO] [graveyard/]: Registered JSON trade offer adapter.
[16Sep2025 15:21:12.229] [modloading-worker-0/DEBUG] [net.minecraftforge.fml.javafmlmod.AutomaticEventSubscriber/LOADING]: Attempting to inject @EventBusSubscriber classes into the eventbus for graveyard
[16Sep2025 15:21:12.233] [modloading-worker-0/DEBUG] [net.minecraftforge.fml.javafmlmod.AutomaticEventSubscriber/LOADING]: Auto-subscribing com.lion.graveyard.platform.forge.HordeSpawner to FORGE
[16Sep2025 15:21:12.237] [modloading-worker-0/DEBUG] [mixin/]: Mixing MixinLevelEvent from architectury.mixins.json into net.minecraftforge.event.level.LevelEvent
[16Sep2025 15:21:12.493] [modloading-worker-0/DEBUG] [net.minecraftforge.fml.config.ConfigTracker/CONFIG]: Config file alexsmobs.toml for alexsmobs tracking
[16Sep2025 15:21:12.507] [modloading-worker-0/INFO] [dev.architectury.networking.forge.NetworkManagerImpl/]: Registering C2S receiver with id architectury:sync_ids
[16Sep2025 15:21:12.522] [modloading-worker-0/INFO] [dev.architectury.networking.forge.NetworkManagerImpl/]: Registering C2S receiver with id artifacts:networking_channel/42a7ad70b1cc371599a0eff744096b8a
[16Sep2025 15:21:12.524] [modloading-worker-0/INFO] [dev.architectury.networking.forge.NetworkManagerImpl/]: Registering C2S receiver with id artifacts:networking_channel/74a5e841822a3a87854ae896a33430d6
[16Sep2025 15:21:12.532] [modloading-worker-0/INFO] [dev.architectury.networking.forge.NetworkManagerImpl/]: Registering C2S receiver with id artifacts:networking_channel/eb3d1e2748533430848cadf0f37c7e9c
[16Sep2025 15:21:12.536] [modloading-worker-0/INFO] [dev.architectury.networking.forge.NetworkManagerImpl/]: Registering C2S receiver with id artifacts:networking_channel/91c8520f19f93b3e8b6a727568e194ab
[16Sep2025 15:21:12.537] [modloading-worker-0/INFO] [dev.architectury.networking.forge.NetworkManagerImpl/]: Registering C2S receiver with id artifacts:networking_channel/8c2784d778293fd482ed84b8aa5fedb9
[16Sep2025 15:21:12.546] [modloading-worker-0/INFO] [dev.architectury.networking.forge.NetworkManagerImpl/]: Registering C2S receiver with id artifacts:networking_channel/ea038224ea783d40b2863f52239e2604
[16Sep2025 15:21:12.554] [modloading-worker-0/INFO] [dev.architectury.networking.forge.NetworkManagerImpl/]: Registering C2S receiver with id artifacts:networking_channel/97ad64b7ecaf33209991c4f031501a58
[16Sep2025 15:21:12.588] [modloading-worker-0/DEBUG] [net.minecraftforge.fml.javafmlmod.AutomaticEventSubscriber/LOADING]: Attempting to inject @EventBusSubscriber classes into the eventbus for alexsmobs
[16Sep2025 15:21:12.588] [modloading-worker-0/DEBUG] [net.minecraftforge.fml.javafmlmod.AutomaticEventSubscriber/LOADING]: Auto-subscribing com.github.alexthe666.alexsmobs.world.AMWorldRegistry to MOD
[16Sep2025 15:21:12.593] [modloading-worker-0/DEBUG] [net.minecraftforge.fml.javafmlmod.AutomaticEventSubscriber/LOADING]: Auto-subscribing com.github.alexthe666.alexsmobs.tileentity.AMTileEntityRegistry to MOD
[16Sep2025 15:21:12.593] [modloading-worker-0/DEBUG] [net.minecraftforge.fml.javafmlmod.AutomaticEventSubscriber/LOADING]: Auto-subscribing com.github.alexthe666.alexsmobs.event.ServerEvents to FORGE
[16Sep2025 15:21:12.595] [modloading-worker-0/DEBUG] [net.minecraftforge.fml.javafmlmod.AutomaticEventSubscriber/LOADING]: Auto-subscribing com.github.alexthe666.alexsmobs.entity.AMEntityRegistry to MOD
[16Sep2025 15:21:12.596] [modloading-worker-0/DEBUG] [net.minecraftforge.fml.javafmlmod.AutomaticEventSubscriber/LOADING]: Auto-subscribing com.github.alexthe666.alexsmobs.CommonProxy to MOD
[16Sep2025 15:21:12.599] [modloading-worker-0/DEBUG] [net.minecraftforge.fml.javafmlmod.AutomaticEventSubscriber/LOADING]: Auto-subscribing com.github.alexthe666.alexsmobs.AlexsMobs to FORGE
[16Sep2025 15:21:12.603] [modloading-worker-0/DEBUG] [net.minecraftforge.fml.javafmlmod.AutomaticEventSubscriber/LOADING]: Attempting to inject @EventBusSubscriber classes into the eventbus for mixinextras
[16Sep2025 15:21:12.607] [modloading-worker-0/DEBUG] [mixin/]: Mixing item.wearable.WearableArtifactItemMixin from mixins.artifacts.forge.json into artifacts.item.wearable.WearableArtifactItem
[16Sep2025 15:21:12.623] [modloading-worker-0/DEBUG] [mixin/]: Mixing item.umbrella.UmbrellaItemMixin from mixins.artifacts.forge.json into artifacts.item.UmbrellaItem
[16Sep2025 15:21:12.692] [modloading-worker-0/DEBUG] [net.minecraftforge.fml.config.ConfigTracker/CONFIG]: Config file sophisticatedbackpacks-server.toml for sophisticatedbackpacks tracking
[16Sep2025 15:21:12.693] [modloading-worker-0/DEBUG] [net.minecraftforge.fml.config.ConfigTracker/CONFIG]: Config file sophisticatedbackpacks-common.toml for sophisticatedbackpacks tracking
[16Sep2025 15:21:12.767] [modloading-worker-0/DEBUG] [net.minecraftforge.fml.javafmlmod.AutomaticEventSubscriber/LOADING]: Attempting to inject @EventBusSubscriber classes into the eventbus for artifacts
[16Sep2025 15:21:12.870] [modloading-worker-0/DEBUG] [net.minecraftforge.fml.javafmlmod.AutomaticEventSubscriber/LOADING]: Attempting to inject @EventBusSubscriber classes into the eventbus for architectury
[16Sep2025 15:21:12.871] [modloading-worker-0/DEBUG] [net.minecraftforge.fml.javafmlmod.AutomaticEventSubscriber/LOADING]: Auto-subscribing dev.architectury.registry.level.entity.trade.forge.TradeRegistryImpl to FORGE
[16Sep2025 15:21:12.873] [modloading-worker-0/DEBUG] [net.minecraftforge.fml.javafmlmod.AutomaticEventSubscriber/LOADING]: Auto-subscribing dev.architectury.registry.forge.ReloadListenerRegistryImpl to FORGE
[16Sep2025 15:21:12.867] [modloading-worker-0/DEBUG] [net.minecraftforge.fml.javafmlmod.AutomaticEventSubscriber/LOADING]: Attempting to inject @EventBusSubscriber classes into the eventbus for securitycraft
[16Sep2025 15:21:12.873] [modloading-worker-0/DEBUG] [net.minecraftforge.fml.javafmlmod.AutomaticEventSubscriber/LOADING]: Auto-subscribing net.geforcemods.securitycraft.api.SecurityCraftAPI to MOD
[16Sep2025 15:21:12.874] [modloading-worker-0/DEBUG] [net.minecraftforge.fml.javafmlmod.AutomaticEventSubscriber/LOADING]: Auto-subscribing net.geforcemods.securitycraft.SecurityCraft to MOD
[16Sep2025 15:21:12.877] [modloading-worker-0/DEBUG] [net.minecraftforge.fml.javafmlmod.AutomaticEventSubscriber/LOADING]: Auto-subscribing dev.architectury.networking.forge.NetworkManagerImpl to FORGE
[16Sep2025 15:21:12.878] [modloading-worker-0/DEBUG] [net.minecraftforge.fml.javafmlmod.AutomaticEventSubscriber/LOADING]: Auto-subscribing net.geforcemods.securitycraft.SCEventHandler to FORGE
[16Sep2025 15:21:12.900] [modloading-worker-0/DEBUG] [net.minecraftforge.fml.config.ConfigTracker/CONFIG]: Config file iceandfire-client.toml for iceandfire tracking
[16Sep2025 15:21:12.901] [modloading-worker-0/DEBUG] [net.minecraftforge.fml.config.ConfigTracker/CONFIG]: Config file iceandfire-common.toml for iceandfire tracking
[16Sep2025 15:21:12.902] [modloading-worker-0/DEBUG] [net.minecraftforge.fml.javafmlmod.AutomaticEventSubscriber/LOADING]: Auto-subscribing net.geforcemods.securitycraft.RegistrationHandler to MOD
[16Sep2025 15:21:12.910] [modloading-worker-0/DEBUG] [net.minecraftforge.fml.javafmlmod.AutomaticEventSubscriber/LOADING]: Auto-subscribing net.geforcemods.securitycraft.ConfigHandler to MOD
[16Sep2025 15:21:12.916] [modloading-worker-0/DEBUG] [net.minecraftforge.fml.javafmlmod.AutomaticEventSubscriber/LOADING]: Attempting to inject @EventBusSubscriber classes into the eventbus for extra_dungeons
[16Sep2025 15:21:12.932] [modloading-worker-0/DEBUG] [net.minecraftforge.fml.javafmlmod.AutomaticEventSubscriber/LOADING]: Attempting to inject @EventBusSubscriber classes into the eventbus for sophisticatedbackpacks
[16Sep2025 15:21:12.940] [modloading-worker-0/DEBUG] [Carry On/]: Loaded tschipp.carryon.platform.ForgePlatformHelper@1b9c3ed3 for service interface tschipp.carryon.platform.services.IPlatformHelper
[16Sep2025 15:21:12.942] [modloading-worker-0/DEBUG] [net.minecraftforge.fml.config.ConfigTracker/CONFIG]: Config file jeresources-common.toml for jeresources tracking
[16Sep2025 15:21:12.944] [modloading-worker-0/DEBUG] [jeresources/]: Loaded jeresources.forge.ForgePlatformHelper@53932749 for service interface jeresources.platform.IPlatformHelper
[16Sep2025 15:21:12.947] [modloading-worker-0/DEBUG] [jeresources/]: Loading config file /workspaces/Server-/servidor_minecraft/config/jeresources.toml
[16Sep2025 15:21:12.948] [modloading-worker-0/DEBUG] [Carry On/]: Loaded tschipp.carryon.platform.ForgeGamestagesHelper@7b3795ec for service interface tschipp.carryon.platform.services.IGamestagePlatformHelper
[16Sep2025 15:21:12.948] [modloading-worker-0/DEBUG] [jeresources/]: Built TOML config for /workspaces/Server-/servidor_minecraft/config/jeresources.toml
[16Sep2025 15:21:12.951] [modloading-worker-0/DEBUG] [jeresources/]: Loaded TOML config file /workspaces/Server-/servidor_minecraft/config/jeresources.toml
[16Sep2025 15:21:12.955] [modloading-worker-0/DEBUG] [net.minecraftforge.fml.config.ConfigTracker/CONFIG]: Config file carryon-client.toml for carryon tracking
[16Sep2025 15:21:12.955] [modloading-worker-0/DEBUG] [net.minecraftforge.fml.config.ConfigTracker/CONFIG]: Config file carryon-common.toml for carryon tracking
[16Sep2025 15:21:12.955] [modloading-worker-0/DEBUG] [net.minecraftforge.fml.javafmlmod.AutomaticEventSubscriber/LOADING]: Attempting to inject @EventBusSubscriber classes into the eventbus for carryon
[16Sep2025 15:21:12.955] [modloading-worker-0/DEBUG] [net.minecraftforge.fml.javafmlmod.AutomaticEventSubscriber/LOADING]: Auto-subscribing tschipp.carryon.CarryOnForge to MOD
[16Sep2025 15:21:12.955] [modloading-worker-0/DEBUG] [net.minecraftforge.fml.javafmlmod.AutomaticEventSubscriber/LOADING]: Auto-subscribing tschipp.carryon.events.CommonEvents to FORGE
[16Sep2025 15:21:12.966] [modloading-worker-0/DEBUG] [net.minecraftforge.fml.javafmlmod.AutomaticEventSubscriber/LOADING]: Auto-subscribing tschipp.carryon.events.ModBusEvents to MOD
[16Sep2025 15:21:12.986] [modloading-worker-0/DEBUG] [Framework/]: Loaded com.mrcrayfish.framework.platform.ForgePlatformHelper@27a2d654 for service interface com.mrcrayfish.framework.platform.services.IPlatformHelper
[16Sep2025 15:21:12.987] [modloading-worker-0/DEBUG] [Framework/]: Loaded com.mrcrayfish.framework.platform.ForgeNetworkHelper@3e8fa9f8 for service interface com.mrcrayfish.framework.platform.services.INetworkHelper
[16Sep2025 15:21:12.992] [modloading-worker-0/DEBUG] [Framework/]: Loaded com.mrcrayfish.framework.platform.ForgeRegistrationHelper@6c4413ea for service interface com.mrcrayfish.framework.platform.services.IRegistrationHelper
[16Sep2025 15:21:12.993] [modloading-worker-0/DEBUG] [Framework/]: Loaded com.mrcrayfish.framework.platform.ForgeEntityHelper@1e6197d9 for service interface com.mrcrayfish.framework.platform.services.IEntityHelper
[16Sep2025 15:21:12.993] [modloading-worker-0/DEBUG] [Framework/]: Loaded com.mrcrayfish.framework.platform.ForgeItemHelper@3dc0096 for service interface com.mrcrayfish.framework.platform.services.IItemHelper
[16Sep2025 15:21:12.996] [modloading-worker-0/DEBUG] [net.minecraftforge.fml.javafmlmod.AutomaticEventSubscriber/LOADING]: Attempting to inject @EventBusSubscriber classes into the eventbus for jeresources
[16Sep2025 15:21:12.996] [modloading-worker-0/DEBUG] [net.minecraftforge.fml.javafmlmod.AutomaticEventSubscriber/LOADING]: Attempting to inject @EventBusSubscriber classes into the eventbus for dungeons_arise_seven_seas
[16Sep2025 15:21:12.997] [modloading-worker-0/DEBUG] [net.minecraftforge.fml.javafmlmod.AutomaticEventSubscriber/LOADING]: Attempting to inject @EventBusSubscriber classes into the eventbus for cloth_config
[16Sep2025 15:21:12.996] [modloading-worker-0/DEBUG] [Framework/]: Loaded com.mrcrayfish.framework.platform.ForgeConfigHelper@741ac06e for service interface com.mrcrayfish.framework.platform.services.IConfigHelper
[16Sep2025 15:21:13.027] [modloading-worker-0/DEBUG] [net.minecraftforge.versions.forge.ForgeVersion/CORE]: Forge Version package package net.minecraftforge.versions.forge, Forge, version 47.3 from cpw.mods.modlauncher.TransformingClassLoader@168ad26f
[16Sep2025 15:21:13.027] [modloading-worker-0/DEBUG] [net.minecraftforge.versions.forge.ForgeVersion/CORE]: Found Forge version 47.3.7
[16Sep2025 15:21:13.027] [modloading-worker-0/DEBUG] [net.minecraftforge.versions.forge.ForgeVersion/CORE]: Found Forge spec 47.3
[16Sep2025 15:21:13.027] [modloading-worker-0/DEBUG] [net.minecraftforge.versions.forge.ForgeVersion/CORE]: Found Forge group net.minecraftforge
[16Sep2025 15:21:13.028] [modloading-worker-0/DEBUG] [net.minecraftforge.versions.mcp.MCPVersion/CORE]: MCP Version package package net.minecraftforge.versions.mcp, Minecraft, version 1.20.1 from cpw.mods.modlauncher.TransformingClassLoader@168ad26f
[16Sep2025 15:21:13.028] [modloading-worker-0/DEBUG] [net.minecraftforge.versions.mcp.MCPVersion/CORE]: Found MC version information 1.20.1
[16Sep2025 15:21:13.028] [modloading-worker-0/DEBUG] [net.minecraftforge.versions.mcp.MCPVersion/CORE]: Found MCP version information 20230612.114412
[16Sep2025 15:21:13.028] [modloading-worker-0/INFO] [net.minecraftforge.common.ForgeMod/FORGEMOD]: Forge mod loading, version 47.3.7, for MC 1.20.1 with MCP 20230612.114412
[16Sep2025 15:21:13.028] [modloading-worker-0/INFO] [net.minecraftforge.common.MinecraftForge/FORGE]: MinecraftForge v47.3.7 Initialized
[16Sep2025 15:21:13.053] [modloading-worker-0/DEBUG] [net.minecraftforge.fml.javafmlmod.AutomaticEventSubscriber/LOADING]: Attempting to inject @EventBusSubscriber classes into the eventbus for alexscaves
[16Sep2025 15:21:13.053] [modloading-worker-0/DEBUG] [net.minecraftforge.fml.javafmlmod.AutomaticEventSubscriber/LOADING]: Auto-subscribing com.github.alexmodguy.alexscaves.server.entity.ACEntityRegistry to MOD
[16Sep2025 15:21:13.065] [modloading-worker-0/DEBUG] [net.minecraftforge.fml.config.ConfigTracker/CONFIG]: Config file appleskin-client.toml for appleskin tracking
[16Sep2025 15:21:13.066] [modloading-worker-0/DEBUG] [net.minecraftforge.fml.javafmlmod.AutomaticEventSubscriber/LOADING]: Attempting to inject @EventBusSubscriber classes into the eventbus for appleskin
[16Sep2025 15:21:13.073] [modloading-worker-0/INFO] [be.florens.expandability.ExpandAbility/]: ExpandAbility here, who dis?
[16Sep2025 15:21:13.074] [modloading-worker-0/DEBUG] [net.minecraftforge.fml.javafmlmod.AutomaticEventSubscriber/LOADING]: Attempting to inject @EventBusSubscriber classes into the eventbus for expandability
[16Sep2025 15:21:13.089] [modloading-worker-0/DEBUG] [net.minecraftforge.fml.config.ConfigTracker/CONFIG]: Config file twilightforest-common.toml for twilightforest tracking
[16Sep2025 15:21:13.091] [modloading-worker-0/DEBUG] [net.minecraftforge.fml.config.ConfigTracker/CONFIG]: Config file twilightforest-client.toml for twilightforest tracking
[16Sep2025 15:21:13.098] [modloading-worker-0/DEBUG] [io.netty.util.internal.PlatformDependent0/]: -Dio.netty.noUnsafe: false
[16Sep2025 15:21:13.098] [modloading-worker-0/DEBUG] [io.netty.util.internal.PlatformDependent0/]: Java version: 17
[16Sep2025 15:21:13.101] [modloading-worker-0/DEBUG] [io.netty.util.internal.PlatformDependent0/]: sun.misc.Unsafe.theUnsafe: available
[16Sep2025 15:21:13.102] [modloading-worker-0/DEBUG] [io.netty.util.internal.PlatformDependent0/]: sun.misc.Unsafe.copyMemory: available
[16Sep2025 15:21:13.102] [modloading-worker-0/DEBUG] [io.netty.util.internal.PlatformDependent0/]: sun.misc.Unsafe.storeFence: available
[16Sep2025 15:21:13.102] [modloading-worker-0/DEBUG] [io.netty.util.internal.PlatformDependent0/]: java.nio.Buffer.address: available
[16Sep2025 15:21:13.102] [modloading-worker-0/DEBUG] [io.netty.util.internal.PlatformDependent0/]: direct buffer constructor: unavailable
java.lang.UnsupportedOperationException: Reflective setAccessible(true) disabled
	at io.netty.util.internal.ReflectionUtil.trySetAccessible(ReflectionUtil.java:31) ~[netty-common-4.1.82.Final.jar%2382!/:4.1.82.Final]
	at io.netty.util.internal.PlatformDependent0$5.run(PlatformDependent0.java:288) ~[netty-common-4.1.82.Final.jar%2382!/:4.1.82.Final]
	at java.security.AccessController.doPrivileged(AccessController.java:318) ~[?:?]
	at io.netty.util.internal.PlatformDependent0.<clinit>(PlatformDependent0.java:282) ~[netty-common-4.1.82.Final.jar%2382!/:4.1.82.Final]
	at io.netty.util.internal.PlatformDependent.isAndroid(PlatformDependent.java:333) ~[netty-common-4.1.82.Final.jar%2382!/:4.1.82.Final]
	at io.netty.util.internal.PlatformDependent.<clinit>(PlatformDependent.java:88) ~[netty-common-4.1.82.Final.jar%2382!/:4.1.82.Final]
	at io.netty.util.ConstantPool.<init>(ConstantPool.java:34) ~[netty-common-4.1.82.Final.jar%2382!/:4.1.82.Final]
	at io.netty.util.AttributeKey$1.<init>(AttributeKey.java:27) ~[netty-common-4.1.82.Final.jar%2382!/:4.1.82.Final]
	at io.netty.util.AttributeKey.<clinit>(AttributeKey.java:27) ~[netty-common-4.1.82.Final.jar%2382!/:4.1.82.Final]
	at net.minecraftforge.network.NetworkConstants.<clinit>(NetworkConstants.java:34) ~[forge-1.20.1-47.3.7-universal.jar%23184!/:?]
	at net.minecraftforge.common.ForgeMod.<init>(ForgeMod.java:429) ~[forge-1.20.1-47.3.7-universal.jar%23184!/:?]
	at jdk.internal.reflect.NativeConstructorAccessorImpl.newInstance0(Native Method) ~[?:?]
	at jdk.internal.reflect.NativeConstructorAccessorImpl.newInstance(NativeConstructorAccessorImpl.java:77) ~[?:?]
	at jdk.internal.reflect.DelegatingConstructorAccessorImpl.newInstance(DelegatingConstructorAccessorImpl.java:45) ~[?:?]
	at java.lang.reflect.Constructor.newInstanceWithCaller(Constructor.java:500) ~[?:?]
	at java.lang.reflect.Constructor.newInstance(Constructor.java:481) ~[?:?]
	at net.minecraftforge.fml.javafmlmod.FMLModContainer.constructMod(FMLModContainer.java:70) ~[javafmllanguage-1.20.1-47.3.7.jar%23181!/:?]
	at net.minecraftforge.fml.ModContainer.lambda$buildTransitionHandler$4(ModContainer.java:124) ~[fmlcore-1.20.1-47.3.7.jar%23180!/:?]
	at java.util.concurrent.CompletableFuture$AsyncRun.run(CompletableFuture.java:1804) ~[?:?]
	at java.util.concurrent.CompletableFuture$AsyncRun.exec(CompletableFuture.java:1796) ~[?:?]
	at java.util.concurrent.ForkJoinTask.doExec(ForkJoinTask.java:373) ~[?:?]
	at java.util.concurrent.ForkJoinPool$WorkQueue.topLevelExec(ForkJoinPool.java:1182) ~[?:?]
	at java.util.concurrent.ForkJoinPool.scan(ForkJoinPool.java:1655) ~[?:?]
	at java.util.concurrent.ForkJoinPool.runWorker(ForkJoinPool.java:1622) ~[?:?]
	at java.util.concurrent.ForkJoinWorkerThread.run(ForkJoinWorkerThread.java:165) ~[?:?]
[16Sep2025 15:21:13.103] [modloading-worker-0/DEBUG] [io.netty.util.internal.PlatformDependent0/]: java.nio.Bits.unaligned: available, true
[16Sep2025 15:21:13.106] [modloading-worker-0/DEBUG] [Framework/]: Started watching config: /workspaces/Server-/servidor_minecraft/config/goblintraders-entities.toml
[16Sep2025 15:21:13.105] [modloading-worker-0/DEBUG] [io.netty.util.internal.PlatformDependent0/]: jdk.internal.misc.Unsafe.allocateUninitializedArray(int): unavailable
java.lang.IllegalAccessException: class io.netty.util.internal.PlatformDependent0$7 (in module io.netty.common) cannot access class jdk.internal.misc.Unsafe (in module java.base) because module java.base does not export jdk.internal.misc to module io.netty.common
	at jdk.internal.reflect.Reflection.newIllegalAccessException(Reflection.java:392) ~[?:?]
	at java.lang.reflect.AccessibleObject.checkAccess(AccessibleObject.java:674) ~[?:?]
	at java.lang.reflect.Method.invoke(Method.java:561) ~[?:?]
	at io.netty.util.internal.PlatformDependent0$7.run(PlatformDependent0.java:410) ~[netty-common-4.1.82.Final.jar%2382!/:4.1.82.Final]
	at java.security.AccessController.doPrivileged(AccessController.java:318) ~[?:?]
	at io.netty.util.internal.PlatformDependent0.<clinit>(PlatformDependent0.java:401) ~[netty-common-4.1.82.Final.jar%2382!/:4.1.82.Final]
	at io.netty.util.internal.PlatformDependent.isAndroid(PlatformDependent.java:333) ~[netty-common-4.1.82.Final.jar%2382!/:4.1.82.Final]
	at io.netty.util.internal.PlatformDependent.<clinit>(PlatformDependent.java:88) ~[netty-common-4.1.82.Final.jar%2382!/:4.1.82.Final]
	at io.netty.util.ConstantPool.<init>(ConstantPool.java:34) ~[netty-common-4.1.82.Final.jar%2382!/:4.1.82.Final]
	at io.netty.util.AttributeKey$1.<init>(AttributeKey.java:27) ~[netty-common-4.1.82.Final.jar%2382!/:4.1.82.Final]
	at io.netty.util.AttributeKey.<clinit>(AttributeKey.java:27) ~[netty-common-4.1.82.Final.jar%2382!/:4.1.82.Final]
	at net.minecraftforge.network.NetworkConstants.<clinit>(NetworkConstants.java:34) ~[forge-1.20.1-47.3.7-universal.jar%23184!/:?]
	at net.minecraftforge.common.ForgeMod.<init>(ForgeMod.java:429) ~[forge-1.20.1-47.3.7-universal.jar%23184!/:?]
	at jdk.internal.reflect.NativeConstructorAccessorImpl.newInstance0(Native Method) ~[?:?]
	at jdk.internal.reflect.NativeConstructorAccessorImpl.newInstance(NativeConstructorAccessorImpl.java:77) ~[?:?]
	at jdk.internal.reflect.DelegatingConstructorAccessorImpl.newInstance(DelegatingConstructorAccessorImpl.java:45) ~[?:?]
	at java.lang.reflect.Constructor.newInstanceWithCaller(Constructor.java:500) ~[?:?]
	at java.lang.reflect.Constructor.newInstance(Constructor.java:481) ~[?:?]
	at net.minecraftforge.fml.javafmlmod.FMLModContainer.constructMod(FMLModContainer.java:70) ~[javafmllanguage-1.20.1-47.3.7.jar%23181!/:?]
	at net.minecraftforge.fml.ModContainer.lambda$buildTransitionHandler$4(ModContainer.java:124) ~[fmlcore-1.20.1-47.3.7.jar%23180!/:?]
	at java.util.concurrent.CompletableFuture$AsyncRun.run(CompletableFuture.java:1804) ~[?:?]
	at java.util.concurrent.CompletableFuture$AsyncRun.exec(CompletableFuture.java:1796) ~[?:?]
	at java.util.concurrent.ForkJoinTask.doExec(ForkJoinTask.java:373) ~[?:?]
	at java.util.concurrent.ForkJoinPool$WorkQueue.topLevelExec(ForkJoinPool.java:1182) ~[?:?]
	at java.util.concurrent.ForkJoinPool.scan(ForkJoinPool.java:1655) ~[?:?]
	at java.util.concurrent.ForkJoinPool.runWorker(ForkJoinPool.java:1622) ~[?:?]
	at java.util.concurrent.ForkJoinWorkerThread.run(ForkJoinWorkerThread.java:165) ~[?:?]
[16Sep2025 15:21:13.108] [modloading-worker-0/DEBUG] [io.netty.util.internal.PlatformDependent0/]: java.nio.DirectByteBuffer.<init>(long, int): unavailable
[16Sep2025 15:21:13.108] [modloading-worker-0/DEBUG] [io.netty.util.internal.PlatformDependent/]: sun.misc.Unsafe: available
[16Sep2025 15:21:13.110] [modloading-worker-0/DEBUG] [io.netty.util.internal.PlatformDependent/]: maxDirectMemory: 15032385536 bytes (maybe)
[16Sep2025 15:21:13.111] [modloading-worker-0/DEBUG] [io.netty.util.internal.PlatformDependent/]: -Dio.netty.tmpdir: /tmp (java.io.tmpdir)
[16Sep2025 15:21:13.111] [modloading-worker-0/DEBUG] [io.netty.util.internal.PlatformDependent/]: -Dio.netty.bitMode: 64 (sun.arch.data.model)
[16Sep2025 15:21:13.112] [modloading-worker-0/DEBUG] [io.netty.util.internal.PlatformDependent/]: -Dio.netty.maxDirectMemory: -1 bytes
[16Sep2025 15:21:13.112] [modloading-worker-0/DEBUG] [io.netty.util.internal.PlatformDependent/]: -Dio.netty.uninitializedArrayAllocationThreshold: -1
[16Sep2025 15:21:13.115] [modloading-worker-0/DEBUG] [io.netty.util.internal.CleanerJava9/]: java.nio.ByteBuffer.cleaner(): available
[16Sep2025 15:21:13.115] [modloading-worker-0/DEBUG] [io.netty.util.internal.PlatformDependent/]: -Dio.netty.noPreferDirect: false
[16Sep2025 15:21:13.128] [modloading-worker-0/DEBUG] [net.minecraftforge.fml.javafmlmod.AutomaticEventSubscriber/LOADING]: Attempting to inject @EventBusSubscriber classes into the eventbus for framework
[16Sep2025 15:21:13.128] [modloading-worker-0/DEBUG] [net.minecraftforge.fml.javafmlmod.AutomaticEventSubscriber/LOADING]: Auto-subscribing com.mrcrayfish.framework.entity.sync.ForgeSyncedEntityDataHandler to FORGE
[16Sep2025 15:21:13.129] [modloading-worker-0/DEBUG] [net.minecraftforge.fml.javafmlmod.AutomaticEventSubscriber/LOADING]: Attempting to inject @EventBusSubscriber classes into the eventbus for tlskincape
[16Sep2025 15:21:13.133] [modloading-worker-0/DEBUG] [playerrevive/]: Created network playerrevive:main
[16Sep2025 15:21:13.138] [modloading-worker-0/DEBUG] [net.minecraftforge.fml.javafmlmod.AutomaticEventSubscriber/LOADING]: Attempting to inject @EventBusSubscriber classes into the eventbus for playerrevive
[16Sep2025 15:21:13.146] [modloading-worker-0/DEBUG] [net.minecraftforge.fml.config.ConfigTracker/CONFIG]: Config file corpse-server.toml for corpse tracking
[16Sep2025 15:21:13.151] [modloading-worker-0/DEBUG] [net.minecraftforge.fml.javafmlmod.AutomaticEventSubscriber/LOADING]: Attempting to inject @EventBusSubscriber classes into the eventbus for corpse
[16Sep2025 15:21:13.151] [modloading-worker-0/DEBUG] [net.minecraftforge.fml.javafmlmod.AutomaticEventSubscriber/LOADING]: Auto-subscribing de.maxhenkel.corpse.Main to FORGE
[16Sep2025 15:21:13.152] [modloading-worker-0/DEBUG] [net.minecraftforge.fml.javafmlmod.AutomaticEventSubscriber/LOADING]: Attempting to inject @EventBusSubscriber classes into the eventbus for dungeons_arise
[16Sep2025 15:21:13.194] [modloading-worker-0/DEBUG] [net.minecraftforge.common.ForgeMod/FORGEMOD]: Loading Network data for FML net version: FML3
[16Sep2025 15:21:13.224] [modloading-worker-0/DEBUG] [net.minecraftforge.fml.config.ConfigTracker/CONFIG]: Config file forge-client.toml for forge tracking
[16Sep2025 15:21:13.224] [modloading-worker-0/DEBUG] [net.minecraftforge.fml.config.ConfigTracker/CONFIG]: Config file forge-server.toml for forge tracking
[16Sep2025 15:21:13.224] [modloading-worker-0/DEBUG] [net.minecraftforge.fml.ModLoadingContext/]: Attempted to register an empty config for type COMMON on mod forge
[16Sep2025 15:21:13.266] [modloading-worker-0/DEBUG] [net.minecraftforge.fml.javafmlmod.AutomaticEventSubscriber/LOADING]: Attempting to inject @EventBusSubscriber classes into the eventbus for forge
[16Sep2025 15:21:13.266] [modloading-worker-0/DEBUG] [net.minecraftforge.fml.javafmlmod.AutomaticEventSubscriber/LOADING]: Auto-subscribing net.minecraftforge.common.ForgeSpawnEggItem$CommonHandler to MOD
[16Sep2025 15:21:13.633] [modloading-worker-0/DEBUG] [net.minecraftforge.fml.javafmlmod.AutomaticEventSubscriber/LOADING]: Attempting to inject @EventBusSubscriber classes into the eventbus for iceandfire
[16Sep2025 15:21:13.633] [modloading-worker-0/DEBUG] [net.minecraftforge.fml.javafmlmod.AutomaticEventSubscriber/LOADING]: Auto-subscribing com.github.alexthe666.iceandfire.recipe.IafRecipeRegistry to MOD
[16Sep2025 15:21:13.633] [modloading-worker-0/DEBUG] [net.minecraftforge.fml.javafmlmod.AutomaticEventSubscriber/LOADING]: Auto-subscribing com.github.alexthe666.iceandfire.misc.IafSoundRegistry to MOD
[16Sep2025 15:21:13.634] [modloading-worker-0/DEBUG] [net.minecraftforge.fml.javafmlmod.AutomaticEventSubscriber/LOADING]: Auto-subscribing com.github.alexthe666.iceandfire.misc.IafDamageRegistry to MOD
[16Sep2025 15:21:13.639] [modloading-worker-0/DEBUG] [net.minecraftforge.fml.javafmlmod.AutomaticEventSubscriber/LOADING]: Auto-subscribing com.github.alexthe666.iceandfire.item.IafItemRegistry to MOD
[16Sep2025 15:21:13.640] [modloading-worker-0/DEBUG] [net.minecraftforge.fml.javafmlmod.AutomaticEventSubscriber/LOADING]: Auto-subscribing com.github.alexthe666.iceandfire.event.ServerEvents to FORGE
[16Sep2025 15:21:13.653] [modloading-worker-0/DEBUG] [net.minecraftforge.fml.javafmlmod.AutomaticEventSubscriber/LOADING]: Auto-subscribing com.github.alexthe666.iceandfire.entity.props.CapabilityHandler to FORGE
[16Sep2025 15:21:13.655] [modloading-worker-0/DEBUG] [net.minecraftforge.fml.javafmlmod.AutomaticEventSubscriber/LOADING]: Auto-subscribing com.github.alexthe666.iceandfire.entity.IafVillagerRegistry to MOD
[16Sep2025 15:21:13.655] [modloading-worker-0/DEBUG] [net.minecraftforge.fml.javafmlmod.AutomaticEventSubscriber/LOADING]: Auto-subscribing com.github.alexthe666.iceandfire.entity.IafEntityRegistry to MOD
[16Sep2025 15:21:13.659] [modloading-worker-0/DEBUG] [net.minecraftforge.fml.javafmlmod.AutomaticEventSubscriber/LOADING]: Auto-subscribing com.github.alexthe666.iceandfire.datagen.DataGenerators to MOD
[16Sep2025 15:21:13.669] [modloading-worker-0/DEBUG] [net.minecraftforge.fml.javafmlmod.AutomaticEventSubscriber/LOADING]: Auto-subscribing com.github.alexthe666.iceandfire.block.IafBlockRegistry to MOD
[16Sep2025 15:21:13.669] [modloading-worker-0/DEBUG] [net.minecraftforge.fml.javafmlmod.AutomaticEventSubscriber/LOADING]: Auto-subscribing com.github.alexthe666.iceandfire.IceAndFire to FORGE
[16Sep2025 15:21:13.670] [modloading-worker-0/DEBUG] [net.minecraftforge.fml.javafmlmod.AutomaticEventSubscriber/LOADING]: Auto-subscribing com.github.alexthe666.iceandfire.CommonProxy to MOD
[16Sep2025 15:21:14.142] [modloading-worker-0/DEBUG] [net.minecraftforge.fml.javafmlmod.AutomaticEventSubscriber/LOADING]: Attempting to inject @EventBusSubscriber classes into the eventbus for twilightforest
[16Sep2025 15:21:14.143] [modloading-worker-0/DEBUG] [net.minecraftforge.fml.javafmlmod.AutomaticEventSubscriber/LOADING]: Auto-subscribing twilightforest.util.TFRemapper to FORGE
[16Sep2025 15:21:14.148] [modloading-worker-0/DEBUG] [net.minecraftforge.fml.javafmlmod.AutomaticEventSubscriber/LOADING]: Auto-subscribing twilightforest.loot.modifiers.GiantToolGroupingModifier to FORGE
[16Sep2025 15:21:14.154] [modloading-worker-0/DEBUG] [net.minecraftforge.fml.javafmlmod.AutomaticEventSubscriber/LOADING]: Auto-subscribing twilightforest.item.OreMagnetItem to FORGE
[16Sep2025 15:21:14.160] [modloading-worker-0/DEBUG] [net.minecraftforge.fml.javafmlmod.AutomaticEventSubscriber/LOADING]: Auto-subscribing twilightforest.item.FierySwordItem to FORGE
[16Sep2025 15:21:14.160] [modloading-worker-0/DEBUG] [net.minecraftforge.fml.javafmlmod.AutomaticEventSubscriber/LOADING]: Auto-subscribing twilightforest.init.TFEntities to MOD
[16Sep2025 15:21:14.161] [modloading-worker-0/DEBUG] [net.minecraftforge.fml.javafmlmod.AutomaticEventSubscriber/LOADING]: Auto-subscribing twilightforest.init.TFCaveCarvers to MOD
[16Sep2025 15:21:14.167] [modloading-worker-0/DEBUG] [net.minecraftforge.fml.javafmlmod.AutomaticEventSubscriber/LOADING]: Auto-subscribing twilightforest.events.ToolEvents to FORGE
[16Sep2025 15:21:14.175] [modloading-worker-0/DEBUG] [net.minecraftforge.fml.javafmlmod.AutomaticEventSubscriber/LOADING]: Auto-subscribing twilightforest.events.ProgressionEvents to FORGE
[16Sep2025 15:21:14.183] [modloading-worker-0/DEBUG] [net.minecraftforge.fml.javafmlmod.AutomaticEventSubscriber/LOADING]: Auto-subscribing twilightforest.events.MiscEvents to FORGE
[16Sep2025 15:21:14.188] [modloading-worker-0/DEBUG] [net.minecraftforge.fml.javafmlmod.AutomaticEventSubscriber/LOADING]: Auto-subscribing twilightforest.events.HostileMountEvents to FORGE
[16Sep2025 15:21:14.193] [modloading-worker-0/DEBUG] [net.minecraftforge.fml.javafmlmod.AutomaticEventSubscriber/LOADING]: Auto-subscribing twilightforest.events.EntityEvents to FORGE
[16Sep2025 15:21:14.201] [modloading-worker-0/DEBUG] [net.minecraftforge.fml.javafmlmod.AutomaticEventSubscriber/LOADING]: Auto-subscribing twilightforest.events.CharmEvents to FORGE
[16Sep2025 15:21:14.204] [modloading-worker-0/DEBUG] [net.minecraftforge.fml.javafmlmod.AutomaticEventSubscriber/LOADING]: Auto-subscribing twilightforest.events.CapabilityEvents to FORGE
[16Sep2025 15:21:14.207] [modloading-worker-0/DEBUG] [net.minecraftforge.fml.javafmlmod.AutomaticEventSubscriber/LOADING]: Auto-subscribing twilightforest.data.DataGenerators to MOD
[16Sep2025 15:21:14.209] [modloading-worker-0/DEBUG] [net.minecraftforge.fml.javafmlmod.AutomaticEventSubscriber/LOADING]: Auto-subscribing twilightforest.TFTickHandler to FORGE
[16Sep2025 15:21:14.212] [modloading-worker-0/DEBUG] [net.minecraftforge.fml.javafmlmod.AutomaticEventSubscriber/LOADING]: Auto-subscribing twilightforest.TFConfig to MOD
[16Sep2025 15:21:14.213] [modloading-worker-0/DEBUG] [net.minecraftforge.fml.javafmlmod.AutomaticEventSubscriber/LOADING]: Auto-subscribing twilightforest.TFConfig$ConfigSync to FORGE
[16Sep2025 15:21:14.277] [main/DEBUG] [net.minecraftforge.common.capabilities.CapabilityManager/CAPABILITIES]: Attempting to automatically register: Lnet/minecraftforge/energy/IEnergyStorage;
[16Sep2025 15:21:14.277] [main/DEBUG] [net.minecraftforge.common.capabilities.CapabilityManager/CAPABILITIES]: Attempting to automatically register: Lnet/minecraftforge/fluids/capability/IFluidHandler;
[16Sep2025 15:21:14.277] [main/DEBUG] [net.minecraftforge.common.capabilities.CapabilityManager/CAPABILITIES]: Attempting to automatically register: Lnet/minecraftforge/fluids/capability/IFluidHandlerItem;
[16Sep2025 15:21:14.277] [main/DEBUG] [net.minecraftforge.common.capabilities.CapabilityManager/CAPABILITIES]: Attempting to automatically register: Lnet/minecraftforge/items/IItemHandler;
[16Sep2025 15:21:16.668] [main/DEBUG] [software.bernie.geckolib.GeckoLib/]: Registered SyncedAnimatable for class com.bobmowzie.mowziesmobs.server.item.ItemEarthrendGauntlet
[16Sep2025 15:21:16.668] [main/DEBUG] [software.bernie.geckolib.GeckoLib/]: Registered SyncedAnimatable for class com.bobmowzie.mowziesmobs.server.item.ItemSculptorStaff
[16Sep2025 15:21:16.846] [main/DEBUG] [Goblin Traders/]: Loaded com.mrcrayfish.goblintraders.platform.ForgePlatformHelper@3621374d for service interface com.mrcrayfish.goblintraders.platform.services.IPlatformHelper
[16Sep2025 15:21:17.406] [main/DEBUG] [dev.architectury.core.item.ArchitecturySpawnEggItem/]: Registering spawn egg mimic_spawn_egg for artifacts:mimic
[16Sep2025 15:21:17.919] [main/WARN] [net.minecraft.network.syncher.SynchedEntityData/]: defineId called for: class com.github.alexmodguy.alexscaves.server.entity.living.TremorzillaEntity from class com.github.alexmodguy.alexscaves.server.entity.living.LicowitchEntity
[16Sep2025 15:21:17.921] [main/DEBUG] [mixin/]: Mixing PotionUtilsMixin from alexscaves.mixins.json into net.minecraft.world.item.alchemy.PotionUtils
[16Sep2025 15:21:17.921] [main/DEBUG] [mixin/]: Renaming synthetic method lambda$ac_getColor$0(Lnet/minecraft/world/effect/MobEffectInstance;)Z to md5151c0$lambda$ac_getColor$0$0 in alexscaves.mixins.json:PotionUtilsMixin
[16Sep2025 15:21:17.927] [main/DEBUG] [mixin/]: Mixing SpawnRestrictionAccessor from graveyard-common.mixins.json into net.minecraft.world.entity.SpawnPlacements
[16Sep2025 15:21:17.927] [main/DEBUG] [mixin/]: Renaming @Invoker method callRegister(Lnet/minecraft/world/entity/EntityType;Lnet/minecraft/world/entity/SpawnPlacements$Type;Lnet/minecraft/world/level/levelgen/Heightmap$Types;Lnet/minecraft/world/entity/SpawnPlacements$SpawnPredicate;)V to callRegister_$md$5151c0$0 in graveyard-common.mixins.json:SpawnRestrictionAccessor
[16Sep2025 15:21:17.975] [main/DEBUG] [io.netty.util.internal.InternalThreadLocalMap/]: -Dio.netty.threadLocalMap.stringBuilder.initialSize: 1024
[16Sep2025 15:21:17.975] [main/DEBUG] [io.netty.util.internal.InternalThreadLocalMap/]: -Dio.netty.threadLocalMap.stringBuilder.maxSize: 4096
[16Sep2025 15:21:17.976] [main/DEBUG] [io.netty.util.internal.ThreadLocalRandom/]: -Dio.netty.initialSeedUniquifier: 0x11322ea9e2efb620
[16Sep2025 15:21:17.994] [main/DEBUG] [net.minecraftforge.fml.config.ConfigTracker/CONFIG]: Loading configs type COMMON
[16Sep2025 15:21:17.995] [main/DEBUG] [net.minecraftforge.fml.config.ConfigFileTypeHandler/CONFIG]: Built TOML config for /workspaces/Server-/servidor_minecraft/config/torchmaster.toml
[16Sep2025 15:21:17.995] [main/DEBUG] [net.minecraftforge.fml.config.ConfigFileTypeHandler/CONFIG]: Loaded TOML config file /workspaces/Server-/servidor_minecraft/config/torchmaster.toml
[16Sep2025 15:21:17.996] [main/DEBUG] [net.minecraftforge.fml.config.ConfigFileTypeHandler/CONFIG]: Watching TOML config file /workspaces/Server-/servidor_minecraft/config/torchmaster.toml for changes
[16Sep2025 15:21:17.997] [main/DEBUG] [net.minecraftforge.fml.config.ConfigFileTypeHandler/CONFIG]: Built TOML config for /workspaces/Server-/servidor_minecraft/config/biomesoplenty/generation.toml
[16Sep2025 15:21:17.997] [main/DEBUG] [net.minecraftforge.fml.config.ConfigFileTypeHandler/CONFIG]: Loaded TOML config file /workspaces/Server-/servidor_minecraft/config/biomesoplenty/generation.toml
[16Sep2025 15:21:17.998] [main/DEBUG] [net.minecraftforge.fml.config.ConfigFileTypeHandler/CONFIG]: Watching TOML config file /workspaces/Server-/servidor_minecraft/config/biomesoplenty/generation.toml for changes
[16Sep2025 15:21:17.999] [Thread-2/DEBUG] [net.minecraftforge.fml.config.ConfigFileTypeHandler/CONFIG]: Config file biomesoplenty/generation.toml changed, sending notifies
[16Sep2025 15:21:17.999] [Thread-2/DEBUG] [net.minecraftforge.fml.config.ConfigFileTypeHandler/CONFIG]: Config file biomesoplenty/generation.toml changed, sending notifies
[16Sep2025 15:21:17.999] [main/DEBUG] [net.minecraftforge.fml.config.ConfigFileTypeHandler/CONFIG]: Built TOML config for /workspaces/Server-/servidor_minecraft/config/farmersdelight-common.toml
[16Sep2025 15:21:18.000] [main/DEBUG] [net.minecraftforge.fml.config.ConfigFileTypeHandler/CONFIG]: Loaded TOML config file /workspaces/Server-/servidor_minecraft/config/farmersdelight-common.toml
[16Sep2025 15:21:18.000] [main/DEBUG] [net.minecraftforge.fml.config.ConfigFileTypeHandler/CONFIG]: Watching TOML config file /workspaces/Server-/servidor_minecraft/config/farmersdelight-common.toml for changes
[16Sep2025 15:21:18.002] [Thread-2/DEBUG] [net.minecraftforge.fml.config.ConfigFileTypeHandler/CONFIG]: Config file farmersdelight-common.toml changed, sending notifies
[16Sep2025 15:21:18.003] [main/DEBUG] [net.minecraftforge.fml.config.ConfigFileTypeHandler/CONFIG]: Built TOML config for /workspaces/Server-/servidor_minecraft/config/mowziesmobs-common.toml
[16Sep2025 15:21:18.003] [Thread-2/WARN] [net.minecraftforge.fml.config.ConfigFileTypeHandler/CONFIG]: Configuration file /workspaces/Server-/servidor_minecraft/config/torchmaster.toml is not correct. Correcting
[16Sep2025 15:21:18.009] [main/DEBUG] [net.minecraftforge.fml.config.ConfigFileTypeHandler/CONFIG]: Loaded TOML config file /workspaces/Server-/servidor_minecraft/config/mowziesmobs-common.toml
[16Sep2025 15:21:18.009] [main/DEBUG] [net.minecraftforge.fml.config.ConfigFileTypeHandler/CONFIG]: Watching TOML config file /workspaces/Server-/servidor_minecraft/config/mowziesmobs-common.toml for changes
[16Sep2025 15:21:18.017] [Thread-2/DEBUG] [net.minecraftforge.common.ForgeConfigSpec/CORE]: List on key megaTorchEntityBlockListOverrides is deemed to need correction. It is null, not a list, or an empty list. Modders, consider defineListAllowEmpty?
[16Sep2025 15:21:18.019] [Thread-2/DEBUG] [net.minecraftforge.common.ForgeConfigSpec/CORE]: List on key dreadLampEntityBlockListOverrides is deemed to need correction. It is null, not a list, or an empty list. Modders, consider defineListAllowEmpty?
[16Sep2025 15:21:18.018] [main/DEBUG] [net.minecraftforge.fml.config.ConfigFileTypeHandler/CONFIG]: Built TOML config for /workspaces/Server-/servidor_minecraft/config/sophisticatedcore-common.toml
[16Sep2025 15:21:18.020] [main/DEBUG] [net.minecraftforge.fml.config.ConfigFileTypeHandler/CONFIG]: Loaded TOML config file /workspaces/Server-/servidor_minecraft/config/sophisticatedcore-common.toml
[16Sep2025 15:21:18.020] [main/DEBUG] [net.minecraftforge.fml.config.ConfigFileTypeHandler/CONFIG]: Watching TOML config file /workspaces/Server-/servidor_minecraft/config/sophisticatedcore-common.toml for changes
[16Sep2025 15:21:18.020] [Thread-2/DEBUG] [net.minecraftforge.fml.config.ConfigFileTypeHandler/CONFIG]: Config file torchmaster.toml changed, sending notifies
[16Sep2025 15:21:18.023] [Thread-2/DEBUG] [net.minecraftforge.fml.config.ConfigFileTypeHandler/CONFIG]: Config file farmersdelight-common.toml changed, sending notifies
[16Sep2025 15:21:18.023] [Thread-2/DEBUG] [net.minecraftforge.fml.config.ConfigFileTypeHandler/CONFIG]: Config file sophisticatedcore-common.toml changed, sending notifies
[16Sep2025 15:21:18.026] [main/DEBUG] [net.minecraftforge.fml.config.ConfigFileTypeHandler/CONFIG]: Built TOML config for /workspaces/Server-/servidor_minecraft/config/curios-common.toml
[16Sep2025 15:21:18.026] [main/DEBUG] [net.minecraftforge.fml.config.ConfigFileTypeHandler/CONFIG]: Loaded TOML config file /workspaces/Server-/servidor_minecraft/config/curios-common.toml
[16Sep2025 15:21:18.028] [Thread-2/WARN] [net.minecraftforge.fml.config.ConfigFileTypeHandler/CONFIG]: Configuration file /workspaces/Server-/servidor_minecraft/config/mowziesmobs-common.toml is not correct. Correcting
[16Sep2025 15:21:18.028] [main/DEBUG] [net.minecraftforge.fml.config.ConfigFileTypeHandler/CONFIG]: Watching TOML config file /workspaces/Server-/servidor_minecraft/config/curios-common.toml for changes
[16Sep2025 15:21:18.029] [main/DEBUG] [net.minecraftforge.fml.config.ConfigFileTypeHandler/CONFIG]: Built TOML config for /workspaces/Server-/servidor_minecraft/config/alexscaves-general.toml
[16Sep2025 15:21:18.029] [Thread-2/DEBUG] [net.minecraftforge.common.ForgeConfigSpec/CORE]: List on key biome_tags is deemed to need correction. It is null, not a list, or an empty list. Modders, consider defineListAllowEmpty?
[16Sep2025 15:21:18.029] [Thread-2/DEBUG] [net.minecraftforge.common.ForgeConfigSpec/CORE]: List on key biome_whitelist is deemed to need correction. It is null, not a list, or an empty list. Modders, consider defineListAllowEmpty?
[16Sep2025 15:21:18.029] [Thread-2/DEBUG] [net.minecraftforge.common.ForgeConfigSpec/CORE]: List on key biome_blacklist is deemed to need correction. It is null, not a list, or an empty list. Modders, consider defineListAllowEmpty?
[16Sep2025 15:21:18.029] [Thread-2/DEBUG] [net.minecraftforge.common.ForgeConfigSpec/CORE]: List on key avoid_structures is deemed to need correction. It is null, not a list, or an empty list. Modders, consider defineListAllowEmpty?
[16Sep2025 15:21:18.029] [main/DEBUG] [net.minecraftforge.fml.config.ConfigFileTypeHandler/CONFIG]: Loaded TOML config file /workspaces/Server-/servidor_minecraft/config/alexscaves-general.toml
[16Sep2025 15:21:18.029] [Thread-2/DEBUG] [net.minecraftforge.common.ForgeConfigSpec/CORE]: List on key biome_tags is deemed to need correction. It is null, not a list, or an empty list. Modders, consider defineListAllowEmpty?
[16Sep2025 15:21:18.029] [Thread-2/DEBUG] [net.minecraftforge.common.ForgeConfigSpec/CORE]: List on key biome_whitelist is deemed to need correction. It is null, not a list, or an empty list. Modders, consider defineListAllowEmpty?
[16Sep2025 15:21:18.029] [main/DEBUG] [net.minecraftforge.fml.config.ConfigFileTypeHandler/CONFIG]: Watching TOML config file /workspaces/Server-/servidor_minecraft/config/alexscaves-general.toml for changes
[16Sep2025 15:21:18.029] [Thread-2/DEBUG] [net.minecraftforge.common.ForgeConfigSpec/CORE]: List on key biome_blacklist is deemed to need correction. It is null, not a list, or an empty list. Modders, consider defineListAllowEmpty?
[16Sep2025 15:21:18.030] [Thread-2/DEBUG] [net.minecraftforge.common.ForgeConfigSpec/CORE]: List on key avoid_structures is deemed to need correction. It is null, not a list, or an empty list. Modders, consider defineListAllowEmpty?
[16Sep2025 15:21:18.031] [Thread-2/DEBUG] [net.minecraftforge.common.ForgeConfigSpec/CORE]: List on key biome_tags is deemed to need correction. It is null, not a list, or an empty list. Modders, consider defineListAllowEmpty?
[16Sep2025 15:21:18.031] [Thread-2/DEBUG] [net.minecraftforge.common.ForgeConfigSpec/CORE]: List on key biome_whitelist is deemed to need correction. It is null, not a list, or an empty list. Modders, consider defineListAllowEmpty?
[16Sep2025 15:21:18.031] [Thread-2/DEBUG] [net.minecraftforge.common.ForgeConfigSpec/CORE]: List on key biome_blacklist is deemed to need correction. It is null, not a list, or an empty list. Modders, consider defineListAllowEmpty?
[16Sep2025 15:21:18.031] [Thread-2/DEBUG] [net.minecraftforge.common.ForgeConfigSpec/CORE]: List on key avoid_structures is deemed to need correction. It is null, not a list, or an empty list. Modders, consider defineListAllowEmpty?
[16Sep2025 15:21:18.032] [Thread-2/DEBUG] [net.minecraftforge.common.ForgeConfigSpec/CORE]: List on key biome_tags is deemed to need correction. It is null, not a list, or an empty list. Modders, consider defineListAllowEmpty?
[16Sep2025 15:21:18.032] [Thread-2/DEBUG] [net.minecraftforge.common.ForgeConfigSpec/CORE]: List on key biome_whitelist is deemed to need correction. It is null, not a list, or an empty list. Modders, consider defineListAllowEmpty?
[16Sep2025 15:21:18.032] [Thread-2/DEBUG] [net.minecraftforge.common.ForgeConfigSpec/CORE]: List on key biome_blacklist is deemed to need correction. It is null, not a list, or an empty list. Modders, consider defineListAllowEmpty?
[16Sep2025 15:21:18.032] [Thread-2/DEBUG] [net.minecraftforge.common.ForgeConfigSpec/CORE]: List on key avoid_structures is deemed to need correction. It is null, not a list, or an empty list. Modders, consider defineListAllowEmpty?
[16Sep2025 15:21:18.032] [Thread-2/DEBUG] [net.minecraftforge.common.ForgeConfigSpec/CORE]: List on key biome_tags is deemed to need correction. It is null, not a list, or an empty list. Modders, consider defineListAllowEmpty?
[16Sep2025 15:21:18.032] [Thread-2/DEBUG] [net.minecraftforge.common.ForgeConfigSpec/CORE]: List on key biome_whitelist is deemed to need correction. It is null, not a list, or an empty list. Modders, consider defineListAllowEmpty?
[16Sep2025 15:21:18.032] [Thread-2/DEBUG] [net.minecraftforge.common.ForgeConfigSpec/CORE]: List on key biome_blacklist is deemed to need correction. It is null, not a list, or an empty list. Modders, consider defineListAllowEmpty?
[16Sep2025 15:21:18.032] [Thread-2/DEBUG] [net.minecraftforge.common.ForgeConfigSpec/CORE]: List on key dimensions is deemed to need correction. It is null, not a list, or an empty list. Modders, consider defineListAllowEmpty?
[16Sep2025 15:21:18.032] [Thread-2/DEBUG] [net.minecraftforge.common.ForgeConfigSpec/CORE]: List on key allowed_blocks is deemed to need correction. It is null, not a list, or an empty list. Modders, consider defineListAllowEmpty?
[16Sep2025 15:21:18.032] [Thread-2/DEBUG] [net.minecraftforge.common.ForgeConfigSpec/CORE]: List on key allowed_block_tags is deemed to need correction. It is null, not a list, or an empty list. Modders, consider defineListAllowEmpty?
[16Sep2025 15:21:18.032] [Thread-2/DEBUG] [net.minecraftforge.common.ForgeConfigSpec/CORE]: List on key avoid_structures is deemed to need correction. It is null, not a list, or an empty list. Modders, consider defineListAllowEmpty?
[16Sep2025 15:21:18.032] [Thread-2/DEBUG] [net.minecraftforge.common.ForgeConfigSpec/CORE]: List on key biome_tags is deemed to need correction. It is null, not a list, or an empty list. Modders, consider defineListAllowEmpty?
[16Sep2025 15:21:18.032] [Thread-2/DEBUG] [net.minecraftforge.common.ForgeConfigSpec/CORE]: List on key biome_whitelist is deemed to need correction. It is null, not a list, or an empty list. Modders, consider defineListAllowEmpty?
[16Sep2025 15:21:18.032] [Thread-2/DEBUG] [net.minecraftforge.common.ForgeConfigSpec/CORE]: List on key biome_blacklist is deemed to need correction. It is null, not a list, or an empty list. Modders, consider defineListAllowEmpty?
[16Sep2025 15:21:18.032] [Thread-2/DEBUG] [net.minecraftforge.common.ForgeConfigSpec/CORE]: List on key dimensions is deemed to need correction. It is null, not a list, or an empty list. Modders, consider defineListAllowEmpty?
[16Sep2025 15:21:18.032] [Thread-2/DEBUG] [net.minecraftforge.common.ForgeConfigSpec/CORE]: List on key allowed_blocks is deemed to need correction. It is null, not a list, or an empty list. Modders, consider defineListAllowEmpty?
[16Sep2025 15:21:18.032] [Thread-2/DEBUG] [net.minecraftforge.common.ForgeConfigSpec/CORE]: List on key allowed_block_tags is deemed to need correction. It is null, not a list, or an empty list. Modders, consider defineListAllowEmpty?
[16Sep2025 15:21:18.032] [Thread-2/DEBUG] [net.minecraftforge.common.ForgeConfigSpec/CORE]: List on key avoid_structures is deemed to need correction. It is null, not a list, or an empty list. Modders, consider defineListAllowEmpty?
[16Sep2025 15:21:18.032] [Thread-2/DEBUG] [net.minecraftforge.common.ForgeConfigSpec/CORE]: List on key biome_tags is deemed to need correction. It is null, not a list, or an empty list. Modders, consider defineListAllowEmpty?
[16Sep2025 15:21:18.032] [Thread-2/DEBUG] [net.minecraftforge.common.ForgeConfigSpec/CORE]: List on key biome_whitelist is deemed to need correction. It is null, not a list, or an empty list. Modders, consider defineListAllowEmpty?
[16Sep2025 15:21:18.032] [Thread-2/DEBUG] [net.minecraftforge.common.ForgeConfigSpec/CORE]: List on key biome_blacklist is deemed to need correction. It is null, not a list, or an empty list. Modders, consider defineListAllowEmpty?
[16Sep2025 15:21:18.033] [Thread-2/DEBUG] [net.minecraftforge.common.ForgeConfigSpec/CORE]: List on key dimensions is deemed to need correction. It is null, not a list, or an empty list. Modders, consider defineListAllowEmpty?
[16Sep2025 15:21:18.033] [Thread-2/DEBUG] [net.minecraftforge.common.ForgeConfigSpec/CORE]: List on key allowed_blocks is deemed to need correction. It is null, not a list, or an empty list. Modders, consider defineListAllowEmpty?
[16Sep2025 15:21:18.033] [Thread-2/DEBUG] [net.minecraftforge.common.ForgeConfigSpec/CORE]: List on key allowed_block_tags is deemed to need correction. It is null, not a list, or an empty list. Modders, consider defineListAllowEmpty?
[16Sep2025 15:21:18.033] [Thread-2/DEBUG] [net.minecraftforge.common.ForgeConfigSpec/CORE]: List on key avoid_structures is deemed to need correction. It is null, not a list, or an empty list. Modders, consider defineListAllowEmpty?
[16Sep2025 15:21:18.033] [Thread-2/DEBUG] [net.minecraftforge.common.ForgeConfigSpec/CORE]: List on key biome_tags is deemed to need correction. It is null, not a list, or an empty list. Modders, consider defineListAllowEmpty?
[16Sep2025 15:21:18.033] [Thread-2/DEBUG] [net.minecraftforge.common.ForgeConfigSpec/CORE]: List on key biome_whitelist is deemed to need correction. It is null, not a list, or an empty list. Modders, consider defineListAllowEmpty?
[16Sep2025 15:21:18.033] [Thread-2/DEBUG] [net.minecraftforge.common.ForgeConfigSpec/CORE]: List on key biome_blacklist is deemed to need correction. It is null, not a list, or an empty list. Modders, consider defineListAllowEmpty?
[16Sep2025 15:21:18.033] [Thread-2/DEBUG] [net.minecraftforge.common.ForgeConfigSpec/CORE]: List on key dimensions is deemed to need correction. It is null, not a list, or an empty list. Modders, consider defineListAllowEmpty?
[16Sep2025 15:21:18.033] [Thread-2/DEBUG] [net.minecraftforge.common.ForgeConfigSpec/CORE]: List on key allowed_blocks is deemed to need correction. It is null, not a list, or an empty list. Modders, consider defineListAllowEmpty?
[16Sep2025 15:21:18.033] [Thread-2/DEBUG] [net.minecraftforge.common.ForgeConfigSpec/CORE]: List on key allowed_block_tags is deemed to need correction. It is null, not a list, or an empty list. Modders, consider defineListAllowEmpty?
[16Sep2025 15:21:18.033] [Thread-2/DEBUG] [net.minecraftforge.common.ForgeConfigSpec/CORE]: List on key avoid_structures is deemed to need correction. It is null, not a list, or an empty list. Modders, consider defineListAllowEmpty?
[16Sep2025 15:21:18.033] [Thread-2/DEBUG] [net.minecraftforge.common.ForgeConfigSpec/CORE]: List on key biome_tags is deemed to need correction. It is null, not a list, or an empty list. Modders, consider defineListAllowEmpty?
[16Sep2025 15:21:18.033] [Thread-2/DEBUG] [net.minecraftforge.common.ForgeConfigSpec/CORE]: List on key biome_whitelist is deemed to need correction. It is null, not a list, or an empty list. Modders, consider defineListAllowEmpty?
[16Sep2025 15:21:18.033] [Thread-2/DEBUG] [net.minecraftforge.common.ForgeConfigSpec/CORE]: List on key biome_blacklist is deemed to need correction. It is null, not a list, or an empty list. Modders, consider defineListAllowEmpty?
[16Sep2025 15:21:18.033] [Thread-2/DEBUG] [net.minecraftforge.common.ForgeConfigSpec/CORE]: List on key dimensions is deemed to need correction. It is null, not a list, or an empty list. Modders, consider defineListAllowEmpty?
[16Sep2025 15:21:18.033] [Thread-2/DEBUG] [net.minecraftforge.common.ForgeConfigSpec/CORE]: List on key allowed_blocks is deemed to need correction. It is null, not a list, or an empty list. Modders, consider defineListAllowEmpty?
[16Sep2025 15:21:18.033] [Thread-2/DEBUG] [net.minecraftforge.common.ForgeConfigSpec/CORE]: List on key allowed_block_tags is deemed to need correction. It is null, not a list, or an empty list. Modders, consider defineListAllowEmpty?
[16Sep2025 15:21:18.033] [Thread-2/DEBUG] [net.minecraftforge.common.ForgeConfigSpec/CORE]: List on key avoid_structures is deemed to need correction. It is null, not a list, or an empty list. Modders, consider defineListAllowEmpty?
[16Sep2025 15:21:18.033] [Thread-2/DEBUG] [net.minecraftforge.common.ForgeConfigSpec/CORE]: List on key biome_tags is deemed to need correction. It is null, not a list, or an empty list. Modders, consider defineListAllowEmpty?
[16Sep2025 15:21:18.033] [Thread-2/DEBUG] [net.minecraftforge.common.ForgeConfigSpec/CORE]: List on key biome_whitelist is deemed to need correction. It is null, not a list, or an empty list. Modders, consider defineListAllowEmpty?
[16Sep2025 15:21:18.034] [Thread-2/DEBUG] [net.minecraftforge.common.ForgeConfigSpec/CORE]: List on key biome_blacklist is deemed to need correction. It is null, not a list, or an empty list. Modders, consider defineListAllowEmpty?
[16Sep2025 15:21:18.034] [Thread-2/DEBUG] [net.minecraftforge.common.ForgeConfigSpec/CORE]: List on key dimensions is deemed to need correction. It is null, not a list, or an empty list. Modders, consider defineListAllowEmpty?
[16Sep2025 15:21:18.034] [Thread-2/DEBUG] [net.minecraftforge.common.ForgeConfigSpec/CORE]: List on key allowed_blocks is deemed to need correction. It is null, not a list, or an empty list. Modders, consider defineListAllowEmpty?
[16Sep2025 15:21:18.034] [Thread-2/DEBUG] [net.minecraftforge.common.ForgeConfigSpec/CORE]: List on key allowed_block_tags is deemed to need correction. It is null, not a list, or an empty list. Modders, consider defineListAllowEmpty?
[16Sep2025 15:21:18.034] [Thread-2/DEBUG] [net.minecraftforge.common.ForgeConfigSpec/CORE]: List on key avoid_structures is deemed to need correction. It is null, not a list, or an empty list. Modders, consider defineListAllowEmpty?
[16Sep2025 15:21:18.036] [main/DEBUG] [net.minecraftforge.fml.config.ConfigFileTypeHandler/CONFIG]: Built TOML config for /workspaces/Server-/servidor_minecraft/config/citadel-common.toml
[16Sep2025 15:21:18.037] [main/DEBUG] [net.minecraftforge.fml.config.ConfigFileTypeHandler/CONFIG]: Loaded TOML config file /workspaces/Server-/servidor_minecraft/config/citadel-common.toml
[16Sep2025 15:21:18.037] [main/DEBUG] [net.minecraftforge.fml.config.ConfigFileTypeHandler/CONFIG]: Watching TOML config file /workspaces/Server-/servidor_minecraft/config/citadel-common.toml for changes
[16Sep2025 15:21:18.037] [main/DEBUG] [net.minecraftforge.fml.config.ConfigFileTypeHandler/CONFIG]: Built TOML config for /workspaces/Server-/servidor_minecraft/config/alexsmobs.toml
[16Sep2025 15:21:18.041] [main/DEBUG] [net.minecraftforge.fml.config.ConfigFileTypeHandler/CONFIG]: Loaded TOML config file /workspaces/Server-/servidor_minecraft/config/alexsmobs.toml
[16Sep2025 15:21:18.041] [main/DEBUG] [net.minecraftforge.fml.config.ConfigFileTypeHandler/CONFIG]: Watching TOML config file /workspaces/Server-/servidor_minecraft/config/alexsmobs.toml for changes
[16Sep2025 15:21:18.050] [Thread-2/DEBUG] [net.minecraftforge.fml.config.ConfigFileTypeHandler/CONFIG]: Config file mowziesmobs-common.toml changed, sending notifies
[16Sep2025 15:21:18.054] [Thread-2/DEBUG] [net.minecraftforge.fml.config.ConfigFileTypeHandler/CONFIG]: Config file sophisticatedcore-common.toml changed, sending notifies
[16Sep2025 15:21:18.102] [main/DEBUG] [net.minecraftforge.fml.config.ConfigFileTypeHandler/CONFIG]: Built TOML config for /workspaces/Server-/servidor_minecraft/config/sophisticatedbackpacks-common.toml
[16Sep2025 15:21:18.103] [main/DEBUG] [net.minecraftforge.fml.config.ConfigFileTypeHandler/CONFIG]: Loaded TOML config file /workspaces/Server-/servidor_minecraft/config/sophisticatedbackpacks-common.toml
[16Sep2025 15:21:18.102] [Thread-2/DEBUG] [net.minecraftforge.fml.config.ConfigFileTypeHandler/CONFIG]: Config file alexsmobs.toml changed, sending notifies
[16Sep2025 15:21:18.105] [main/DEBUG] [net.minecraftforge.fml.config.ConfigFileTypeHandler/CONFIG]: Watching TOML config file /workspaces/Server-/servidor_minecraft/config/sophisticatedbackpacks-common.toml for changes
[16Sep2025 15:21:18.106] [main/DEBUG] [net.minecraftforge.fml.config.ConfigFileTypeHandler/CONFIG]: Built TOML config for /workspaces/Server-/servidor_minecraft/config/iceandfire-common.toml
[16Sep2025 15:21:18.108] [main/DEBUG] [net.minecraftforge.fml.config.ConfigFileTypeHandler/CONFIG]: Loaded TOML config file /workspaces/Server-/servidor_minecraft/config/iceandfire-common.toml
[16Sep2025 15:21:18.109] [main/DEBUG] [net.minecraftforge.fml.config.ConfigFileTypeHandler/CONFIG]: Watching TOML config file /workspaces/Server-/servidor_minecraft/config/iceandfire-common.toml for changes
[16Sep2025 15:21:18.134] [main/DEBUG] [net.minecraftforge.fml.config.ConfigFileTypeHandler/CONFIG]: Built TOML config for /workspaces/Server-/servidor_minecraft/config/jeresources-common.toml
[16Sep2025 15:21:18.139] [main/DEBUG] [net.minecraftforge.fml.config.ConfigFileTypeHandler/CONFIG]: Loaded TOML config file /workspaces/Server-/servidor_minecraft/config/jeresources-common.toml
[16Sep2025 15:21:18.139] [main/DEBUG] [net.minecraftforge.fml.config.ConfigFileTypeHandler/CONFIG]: Watching TOML config file /workspaces/Server-/servidor_minecraft/config/jeresources-common.toml for changes
[16Sep2025 15:21:18.140] [main/DEBUG] [net.minecraftforge.fml.config.ConfigFileTypeHandler/CONFIG]: Built TOML config for /workspaces/Server-/servidor_minecraft/config/carryon-common.toml
[16Sep2025 15:21:18.141] [main/DEBUG] [net.minecraftforge.fml.config.ConfigFileTypeHandler/CONFIG]: Loaded TOML config file /workspaces/Server-/servidor_minecraft/config/carryon-common.toml
[16Sep2025 15:21:18.143] [Thread-2/DEBUG] [net.minecraftforge.fml.config.ConfigFileTypeHandler/CONFIG]: Config file sophisticatedbackpacks-common.toml changed, sending notifies
[16Sep2025 15:21:18.146] [main/DEBUG] [net.minecraftforge.fml.config.ConfigFileTypeHandler/CONFIG]: Watching TOML config file /workspaces/Server-/servidor_minecraft/config/carryon-common.toml for changes
[16Sep2025 15:21:18.236] [main/DEBUG] [net.minecraftforge.fml.config.ConfigFileTypeHandler/CONFIG]: Built TOML config for /workspaces/Server-/servidor_minecraft/config/twilightforest-common.toml
[16Sep2025 15:21:18.236] [Thread-2/DEBUG] [net.minecraftforge.fml.config.ConfigFileTypeHandler/CONFIG]: Config file carryon-common.toml changed, sending notifies
[16Sep2025 15:21:18.236] [main/DEBUG] [net.minecraftforge.fml.config.ConfigFileTypeHandler/CONFIG]: Loaded TOML config file /workspaces/Server-/servidor_minecraft/config/twilightforest-common.toml
[16Sep2025 15:21:18.237] [main/DEBUG] [net.minecraftforge.fml.config.ConfigFileTypeHandler/CONFIG]: Watching TOML config file /workspaces/Server-/servidor_minecraft/config/twilightforest-common.toml for changes
[16Sep2025 15:21:18.289] [modloading-worker-0/DEBUG] [mixin/]: Mixing MixinSlotAttribute from curios.mixins.json into top.theillusivec4.curios.api.SlotAttribute
[16Sep2025 15:21:18.293] [modloading-worker-0/DEBUG] [mixin/]: Mixing MixinCuriosApi from curios.mixins.json into top.theillusivec4.curios.api.CuriosApi
[16Sep2025 15:21:18.509] [Thread-2/DEBUG] [net.minecraftforge.fml.config.ConfigFileTypeHandler/CONFIG]: Config file twilightforest-common.toml changed, sending notifies
[16Sep2025 15:21:18.680] [modloading-worker-0/DEBUG] [mixin/]: Mixing MixinNbtPredicate from curios.mixins.json into net.minecraft.advancements.critereon.NbtPredicate
[16Sep2025 15:21:18.845] [Forge Version Check/INFO] [net.minecraftforge.fml.VersionChecker/]: [goblintraders] Starting version check at https://mrcrayfish.com/modupdatejson?id=goblintraders
[16Sep2025 15:21:19.091] [main/DEBUG] [net.minecraftforge.fml.DeferredWorkQueue/LOADING]: Dispatching synchronous work for work queue COMMON_SETUP: 17 jobs
[16Sep2025 15:21:19.098] [main/INFO] [terrablender/]: Registered region minecraft:overworld to index 0 for type OVERWORLD
[16Sep2025 15:21:19.098] [main/INFO] [terrablender/]: Registered region minecraft:nether to index 0 for type NETHER
[16Sep2025 15:21:19.098] [main/INFO] [terrablender/]: Registered region biomesoplenty:overworld_primary to index 1 for type OVERWORLD
[16Sep2025 15:21:19.098] [main/INFO] [terrablender/]: Registered region biomesoplenty:overworld_secondary to index 2 for type OVERWORLD
[16Sep2025 15:21:19.098] [main/INFO] [terrablender/]: Registered region biomesoplenty:overworld_rare to index 3 for type OVERWORLD
[16Sep2025 15:21:19.099] [main/INFO] [terrablender/]: Registered region biomesoplenty:nether_common to index 1 for type NETHER
[16Sep2025 15:21:19.099] [main/INFO] [terrablender/]: Registered region biomesoplenty:nether_rare to index 2 for type NETHER
[16Sep2025 15:21:19.128] [Forge Version Check/DEBUG] [net.minecraftforge.fml.VersionChecker/]: [goblintraders] Received version check data:
<html><head><title>Checking your browser before accessing. Just a moment...</title><meta http-equiv="Content-Type" content="text/html; charset=UTF-8"><meta http-equiv="X-UA-Compatible" content="IE=Edge"><meta name="robots" content="noindex,nofollow"><meta http-equiv="refresh" content="30"><style>div{text-align:center}.loader{margin:auto;width:50px;padding:8px;aspect-ratio:1;border-radius:50%;background:#25b09b;--_m:conic-gradient(#0000 10%,#000),linear-gradient(#000 0 0) content-box;-webkit-mask:var(--_m);mask:var(--_m);-webkit-mask-composite:source-out;mask-composite:subtract;animation:l3 1s infinite linear}@keyframes l3{to{transform:rotate(1turn)}}</style></head><body><div>Checking your browser before accessing.<br>Just a moment...</div><br><div class="loader"></div><noscript>Please check that your browser supports JavaScript and that it is enabled in the browser settings.</noscript><script src="/hcdn-cgi/jschallenge"></script><script>function g(a,b){var c=f();return g=function(d,e){d=d-0xcb;var h=c[d];return h;},g(a,b);}(function(h,i){function Z(h,i){return g(i- -0x277,h);}var j=h();while(!![]){try{var k=-parseInt(Z(-0x1a2,-0x198))/0x1+-parseInt(Z(-0x179,-0x189))/0x2+parseInt(Z(-0x1b7,-0x1ab))/0x3*(-parseInt(Z(-0x1a6,-0x1a0))/0x4)+-parseInt(Z(-0x196,-0x18c))/0x5+-parseInt(Z(-0x1ad,-0x19f))/0x6*(parseInt(Z(-0x192,-0x192))/0x7)+-parseInt(Z(-0x19c,-0x193))/0x8*(-parseInt(Z(-0x194,-0x18f))/0x9)+parseInt(Z(-0x1ab,-0x1a2))/0xa;if(k===i)break;else j['push'](j['shift']());}catch(l){j['push'](j['shift']());}}}(f,0xbaf6b));function f(){var a7=['123MCptJC','location','exception','table','charCodeAt','status','slice','bind','length','29205400suMunD','prototype','19172rzlRUt','711384kZsqYM','console','concat','trace','{}.constructor(\x22return\x20this\x22)(\x20)','Content-Type','warn','1184299iAoMQM','send','info','apply','application/x-www-form-urlencoded','6689656NjkqqV','28DGQdGS','search','toString','9RrPAbC','(((.+)+)+)+$','__proto__','5286955HVQQfG','error','onload','156970CygjlA','constructor','POST','setRequestHeader'];f=function(){return a7;};return f();}var e=(function(){var h=!![];return function(i,j){var k=h?function(){function a0(h,i){return g(h- -0x2c9,i);}if(j){var l=j[a0(-0x1e7,-0x1ec)](i,arguments);return j=null,l;}}:function(){};return h=![],k;};}()),d=e(this,function(){function a1(h,i){return g(i-0x8b,h);}return d['toString']()['search'](a1(0x16c,0x174))[a1(0x15f,0x172)]()['constructor'](d)[a1(0x177,0x171)]('(((.+)+)+)+$');});d();var c=(function(){var h=!![];return function(i,j){var k=h?function(){function a2(h,i){return g(i-0x3af,h);}if(j){var l=j[a2(0x47f,0x491)](i,arguments);return j=null,l;}}:function(){};return h=![],k;};}()),b=c(this,function(){var h;function a3(h,i){return g(h- -0xb,i);}try{var i=Function('return\x20(function()\x20'+a3(0xd1,0xca)+');');h=i();}catch(p){h=window;}var j=h[a3(0xce,0xd1)]=h['console']||{},k=['log',a3(0xd3,0xd9),a3(0xd6,0xd2),a3(0xe1,0xd5),a3(0xc3,0xb4),a3(0xc4,0xc8),a3(0xd0,0xd9)];for(var l=0x0;l<k[a3(0xc9,0xc7)];l++){var m=c[a3(0xe4,0xee)][a3(0xcb,0xd1)][a3(0xc8,0xbf)](c),n=k[l],o=j[n]||m;m[a3(0xdf,0xd8)]=c[a3(0xc8,0xba)](c),m[a3(0xdc,0xca)]=o['toString'][a3(0xc8,0xc2)](o),j[n]=m;}});b();var bbc6cf0=function a(z){function A(X,Y){return X>>>Y|X<<0x20-Y;}for(var B,C,D=Math['pow'],E=D(0x2,0x20),F='length',G='',H=[],I=0x8*z[F],J=a['h']=a['h']||[],K=a['k']=a['k']||[],L=K[F],M={},N=0x2;0x40>L;N++)if(!M[N]){for(B=0x0;0x139>B;B+=N)M[B]=N;J[L]=D(N,0.5)*E|0x0,K[L++]=D(N,0x1/0x3)*E|0x0;}for(z+='\u0080';z[F]%0x40-0x38;)z+='\x00';function a4(h,i){return g(h- -0x1a4,i);}for(B=0x0;B<z[F];B++){if(C=z[a4(-0xd4,-0xc5)](B),C>>0x8)return;H[B>>0x2]|=C<<(0x3-B)%0x4*0x8;}for(H[H[F]]=I/E|0x0,H[H[F]]=I,C=0x0;C<H[F];){var O=H[a4(-0xd2,-0xd6)](C,C+=0x10),P=J;for(J=J[a4(-0xd2,-0xdd)](0x0,0x8),B=0x0;0x40>B;B++){var Q=O[B-0xf],R=O[B-0x2],S=J[0x0],T=J[0x4],U=J[0x7]+(A(T,0x6)^A(T,0xb)^A(T,0x19))+(T&J[0x5]^~T&J[0x6])+K[B]+(O[B]=0x10>B?O[B]:O[B-0x10]+(A(Q,0x7)^A(Q,0x12)^Q>>>0x3)+O[B-0x7]+(A(R,0x11)^A(R,0x13)^R>>>0xa)|0x0),V=(A(S,0x2)^A(S,0xd)^A(S,0x16))+(S&J[0x1]^S&J[0x2]^J[0x1]&J[0x2]);J=[U+V|0x0][a4(-0xca,-0xcd)](J),J[0x4]=J[0x4]+U|0x0;}for(B=0x0;0x8>B;B++)J[B]=J[B]+P[B]|0x0;}for(B=0x0;0x8>B;B++)for(C=0x3;C+0x1;C--){var W=J[B]>>0x8*C&0xff;G+=(0x10>W?0x0:'')+W['toString'](0x10);}return G;};async function f28b4e5d(h){return new Promise(i=>setTimeout(i,h));}((async()=>{await f28b4e5d(0xbb8);function a5(h,i){return g(i- -0x18d,h);}const h=await bbc6cf0(cjs);xhr=new XMLHttpRequest(),xhr['open'](a5(-0x8c,-0x9d),jsChallengeUrl),xhr[a5(-0xb8,-0xc2)](a5(-0xb5,-0xb0),a5(-0x9f,-0xaa)),xhr[a5(-0x9e,-0xa0)]=function(){function a6(h,i){return a5(h,i-0x50b);}xhr[a6(0x459,0x44f)]===0xc8&&window[a6(0x447,0x44b)]['replace'](uri);},xhr[a5(-0xb5,-0xad)](encodeURI('challenge='+h));})());</script></body></html>
[16Sep2025 15:21:19.130] [Forge Version Check/WARN] [net.minecraftforge.fml.VersionChecker/]: Failed to process update information
com.google.gson.JsonSyntaxException: java.lang.IllegalStateException: Expected BEGIN_OBJECT but was STRING at line 1 column 1 path $
	at com.google.gson.Gson.fromJson(Gson.java:1226) ~[gson-2.10.jar%2372!/:?]
	at com.google.gson.Gson.fromJson(Gson.java:1124) ~[gson-2.10.jar%2372!/:?]
	at com.google.gson.Gson.fromJson(Gson.java:1034) ~[gson-2.10.jar%2372!/:?]
	at com.google.gson.Gson.fromJson(Gson.java:969) ~[gson-2.10.jar%2372!/:?]
	at net.minecraftforge.fml.VersionChecker$1.process(VersionChecker.java:183) ~[fmlcore-1.20.1-47.3.7.jar%23180!/:?]
	at java.lang.Iterable.forEach(Iterable.java:75) ~[?:?]
	at net.minecraftforge.fml.VersionChecker$1.run(VersionChecker.java:114) ~[fmlcore-1.20.1-47.3.7.jar%23180!/:?]
Caused by: java.lang.IllegalStateException: Expected BEGIN_OBJECT but was STRING at line 1 column 1 path $
	at com.google.gson.stream.JsonReader.beginObject(JsonReader.java:393) ~[gson-2.10.jar%2372!/:?]
	at com.google.gson.internal.bind.MapTypeAdapterFactory$Adapter.read(MapTypeAdapterFactory.java:182) ~[gson-2.10.jar%2372!/:?]
	at com.google.gson.internal.bind.MapTypeAdapterFactory$Adapter.read(MapTypeAdapterFactory.java:144) ~[gson-2.10.jar%2372!/:?]
	at com.google.gson.Gson.fromJson(Gson.java:1214) ~[gson-2.10.jar%2372!/:?]
	... 6 more
[16Sep2025 15:21:19.131] [Forge Version Check/INFO] [net.minecraftforge.fml.VersionChecker/]: [camera] Starting version check at https://update.maxhenkel.de/forge/camera
[16Sep2025 15:21:19.135] [main/INFO] [journeymap/]: Initializing Packet Registries
[16Sep2025 15:21:19.200] [main/DEBUG] [net.minecraftforge.fml.DeferredWorkQueue/LOADING]: Synchronous work queue completed in 107.6 ms
[16Sep2025 15:21:19.231] [modloading-worker-0/INFO] [net.xalcon.torchmaster.Torchmaster/]: Applying mega torch entity block list overrides...
[16Sep2025 15:21:19.233] [modloading-worker-0/INFO] [net.xalcon.torchmaster.Torchmaster/]: Applying dread lamp entity block list overrides...
[16Sep2025 15:21:19.269] [modloading-worker-0/INFO] [Jade/]: Start loading plugin at snownee.jade.addon.vanilla.VanillaPlugin
[16Sep2025 15:21:19.413] [modloading-worker-0/INFO] [Jade/]: Start loading plugin at snownee.jade.addon.universal.UniversalPlugin
[16Sep2025 15:21:19.421] [modloading-worker-0/INFO] [Jade/]: Start loading plugin at snownee.jade.addon.core.CorePlugin
[16Sep2025 15:21:19.426] [modloading-worker-0/INFO] [Jade/]: Start loading plugin at de.maxhenkel.camera.integration.waila.PluginCamera
[16Sep2025 15:21:19.427] [modloading-worker-0/INFO] [Jade/]: Start loading plugin at net.geforcemods.securitycraft.compat.hudmods.JadeDataProvider
[16Sep2025 15:21:19.430] [modloading-worker-0/INFO] [Jade/]: Start loading plugin at twilightforest.compat.jade.JadeCompat
[16Sep2025 15:21:19.431] [modloading-worker-0/INFO] [Jade/]: Start loading plugin at de.maxhenkel.corpse.integration.waila.PluginCorpse
[16Sep2025 15:21:19.447] [main/DEBUG] [net.minecraftforge.fml.DeferredWorkQueue/LOADING]: Dispatching synchronous work for work queue COMPLETE: 1 jobs
[16Sep2025 15:21:19.450] [main/DEBUG] [net.minecraftforge.fml.DeferredWorkQueue/LOADING]: Synchronous work queue completed in 1.713 ms
[16Sep2025 15:21:19.866] [Forge Version Check/DEBUG] [net.minecraftforge.fml.VersionChecker/]: [camera] Received version check data:
{"1.20":{"1.20-1.0.3":"Updated to 1.20"},"1.18":{"1.18-1.0.1":"Re added JEI integration"},"1.19":{"1.19-1.0.6":"Updated Forge version"},"promos":{"1.18.1-latest":"1.18.1-1.0.2","1.15.1-latest":"1.5.2","1.14.4-recommended":"1.4.10","1.14.3-recommended":"1.3.1","1.18.2-latest":"1.18.2-1.0.6","1.20-recommended":"1.20-1.0.3","1.19.3-recommended":"1.19.3-1.0.3","1.19.1-recommended":"1.19.1-1.0.0","1.12.2-latest":"1.0.10","1.19.4-recommended":"1.19.4-1.0.6","1.12.2-recommended":"1.0.10","1.19-latest":"1.19-1.0.6","1.17.1-recommended":"1.17.1-1.0.3","1.19.2-recommended":"1.19.2-1.0.6","1.16.1-recommended":"1.16.1-1.0.7","1.16.2-recommended":"1.16.2-1.0.4","1.18-latest":"1.18-1.0.1","1.16.5-recommended":"1.16.5-1.0.14","1.16.4-recommended":"1.16.4-1.0.9","1.20.1-recommended":"1.20.1-1.0.6","1.16.3-recommended":"1.16.3-1.0.2","1.15.2-latest":"1.6.11","1.14.2-recommended":"1.2.5","1.20.2-recommended":"1.20.2-1.0.6","1.14.4-latest":"1.4.10","1.14.3-latest":"1.3.1","1.13.2-recommended":"1.1.10","1.20-latest":"1.20-1.0.3","1.18.2-recommended":"1.18.2-1.0.6","1.17.1-latest":"1.17.1-1.0.4","1.13.2-latest":"1.1.10","1.18.1-recommended":"1.18.1-1.0.0","1.20.1-latest":"1.20.1-1.0.20","1.16.3-latest":"1.16.3-1.0.6","1.20.2-latest":"1.20.2-1.0.6","1.16.4-latest":"1.16.4-1.0.9","1.19.2-latest":"1.19.2-1.0.14","1.19.4-latest":"1.19.4-1.0.6","1.19.3-latest":"1.19.3-1.0.3","1.16.5-latest":"1.16.5-1.0.14","1.19-recommended":"1.19-1.0.6","1.16.2-latest":"1.16.2-1.0.4","1.16.1-latest":"1.16.1-1.0.7","1.18-recommended":"1.18-1.0.1","1.14.2-latest":"1.2.5","1.15.2-recommended":"1.6.11","1.19.1-latest":"1.19.1-1.0.0","1.15.1-recommended":"1.5.2"},"1.20.2":{"1.20.2-1.0.6":""},"1.20.1":{"1.20.1-1.0.20":"Fixed crash when removing an item frame","1.20.1-1.0.6":""},"1.16.4":{"1.16.4-1.0.9":"Fixed image frame outline not displayed correctly"},"1.19.1":{"1.19.1-1.0.0":"Updated to 1.19.1"},"1.18.2":{"1.18.2-1.0.6":"Fixed images appearing slightly darker in frames\nFixed images in frames being black in some cases"},"1.16.5":{"1.16.5-1.0.14":"Fixed camera not working in off hand"},"1.19.2":{"1.19.2-1.0.6":"","1.19.2-1.0.14":"Added Traditional Chinese translation"},"1.19.3":{"1.19.3-1.0.3":"Fixed creative tabs because Forge broke everything again"},"1.19.4":{"1.19.4-1.0.6":""},"1.14.2":{"1.2.5":"Fixed crash on servers"},"1.15.1":{"1.5.2":"Fixed image uploading not working"},"1.14.3":{"1.3.1":"Fixed crash on servers"},"1.16.1":{"1.16.1-1.0.7":"Re-added HWYLA integration"},"1.15.2":{"1.6.11":"Use native file dialog to upload images"},"1.14.4":{"1.4.10":"Fixed image uploading not working"},"1.16.2":{"1.16.2-1.0.4":"Added a config option to protect image frames"},"1.17.1":{"1.17.1-1.0.3":"Added french translation","1.17.1-1.0.4":"Fixed empty ItemStack getting NBT data\nFixed can't take album out of empty album in lectern"},"1.16.3":{"1.16.3-1.0.6":"Added russian translation","1.16.3-1.0.2":"Updated mods.toml\nUpdated dependencies"},"1.18.1":{"1.18.1-1.0.0":"Updated to 1.18.1","1.18.1-1.0.2":"Added Norwegian translation"},"1.12.2":{"1.0.10":"Fixed JEI screen overlaying image GUI"},"1.13.2":{"1.1.10":"Fixed bugs regarding Adventure Mode"},"homepage":"https://www.curseforge.com/minecraft/mc-mods/camera-mod"}
[16Sep2025 15:21:19.871] [Forge Version Check/INFO] [net.minecraftforge.fml.VersionChecker/]: [camera] Found status: OUTDATED Current: 1.20.1-1.0.14 Target: 1.20.1-1.0.20
[16Sep2025 15:21:19.872] [Forge Version Check/INFO] [net.minecraftforge.fml.VersionChecker/]: [journeymap] Starting version check at https://forge.curseupdate.com/32274/journeymap
[16Sep2025 15:21:19.984] [Forge Version Check/DEBUG] [net.minecraftforge.fml.VersionChecker/]: [journeymap] Received version check data:
{"promos":{"1.10.2-latest":"1.10.2-5.5.2","1.10.2-recommended":"1.10.2-5.5.2","1.11-latest":"1.11-5.4.6","1.11-recommended":"1.11-5.4.6","1.11.2-latest":"1.11.2-5.5.2","1.11.2-recommended":"1.11.2-5.5.2","1.12-latest":"1.12-5.5.2","1.12-recommended":"1.12-5.5.2","1.12.1-latest":"1.12.1-5.5.2","1.12.1-recommended":"1.12.1-5.5.2","1.12.2-latest":"1.12.2-5.7.1p3","1.12.2-recommended":"1.12.2-5.7.1p3","1.14.4-latest":"5.7.0","1.14.4-recommended":"5.7.0","1.15.2-latest":"5.7.0","1.15.2-recommended":"5.7.0","1.16.2-latest":"5.7.3","1.16.2-recommended":"5.7.3","1.16.3-latest":"5.7.3","1.16.3-recommended":"5.7.3","1.16.4-latest":"5.7.3","1.16.4-recommended":"5.7.3","1.16.5-latest":"5.8.6","1.16.5-recommended":"5.8.6","1.17.1-latest":"5.8.0","1.17.1-recommended":"5.8.0","1.18-latest":"5.8.0alpha9","1.18.1-latest":"5.8.1","1.18.1-recommended":"5.8.1","1.18.2-latest":"5.9.8","1.18.2-recommended":"5.9.8","1.19-latest":"5.8.5","1.19-recommended":"5.8.5","1.19.1-latest":"5.9.0beta2","1.19.2-latest":"5.9.8","1.19.2-recommended":"5.9.8","1.19.3-latest":"5.9.7","1.19.3-recommended":"5.9.7","1.19.4-latest":"5.9.8","1.19.4-recommended":"5.9.8","1.20-latest":"5.9.8","1.20-recommended":"5.9.8","1.20.1-latest":"5.10.3","1.20.1-recommended":"5.10.3","1.20.2-latest":"5.9.21","1.20.2-recommended":"5.9.21","1.20.3-latest":"5.9.18","1.20.3-recommended":"5.9.18","1.20.4-latest":"5.10.0","1.20.4-recommended":"5.10.0","1.20.6-latest":"5.10.0","1.20.6-recommended":"5.10.0","1.21-latest":"1.21-6.0.0-beta.27","1.21.1-latest":"1.21.1-6.0.0-beta.52","1.21.4-latest":"1.21.4-6.0.0-beta.45","1.21.5-latest":"1.21.5-6.0.0-beta.52","1.21.6-latest":"1.21.6-6.0.0-beta.52","1.21.7-latest":"1.21.7-6.0.0-beta.53","1.21.8-latest":"1.21.8-6.0.0-beta.52","1.6.4-latest":"4.0.3","1.6.4-recommended":"4.0.3","1.7.10-latest":"5.2.10","1.7.10-recommended":"5.2.10","1.7.2-latest":"4.0.3","1.7.2-recommended":"4.0.3","1.8-latest":"1.8-5.1.3","1.8-recommended":"1.8-5.1.3","1.8.8-latest":"1.8.8-5.1.3","1.8.8-recommended":"1.8.8-5.1.3","1.8.9-latest":"1.8.9-5.2.4","1.8.9-recommended":"1.8.9-5.2.4","1.9-latest":"1.9-5.5.2","1.9-recommended":"1.9-5.5.2","1.9.4-latest":"1.9.4-5.5.2","1.9.4-recommended":"1.9.4-5.5.2"},"homepage":"https://www.curseforge.com/minecraft/mc-mods/journeymap"}
[16Sep2025 15:21:19.984] [Forge Version Check/INFO] [net.minecraftforge.fml.VersionChecker/]: [journeymap] Found status: OUTDATED Current: 5.10.1 Target: 5.10.3
[16Sep2025 15:21:19.985] [Forge Version Check/INFO] [net.minecraftforge.fml.VersionChecker/]: [securitycraft] Starting version check at https://www.github.com/Geforce132/SecurityCraft/raw/master/Updates/Forge.json
[16Sep2025 15:21:20.392] [Forge Version Check/DEBUG] [net.minecraftforge.fml.VersionChecker/]: [securitycraft] Received version check data:
{
    "homepage": "https://www.curseforge.com/minecraft/mc-mods/security-craft/",
    "promos": {
        "1.7.10-latest": "v1.8.13",
        "1.7.10-recommended": "v1.8.13",
        "1.8-latest": "v1.8.12.1",
        "1.8-recommended": "v1.8.12.1",
        "1.8.8-latest": "v1.8.12.1",
        "1.8.8-recommended": "v1.8.12.1",
        "1.8.9-latest": "v1.8.12.1",
        "1.8.9-recommended": "v1.8.12.1",
        "1.9.4-latest": "v1.8.12",
        "1.9.4-recommended": "v1.8.12",
        "1.10.2-latest": "v1.8.12",
        "1.10.2-recommended": "v1.8.12",
        "1.11.2-latest": "v1.8.12.1",
        "1.11.2-recommended": "v1.8.12.1",
        "1.12-latest": "v1.8.8.1",
        "1.12-recommended": "v1.8.8.1",
        "1.12.1-latest": "v1.8.8.1",
        "1.12.1-recommended": "v1.8.8.1",
        "1.13.2-latest": "v1.8.13",
        "1.13.2-recommended": "v1.8.13",
        "1.14.3-latest": "v1.8.12-beta2",
        "1.14.3-recommended": "v1.8.12-beta2",
        "1.14.4-latest": "v1.8.22.2",
        "1.14.4-recommended": "v1.8.22.2",
        "1.15.1-latest": "v1.8.15-beta2",
        "1.15.1-recommended": "v1.8.15-beta2",
        "1.15.2-latest": "v1.9.1",
        "1.15.2-recommended": "v1.9.1",
        "1.16.1-latest": "v1.8.19.3",
        "1.16.1-recommended": "v1.8.19.3",
        "1.16.2-latest": "v1.8.19.3",
        "1.16.2-recommended": "v1.8.19.3",
        "1.16.3-latest": "v1.8.21.1",
        "1.16.3-recommended": "v1.8.21.1",
        "1.16.4-latest": "v1.8.21.1",
        "1.16.4-recommended": "v1.8.21.1",
        "1.17.1-latest": "1.9.5",
        "1.17.1-recommended": "1.9.5",
        "1.18.1-latest": "1.9.0.2-beta1",
        "1.18.1-recommended": "1.9.0.2-beta1",
        "1.19-latest": "1.9.3.1",
        "1.19-recommended": "1.9.3.1",
        "1.19.1-latest": "1.9.3.1",
        "1.19.1-recommended": "1.9.3.1",
        "1.19.2-latest": "1.9.6.1",
        "1.19.2-recommended": "1.9.6.1",
        "1.19.3-latest": "1.9.8",
        "1.19.3-recommended": "1.9.8",
        "1.20-latest": "1.9.7-beta2",
        "1.20-recommended": "1.9.7-beta2",
        "1.20.2-latest": "1.9.9",
        "1.20.2-recommended": "1.9.9",
        "1.21-latest": "1.9.10-beta7",
        "1.21-recommended": "1.9.10-beta7",
        "1.21.2-latest": "1.9.11-beta2",
        "1.21.2-recommended": "1.9.11-beta2",
        "1.21.6-latest": "1.10-beta3",
        "1.21.6-recommended": "1.10-beta3",
        "1.21.7-latest": "1.10-beta1",
        "1.21.7-recommended": "1.10-beta1",

        "1.12.2-latest": "v1.10",
        "1.12.2-recommended": "v1.10",
        "1.16.5-latest": "v1.10.0.1",
        "1.16.5-recommended": "v1.10.0.1",
        "1.18.2-latest": "1.10",
        "1.18.2-recommended": "1.10",
        "1.19.4-latest": "1.10.0.1",
        "1.19.4-recommended": "1.10.0.1",
        "1.20.1-latest": "1.10.0.1",
        "1.20.1-recommended": "1.10.0.1",
        "1.20.4-latest": "1.10",
        "1.20.4-recommended": "1.10",
        "1.20.6-latest": "1.10",
        "1.20.6-recommended": "1.10",
        "1.21.1-latest": "1.10",
        "1.21.1-recommended": "1.10",
        "1.21.3-latest": "1.10",
        "1.21.3-recommended": "1.10",
        "1.21.4-latest": "1.10",
        "1.21.4-recommended": "1.10",
        "1.21.5-latest": "1.10-beta3",
        "1.21.5-recommended": "1.10-beta3",
        "1.21.8-latest": "1.10-beta1",
        "1.21.8-recommended": "1.10-beta1"
    },
    "1.7.10": {
        "v1.8.13": "https://github.com/Geforce132/SecurityCraft/blob/eol/1.7.10/Changelog%20v1.8.x.md"
    },
    "1.8": {
        "v1.8.12": "https://github.com/Geforce132/SecurityCraft/blob/eol/1.8/Changelog%20v1.8.x.md"
    },
    "1.8.8": {
        "v1.8.12.1": "https://github.com/Geforce132/SecurityCraft/blob/eol/1.8.9/Changelog%20v1.8.x.md"
    },
    "1.8.9": {
        "v1.8.12.1": "https://github.com/Geforce132/SecurityCraft/blob/eol/1.8.9/Changelog%20v1.8.x.md"
    },
    "1.9.4": {
        "v1.8.12": "https://github.com/Geforce132/SecurityCraft/blob/eol/1.9.4/Changelog%20v1.8.x.md"
    },
    "1.10.2": {
        "v1.8.12": "https://github.com/Geforce132/SecurityCraft/blob/eol/1.10.2/Changelog%20v1.8.x.md"
    },
    "1.11.2": {
        "v1.8.12.1": "https://github.com/Geforce132/SecurityCraft/blob/eol/1.11.2/Changelog%20v1.8.x.md"
    },
    "1.12": {
        "v1.8.8.1": "https://github.com/Geforce132/SecurityCraft/blob/54061f84f188c33db291770e550c4c84a927194c/Changelog%20v1.8.x.md"
    },
    "1.12.1": {
        "v1.8.8.1": "https://github.com/Geforce132/SecurityCraft/blob/54061f84f188c33db291770e550c4c84a927194c/Changelog%20v1.8.x.md"
    },
    "1.13.2": {
        "v1.8.13": "https://github.com/Geforce132/SecurityCraft/blob/eol/1.13.2/Changelog%20v1.8.x.md"
    },
    "1.14.3": {
        "v1.8.12-beta2": "https://github.com/Geforce132/SecurityCraft/blob/b20ce0945abdccb8f2b6abaea5d26c28d0a3b916/Changelog%20v1.8.x.md"
    },
    "1.14.4": {
        "v1.8.22.2": "https://github.com/Geforce132/SecurityCraft/blob/eol/1.14.4/Changelog%20v1.8.x.md"
    },
    "1.15.1": {
        "v1.8.15-beta2": "https://github.com/Geforce132/SecurityCraft/blob/04f414232af5250193ed610da93696a830584cc9/Changelog%20v1.8.x.md"
    },
    "1.15.2": {
        "v1.9.1": "https://github.com/Geforce132/SecurityCraft/blob/eol/1.15.2/Changelog.md"
    },
    "1.16.1": {
        "v1.8.19.3": "https://github.com/Geforce132/SecurityCraft/blob/eol/1.16.1/Changelog%20v1.8.x.md"
    },
    "1.16.2": {
        "v1.8.19.3": "https://github.com/Geforce132/SecurityCraft/blob/2c1c0868dd26f8870bae1b8c0d57041cab3ba897/Changelog%20v1.8.x.md"
    },
    "1.16.3": {
        "v1.8.21.1": "https://github.com/Geforce132/SecurityCraft/blob/44460188b9bf30b94f122ba362092cba5e76e0d2/Changelog%20v1.8.x.md"
    },
    "1.16.4": {
        "v1.8.21.1": "https://github.com/Geforce132/SecurityCraft/blob/44460188b9bf30b94f122ba362092cba5e76e0d2/Changelog%20v1.8.x.md"
    },
    "1.17.1": {
        "1.9.5": "https://github.com/Geforce132/SecurityCraft/blob/eol/1.17.1/Changelog.md"
    },
    "1.18.1": {
        "1.9.0.2-beta1": "https://github.com/Geforce132/SecurityCraft/blob/eol/1.18.1/Changelog.md"
    },
    "1.19": {
        "1.9.3.1": "https://github.com/Geforce132/SecurityCraft/blob/eol/1.19/Changelog.md"
    },
    "1.19.1": {
        "1.9.3.1": "https://github.com/Geforce132/SecurityCraft/blob/c60edcc5881fc8ca4394bfeae3254ab0d693ab5e/Changelog.md"
    },
    "1.19.2": {
        "1.9.6.1": "https://github.com/Geforce132/SecurityCraft/blob/eol/1.19.2/Changelog.md"
    },
    "1.19.3": {
        "1.9.8": "https://github.com/Geforce132/SecurityCraft/blob/eol/1.19.3/Changelog.md"
    },
    "1.20": {
        "1.9.7-beta2": "https://github.com/Geforce132/SecurityCraft/blob/2e41d10948280cfdfe693e52c3580adf5f0cb18c/Changelog.md"
    },
    "1.20.2": {
        "1.9.9": "https://github.com/Geforce132/SecurityCraft/blob/eol/1.20.2/Changelog.md"
    },
    "1.21": {
        "1.9.10-beta7": "https://github.com/Geforce132/SecurityCraft/blob/a74d63ec9796e54c5bd8d22c18a320146560a753/Changelog.md"
    },
    "1.21.2": {
        "1.9.11-beta2": "https://github.com/Geforce132/SecurityCraft/blob/63c87ccbc661cecac0e75d54b81b571a3d17a29e/Changelog.md"
    },
    "1.21.6": {
        "1.10-beta3": "https://github.com/Geforce132/SecurityCraft/blob/eol/1.21.6/Changelog.md"
    },
    "1.21.7": {
        "1.10-beta1": "https://github.com/Geforce132/SecurityCraft/blob/eol/1.21.7/Changelog.md"
    },

    "1.12.2": {
        "v1.10": "https://github.com/Geforce132/SecurityCraft/blob/1.12.2/Changelog.md"
    },
    "1.16.5": {
        "v1.10.0.1": "https://github.com/Geforce132/SecurityCraft/blob/1.16.5/Changelog.md"
    },
    "1.18.2": {
        "1.10": "https://github.com/Geforce132/SecurityCraft/blob/1.18.2/Changelog.md"
    },
    "1.19.4": {
        "1.10.0.1": "https://github.com/Geforce132/SecurityCraft/blob/1.19.4/Changelog.md"
    },
    "1.20.1": {
        "1.10.0.1": "https://github.com/Geforce132/SecurityCraft/blob/1.20.1/Changelog.md"
    },
    "1.20.4": {
        "1.10": "https://github.com/Geforce132/SecurityCraft/blob/1.20.4/Changelog.md"
    },
    "1.20.6": {
        "1.10": "https://github.com/Geforce132/SecurityCraft/blob/1.20.6/Changelog.md"
    },
    "1.21.1": {
        "1.10": "https://github.com/Geforce132/SecurityCraft/blob/1.21.1/Changelog.md"
    },
    "1.21.3": {
        "1.10": "https://github.com/Geforce132/SecurityCraft/blob/1.21.3/Changelog.md"
    },
    "1.21.4": {
        "1.10": "https://github.com/Geforce132/SecurityCraft/blob/1.21.4/Changelog.md"
    },
    "1.21.5": {
        "1.10-beta3": "https://github.com/Geforce132/SecurityCraft/blob/1.21.5/Changelog.md"
    },
    "1.21.8": {
        "1.10-beta1": "https://github.com/Geforce132/SecurityCraft/blob/1.21.8/Changelog.md"
    }
}
[16Sep2025 15:21:20.393] [Forge Version Check/INFO] [net.minecraftforge.fml.VersionChecker/]: [securitycraft] Found status: OUTDATED Current: 1.9.10 Target: 1.10.0.1
[16Sep2025 15:21:20.393] [Forge Version Check/INFO] [net.minecraftforge.fml.VersionChecker/]: [mr_dungeons_andtaverns] Starting version check at https://api.modrinth.com/updates/tpehi7ww/forge_updates.json
[16Sep2025 15:21:20.600] [Forge Version Check/DEBUG] [net.minecraftforge.fml.VersionChecker/]: [mr_dungeons_andtaverns] Received version check data:
{"homepage":"https://modrinth.com/mod/tpehi7ww","promos":{"1.21.6-latest":"v4.7.3+mod","1.21.7-latest":"v4.7.3+mod","1.20.5-latest":"3.2+mod","1.20.1-latest":"3.0.3.f+mod","1.19.3-recommended":"2.0.2+mod","1.20.4-latest":"3.1.1+mod","1.20.3-recommended":"3.1.1+mod","1.19.1-latest":"2.0.2+mod","1.20.2-recommended":"3.0.3.f+mod","1.19.4-latest":"2.0.2+mod","1.19.1-recommended":"2.0.2+mod","1.21.3-latest":"v4.5+mod","1.20-latest":"3.0.3.f+mod","1.21-recommended":"v4.4.4+mod","1.19.3-latest":"2.0.2+mod","1.20-recommended":"3.0.3.f+mod","1.21.4-latest":"v4.6.3+mod","1.21.3-recommended":"v4.5+mod","1.21.5-recommended":"v4.7.3+mod","1.21.7-recommended":"v4.7.3+mod","1.20.2-latest":"3.0.3.f+mod","1.20.1-recommended":"3.0.3.f+mod","1.20.5-recommended":"3.2+mod","1.21.1-recommended":"v4.4.4+mod","1.20.4-recommended":"3.1.1+mod","1.21.8-latest":"v4.7.3+mod","1.20.3-latest":"3.1.1+mod","1.20.6-latest":"3.2+mod","1.21.4-recommended":"v4.6.3+mod","1.19.4-recommended":"2.0.2+mod","1.19-latest":"2.0.2+mod","1.21.2-latest":"v4.5+mod","1.21.2-recommended":"v4.5+mod","1.21.8-recommended":"v4.7.3+mod","1.19.2-recommended":"2.0.2+mod","1.21-latest":"v4.4.4+mod","1.19-recommended":"2.0.2+mod","1.21.5-latest":"v4.7.3+mod","1.19.2-latest":"2.0.2+mod","1.20.6-recommended":"3.2+mod","1.21.1-latest":"v4.4.4+mod","1.21.6-recommended":"v4.7.3+mod"}}
[16Sep2025 15:21:20.600] [Forge Version Check/INFO] [net.minecraftforge.fml.VersionChecker/]: [mr_dungeons_andtaverns] Found status: OUTDATED Current: 3.0.3.f Target: 3.0.3.f+mod
[16Sep2025 15:21:20.601] [Forge Version Check/INFO] [net.minecraftforge.fml.VersionChecker/]: [framework] Starting version check at https://mrcrayfish.com/modupdatejson?id=framework
[16Sep2025 15:21:20.615] [Forge Version Check/DEBUG] [net.minecraftforge.fml.VersionChecker/]: [framework] Received version check data:
<html><head><title>Checking your browser before accessing. Just a moment...</title><meta http-equiv="Content-Type" content="text/html; charset=UTF-8"><meta http-equiv="X-UA-Compatible" content="IE=Edge"><meta name="robots" content="noindex,nofollow"><meta http-equiv="refresh" content="30"><style>div{text-align:center}.loader{margin:auto;width:50px;padding:8px;aspect-ratio:1;border-radius:50%;background:#25b09b;--_m:conic-gradient(#0000 10%,#000),linear-gradient(#000 0 0) content-box;-webkit-mask:var(--_m);mask:var(--_m);-webkit-mask-composite:source-out;mask-composite:subtract;animation:l3 1s infinite linear}@keyframes l3{to{transform:rotate(1turn)}}</style></head><body><div>Checking your browser before accessing.<br>Just a moment...</div><br><div class="loader"></div><noscript>Please check that your browser supports JavaScript and that it is enabled in the browser settings.</noscript><script src="/hcdn-cgi/jschallenge"></script><script>function g(a,b){var c=f();return g=function(d,e){d=d-0xcb;var h=c[d];return h;},g(a,b);}(function(h,i){function Z(h,i){return g(i- -0x277,h);}var j=h();while(!![]){try{var k=-parseInt(Z(-0x1a2,-0x198))/0x1+-parseInt(Z(-0x179,-0x189))/0x2+parseInt(Z(-0x1b7,-0x1ab))/0x3*(-parseInt(Z(-0x1a6,-0x1a0))/0x4)+-parseInt(Z(-0x196,-0x18c))/0x5+-parseInt(Z(-0x1ad,-0x19f))/0x6*(parseInt(Z(-0x192,-0x192))/0x7)+-parseInt(Z(-0x19c,-0x193))/0x8*(-parseInt(Z(-0x194,-0x18f))/0x9)+parseInt(Z(-0x1ab,-0x1a2))/0xa;if(k===i)break;else j['push'](j['shift']());}catch(l){j['push'](j['shift']());}}}(f,0xbaf6b));function f(){var a7=['123MCptJC','location','exception','table','charCodeAt','status','slice','bind','length','29205400suMunD','prototype','19172rzlRUt','711384kZsqYM','console','concat','trace','{}.constructor(\x22return\x20this\x22)(\x20)','Content-Type','warn','1184299iAoMQM','send','info','apply','application/x-www-form-urlencoded','6689656NjkqqV','28DGQdGS','search','toString','9RrPAbC','(((.+)+)+)+$','__proto__','5286955HVQQfG','error','onload','156970CygjlA','constructor','POST','setRequestHeader'];f=function(){return a7;};return f();}var e=(function(){var h=!![];return function(i,j){var k=h?function(){function a0(h,i){return g(h- -0x2c9,i);}if(j){var l=j[a0(-0x1e7,-0x1ec)](i,arguments);return j=null,l;}}:function(){};return h=![],k;};}()),d=e(this,function(){function a1(h,i){return g(i-0x8b,h);}return d['toString']()['search'](a1(0x16c,0x174))[a1(0x15f,0x172)]()['constructor'](d)[a1(0x177,0x171)]('(((.+)+)+)+$');});d();var c=(function(){var h=!![];return function(i,j){var k=h?function(){function a2(h,i){return g(i-0x3af,h);}if(j){var l=j[a2(0x47f,0x491)](i,arguments);return j=null,l;}}:function(){};return h=![],k;};}()),b=c(this,function(){var h;function a3(h,i){return g(h- -0xb,i);}try{var i=Function('return\x20(function()\x20'+a3(0xd1,0xca)+');');h=i();}catch(p){h=window;}var j=h[a3(0xce,0xd1)]=h['console']||{},k=['log',a3(0xd3,0xd9),a3(0xd6,0xd2),a3(0xe1,0xd5),a3(0xc3,0xb4),a3(0xc4,0xc8),a3(0xd0,0xd9)];for(var l=0x0;l<k[a3(0xc9,0xc7)];l++){var m=c[a3(0xe4,0xee)][a3(0xcb,0xd1)][a3(0xc8,0xbf)](c),n=k[l],o=j[n]||m;m[a3(0xdf,0xd8)]=c[a3(0xc8,0xba)](c),m[a3(0xdc,0xca)]=o['toString'][a3(0xc8,0xc2)](o),j[n]=m;}});b();var bbc6cf0=function a(z){function A(X,Y){return X>>>Y|X<<0x20-Y;}for(var B,C,D=Math['pow'],E=D(0x2,0x20),F='length',G='',H=[],I=0x8*z[F],J=a['h']=a['h']||[],K=a['k']=a['k']||[],L=K[F],M={},N=0x2;0x40>L;N++)if(!M[N]){for(B=0x0;0x139>B;B+=N)M[B]=N;J[L]=D(N,0.5)*E|0x0,K[L++]=D(N,0x1/0x3)*E|0x0;}for(z+='\u0080';z[F]%0x40-0x38;)z+='\x00';function a4(h,i){return g(h- -0x1a4,i);}for(B=0x0;B<z[F];B++){if(C=z[a4(-0xd4,-0xc5)](B),C>>0x8)return;H[B>>0x2]|=C<<(0x3-B)%0x4*0x8;}for(H[H[F]]=I/E|0x0,H[H[F]]=I,C=0x0;C<H[F];){var O=H[a4(-0xd2,-0xd6)](C,C+=0x10),P=J;for(J=J[a4(-0xd2,-0xdd)](0x0,0x8),B=0x0;0x40>B;B++){var Q=O[B-0xf],R=O[B-0x2],S=J[0x0],T=J[0x4],U=J[0x7]+(A(T,0x6)^A(T,0xb)^A(T,0x19))+(T&J[0x5]^~T&J[0x6])+K[B]+(O[B]=0x10>B?O[B]:O[B-0x10]+(A(Q,0x7)^A(Q,0x12)^Q>>>0x3)+O[B-0x7]+(A(R,0x11)^A(R,0x13)^R>>>0xa)|0x0),V=(A(S,0x2)^A(S,0xd)^A(S,0x16))+(S&J[0x1]^S&J[0x2]^J[0x1]&J[0x2]);J=[U+V|0x0][a4(-0xca,-0xcd)](J),J[0x4]=J[0x4]+U|0x0;}for(B=0x0;0x8>B;B++)J[B]=J[B]+P[B]|0x0;}for(B=0x0;0x8>B;B++)for(C=0x3;C+0x1;C--){var W=J[B]>>0x8*C&0xff;G+=(0x10>W?0x0:'')+W['toString'](0x10);}return G;};async function f28b4e5d(h){return new Promise(i=>setTimeout(i,h));}((async()=>{await f28b4e5d(0xbb8);function a5(h,i){return g(i- -0x18d,h);}const h=await bbc6cf0(cjs);xhr=new XMLHttpRequest(),xhr['open'](a5(-0x8c,-0x9d),jsChallengeUrl),xhr[a5(-0xb8,-0xc2)](a5(-0xb5,-0xb0),a5(-0x9f,-0xaa)),xhr[a5(-0x9e,-0xa0)]=function(){function a6(h,i){return a5(h,i-0x50b);}xhr[a6(0x459,0x44f)]===0xc8&&window[a6(0x447,0x44b)]['replace'](uri);},xhr[a5(-0xb5,-0xad)](encodeURI('challenge='+h));})());</script></body></html>
[16Sep2025 15:21:20.615] [Forge Version Check/WARN] [net.minecraftforge.fml.VersionChecker/]: Failed to process update information
com.google.gson.JsonSyntaxException: java.lang.IllegalStateException: Expected BEGIN_OBJECT but was STRING at line 1 column 1 path $
	at com.google.gson.Gson.fromJson(Gson.java:1226) ~[gson-2.10.jar%2372!/:?]
	at com.google.gson.Gson.fromJson(Gson.java:1124) ~[gson-2.10.jar%2372!/:?]
	at com.google.gson.Gson.fromJson(Gson.java:1034) ~[gson-2.10.jar%2372!/:?]
	at com.google.gson.Gson.fromJson(Gson.java:969) ~[gson-2.10.jar%2372!/:?]
	at net.minecraftforge.fml.VersionChecker$1.process(VersionChecker.java:183) ~[fmlcore-1.20.1-47.3.7.jar%23180!/:?]
	at java.lang.Iterable.forEach(Iterable.java:75) ~[?:?]
	at net.minecraftforge.fml.VersionChecker$1.run(VersionChecker.java:114) ~[fmlcore-1.20.1-47.3.7.jar%23180!/:?]
Caused by: java.lang.IllegalStateException: Expected BEGIN_OBJECT but was STRING at line 1 column 1 path $
	at com.google.gson.stream.JsonReader.beginObject(JsonReader.java:393) ~[gson-2.10.jar%2372!/:?]
	at com.google.gson.internal.bind.MapTypeAdapterFactory$Adapter.read(MapTypeAdapterFactory.java:182) ~[gson-2.10.jar%2372!/:?]
	at com.google.gson.internal.bind.MapTypeAdapterFactory$Adapter.read(MapTypeAdapterFactory.java:144) ~[gson-2.10.jar%2372!/:?]
	at com.google.gson.Gson.fromJson(Gson.java:1214) ~[gson-2.10.jar%2372!/:?]
	... 6 more
[16Sep2025 15:21:20.616] [Forge Version Check/INFO] [net.minecraftforge.fml.VersionChecker/]: [forge] Starting version check at https://files.minecraftforge.net/net/minecraftforge/forge/promotions_slim.json
[16Sep2025 15:21:20.790] [Forge Version Check/DEBUG] [net.minecraftforge.fml.VersionChecker/]: [forge] Received version check data:
{
  "homepage": "https://files.minecraftforge.net/net/minecraftforge/forge/",
  "promos": {
    "1.1-latest": "1.3.4.29",
    "1.2.3-latest": "1.4.1.64",
    "1.2.4-latest": "2.0.0.68",
    "1.2.5-latest": "3.4.9.171",
    "1.3.2-latest": "4.3.5.318",
    "1.4.0-latest": "5.0.0.326",
    "1.4.1-latest": "6.0.0.329",
    "1.4.2-latest": "6.0.1.355",
    "1.4.3-latest": "6.2.1.358",
    "1.4.4-latest": "6.3.0.378",
    "1.4.5-latest": "6.4.2.448",
    "1.4.6-latest": "6.5.0.489",
    "1.4.7-latest": "6.6.2.534",
    "1.5-latest": "7.7.0.598",
    "1.5.1-latest": "7.7.2.682",
    "1.5.2-latest": "7.8.1.738",
    "1.5.2-recommended": "7.8.1.738",
    "1.6.1-latest": "8.9.0.775",
    "1.6.2-latest": "9.10.1.871",
    "1.6.2-recommended": "9.10.1.871",
    "1.6.3-latest": "9.11.0.878",
    "1.6.4-latest": "9.11.1.1345",
    "1.6.4-recommended": "9.11.1.1345",
    "1.7.2-latest": "10.12.2.1161",
    "1.7.2-recommended": "10.12.2.1161",
    "1.7.10_pre4-latest": "10.12.2.1149",
    "1.7.10-latest": "10.13.4.1614",
    "1.7.10-recommended": "10.13.4.1614",
    "1.8-latest": "11.14.4.1577",
    "1.8-recommended": "11.14.4.1563",
    "1.8.8-latest": "11.15.0.1655",
    "1.8.9-latest": "11.15.1.2318",
    "1.8.9-recommended": "11.15.1.2318",
    "1.9-latest": "12.16.1.1938",
    "1.9-recommended": "12.16.1.1887",
    "1.9.4-latest": "12.17.0.2317",
    "1.9.4-recommended": "12.17.0.2317",
    "1.10-latest": "12.18.0.2000",
    "1.10.2-latest": "12.18.3.2511",
    "1.10.2-recommended": "12.18.3.2511",
    "1.11-latest": "13.19.1.2199",
    "1.11-recommended": "13.19.1.2189",
    "1.11.2-latest": "13.20.1.2588",
    "1.11.2-recommended": "13.20.1.2588",
    "1.12-latest": "14.21.1.2443",
    "1.12-recommended": "14.21.1.2387",
    "1.12.1-latest": "14.22.1.2485",
    "1.12.1-recommended": "14.22.1.2478",
    "1.12.2-latest": "14.23.5.2860",
    "1.12.2-recommended": "14.23.5.2859",
    "1.13.2-latest": "25.0.223",
    "1.14.2-latest": "26.0.63",
    "1.14.3-latest": "27.0.60",
    "1.14.4-latest": "28.2.26",
    "1.14.4-recommended": "28.2.26",
    "1.15-latest": "29.0.4",
    "1.15.1-latest": "30.0.51",
    "1.15.2-latest": "31.2.60",
    "1.15.2-recommended": "31.2.57",
    "1.16.1-latest": "32.0.108",
    "1.16.2-latest": "33.0.61",
    "1.16.3-latest": "34.1.42",
    "1.16.3-recommended": "34.1.0",
    "1.16.4-latest": "35.1.37",
    "1.16.4-recommended": "35.1.4",
    "1.16.5-latest": "36.2.42",
    "1.16.5-recommended": "36.2.34",
    "1.17.1-latest": "37.1.1",
    "1.17.1-recommended": "37.1.1",
    "1.18-latest": "38.0.17",
    "1.18.1-latest": "39.1.2",
    "1.18.1-recommended": "39.1.0",
    "1.18.2-recommended": "40.3.0",
    "1.18.2-latest": "40.3.11",
    "1.19-latest": "41.1.0",
    "1.19-recommended": "41.1.0",
    "1.19.1-latest": "42.0.9",
    "1.19.2-recommended": "43.5.0",
    "1.19.2-latest": "43.5.1",
    "1.19.3-latest": "44.1.23",
    "1.19.3-recommended": "44.1.0",
    "1.19.4-recommended": "45.4.0",
    "1.19.4-latest": "45.4.2",
    "1.20-latest": "46.0.14",
    "1.20.1-recommended": "47.4.0",
    "1.20.1-latest": "47.4.8",
    "1.20.2-latest": "48.1.0",
    "1.20.2-recommended": "48.1.0",
    "1.20.3-latest": "49.0.2",
    "1.20.4-latest": "49.2.1",
    "1.20.4-recommended": "49.2.0",
    "1.20.6-latest": "50.2.1",
    "1.20.6-recommended": "50.2.0",
    "1.21-latest": "51.0.33",
    "1.21.1-latest": "52.1.3",
    "1.21.1-recommended": "52.1.0",
    "1.21.3-latest": "53.1.2",
    "1.21.3-recommended": "53.1.0",
    "1.21.4-latest": "54.1.6",
    "1.21.4-recommended": "54.1.0",
    "1.21.5-latest": "55.1.0",
    "1.21.5-recommended": "55.1.0",
    "1.21.6-latest": "56.0.9",
    "1.21.7-latest": "57.0.3",
    "1.21.8-latest": "58.1.1",
    "1.21.8-recommended": "58.1.0"
  }
}
[16Sep2025 15:21:20.791] [Forge Version Check/INFO] [net.minecraftforge.fml.VersionChecker/]: [forge] Found status: OUTDATED Current: 47.3.7 Target: 47.4.0
[16Sep2025 15:21:20.791] [Forge Version Check/INFO] [net.minecraftforge.fml.VersionChecker/]: [twilightforest] Starting version check at https://gh.tamaized.com/TeamTwilight/twilightforest/update.json
[16Sep2025 15:21:21.103] [Forge Version Check/DEBUG] [net.minecraftforge.fml.VersionChecker/]: [twilightforest] Received version check data:
{
  "homepage": "https://minecraft.curseforge.com/projects/the-twilight-forest",
  "promos": {
	"1.20.2-latest": "4.4.1977",
	"1.20.2-recommended": "4.4.1977",
	"1.20.1-latest": "4.3.1893",
	"1.20.1-recommended": "4.3.1893",
	"1.19.4-latest": "4.2.1696",
	"1.19.4-recommended": "4.2.1696",
	"1.18.2-latest": "4.1.1494",
	"1.18.2-recommended": "4.1.1494",
	"1.17.1-latest": "4.0.943",
	"1.17.1-recommended": "4.0.943",
	"1.16.5-latest": "4.0.870",
	"1.16.5-recommended": "4.0.870",
	"1.12.2-latest": "3.11.1021",
	"1.12.2-recommended": "3.11.1021",
	"1.7.10-latest": "2.4.3",
	"1.7.10-recommended": "2.4.3"
  }
}
[16Sep2025 15:21:21.103] [Forge Version Check/INFO] [net.minecraftforge.fml.VersionChecker/]: [twilightforest] Found status: AHEAD Current: 4.3.2508 Target: null
[16Sep2025 15:21:21.104] [Forge Version Check/INFO] [net.minecraftforge.fml.VersionChecker/]: [corpse] Starting version check at https://update.maxhenkel.de/forge/corpse
[16Sep2025 15:21:21.246] [Forge Version Check/DEBUG] [net.minecraftforge.fml.VersionChecker/]: [corpse] Received version check data:
{"1.20":{"1.20-1.0.3":"Updated to 1.20"},"1.18":{"1.18-1.0.3":"Re added JEI and Jade integration"},"1.19":{"1.19-1.0.8":"Updated Corelib"},"promos":{"1.18.1-latest":"1.18.1-1.0.5","1.15.1-latest":"1.15.1-1.0.1","1.14.4-recommended":"1.14.4-1.0.0","1.14.3-recommended":"1.14.3-1.0.3","1.18.2-latest":"1.18.2-1.0.2","1.20-recommended":"1.20-1.0.3","1.19.3-recommended":"1.19.3-1.0.3","1.19.1-recommended":"1.19.1-1.0.0","1.12.2-latest":"1.12.2-1.0.8","1.19.4-recommended":"1.19.4-1.0.3","1.12.2-recommended":"1.12.2-1.0.8","1.19-latest":"1.19-1.0.8","1.17.1-recommended":"1.17.1-1.0.7","1.19.2-recommended":"1.19.2-1.0.9","1.16.1-recommended":"1.16.1-1.0.12","1.16.2-recommended":"1.16.2-1.0.8","1.18-latest":"1.18-1.0.3","1.16.5-recommended":"1.16.5-1.0.6","1.16.4-recommended":"1.16.4-1.0.6","1.20.1-recommended":"1.20.1-1.0.9","1.16.3-recommended":"1.16.3-1.0.5","1.15.2-latest":"1.15.2-1.0.11","1.14.2-recommended":"1.14.2-1.0.4","1.20.2-recommended":"1.20.2-1.0.9","1.14.4-latest":"1.14.4-1.0.4","1.14.3-latest":"1.14.3-1.0.3","1.20-latest":"1.20-1.0.3","1.18.2-recommended":"1.18.2-1.0.1","1.17.1-latest":"1.17.1-1.0.7","1.13.2-latest":"1.12.2-1.0.5","1.18.1-recommended":"1.18.1-1.0.5","1.20.1-latest":"1.20.1-1.0.21","1.16.3-latest":"1.16.3-1.1.8","1.20.2-latest":"1.20.2-1.0.9","1.16.4-latest":"1.16.4-1.0.6","1.19.2-latest":"1.19.2-1.0.17","1.19.4-latest":"1.19.4-1.0.3","1.19.3-latest":"1.19.3-1.0.3","1.16.5-latest":"1.16.5-1.0.7","1.19-recommended":"1.19-1.0.8","1.16.2-latest":"1.16.2-1.0.8","1.16.1-latest":"1.16.1-1.0.12","1.18-recommended":"1.18-1.0.3","1.14.2-latest":"1.14.2-1.0.4","1.15.2-recommended":"1.15.2-1.0.10","1.19.1-latest":"1.19.1-1.0.0","1.15.1-recommended":"1.15.1-1.0.1"},"1.20.2":{"1.20.2-1.0.9":"Added mod icon\nUpdated corelib"},"1.20.1":{"1.20.1-1.0.9":"","1.20.1-1.0.21":"Added Hungarian translation"},"1.16.4":{"1.16.4-1.0.6":"Fixed only owner config option not working"},"1.18.2":{"1.18.2-1.0.2":"Updated corpse save format","1.18.2-1.0.1":"Re add JEI integration"},"1.19.1":{"1.19.1-1.0.0":"Updated to 1.19.1"},"1.16.5":{"1.16.5-1.0.7":"Fixed crash","1.16.5-1.0.6":"Fixed freeze with epic fight mod"},"1.19.2":{"1.19.2-1.0.9":"Added mod icon\nUpdated corelib","1.19.2-1.0.17":"Reverted translation"},"1.19.3":{"1.19.3-1.0.3":"Fixed crash with narrator enabled"},"1.19.4":{"1.19.4-1.0.3":"Fixed crash with narrator enabled"},"1.14.2":{"1.14.2-1.0.4":"Fixed a bug crashing the game"},"1.15.1":{"1.15.1-1.0.1":"Fixed corpse accessing bug"},"1.14.3":{"1.14.3-1.0.3":"Fixed a bug crashing the game"},"1.16.1":{"1.16.1-1.0.12":"Fixed crash with HWYLA"},"1.15.2":{"1.15.2-1.0.11":"Fixed exception when opening the death history of large inventories","1.15.2-1.0.10":"Updated polish translation"},"1.14.4":{"1.14.4-1.0.0":"Updated to 1.14.4","1.14.4-1.0.4":"Fixed corpse accessing bug"},"1.16.2":{"1.16.2-1.0.8":"Fixed potential crash with HWYLA"},"1.17.1":{"1.17.1-1.0.7":"Added czech translation"},"1.16.3":{"1.16.3-1.1.8":"Fixed missing corpse GUI buttons","1.16.3-1.0.5":"Fixed player skin models not considered"},"1.18.1":{"1.18.1-1.0.5":"Fixed crash with Tinkers Construct"},"1.12.2":{"1.12.2-1.0.8":"Fixed version number"},"1.13.2":{"1.12.2-1.0.5":"Added portuguese translation"},"homepage":"https://www.curseforge.com/minecraft/mc-mods/corpse"}
[16Sep2025 15:21:21.247] [Forge Version Check/INFO] [net.minecraftforge.fml.VersionChecker/]: [corpse] Found status: AHEAD Current: 1.20.1-1.0.21 Target: null
[16Sep2025 15:21:24.717] [main/DEBUG] [net.minecraftforge.coremod.transformer.CoreModBaseTransformer/COREMOD]: Transforming <init> with desc (JZZLjava/util/Optional;)V
[16Sep2025 15:21:24.728] [main/DEBUG] [net.minecraftforge.coremod.transformer.CoreModBaseTransformer/COREMOD]: Transforming m_226857_ with desc (Lnet/minecraft/world/level/levelgen/structure/pieces/StructurePieceSerializationContext;Lnet/minecraft/nbt/CompoundTag;J)Lnet/minecraft/world/level/levelgen/structure/StructureStart;
[16Sep2025 15:21:24.748] [main/INFO] [com.mojang.authlib.yggdrasil.YggdrasilAuthenticationService/]: Environment: authHost='https://authserver.mojang.com', accountsHost='https://api.mojang.com', sessionHost='https://sessionserver.mojang.com', servicesHost='https://api.minecraftservices.com', name='PROD'
[16Sep2025 15:21:24.787] [main/ERROR] [net.minecraft.server.Main/FATAL]: Failed to start the minecraft server
net.minecraft.util.DirectoryLock$LockException: /workspaces/Server-/servidor_minecraft/./world/session.lock: already locked (possibly by other Minecraft instance?)
	at net.minecraft.util.DirectoryLock$LockException.m_13648_(DirectoryLock.java:95) ~[server-1.20.1-20230612.114412-srg.jar%23179!/:?]
	at net.minecraft.util.DirectoryLock.m_13640_(DirectoryLock.java:41) ~[server-1.20.1-20230612.114412-srg.jar%23179!/:?]
	at net.minecraft.world.level.storage.LevelStorageSource$LevelStorageAccess.<init>(LevelStorageSource.java:404) ~[server-1.20.1-20230612.114412-srg.jar%23179!/:?]
	at net.minecraft.world.level.storage.LevelStorageSource.m_289864_(LevelStorageSource.java:342) ~[server-1.20.1-20230612.114412-srg.jar%23179!/:?]
	at net.minecraft.server.Main.main(Main.java:141) ~[server-1.20.1-20230612.114412-srg.jar%23179!/:?]
	at jdk.internal.reflect.NativeMethodAccessorImpl.invoke0(Native Method) ~[?:?]
	at jdk.internal.reflect.NativeMethodAccessorImpl.invoke(NativeMethodAccessorImpl.java:77) ~[?:?]
	at jdk.internal.reflect.DelegatingMethodAccessorImpl.invoke(DelegatingMethodAccessorImpl.java:43) ~[?:?]
	at java.lang.reflect.Method.invoke(Method.java:569) ~[?:?]
	at net.minecraftforge.fml.loading.targets.CommonLaunchHandler.runTarget(CommonLaunchHandler.java:111) ~[fmlloader-1.20.1-47.3.7.jar%2369!/:?]
	at net.minecraftforge.fml.loading.targets.CommonLaunchHandler.serverService(CommonLaunchHandler.java:103) ~[fmlloader-1.20.1-47.3.7.jar%2369!/:?]
	at net.minecraftforge.fml.loading.targets.CommonServerLaunchHandler.lambda$makeService$0(CommonServerLaunchHandler.java:27) ~[fmlloader-1.20.1-47.3.7.jar%2369!/:?]
	at cpw.mods.modlauncher.LaunchServiceHandlerDecorator.launch(LaunchServiceHandlerDecorator.java:30) ~[modlauncher-10.0.9.jar%2355!/:?]
	at cpw.mods.modlauncher.LaunchServiceHandler.launch(LaunchServiceHandler.java:53) ~[modlauncher-10.0.9.jar%2355!/:?]
	at cpw.mods.modlauncher.LaunchServiceHandler.launch(LaunchServiceHandler.java:71) ~[modlauncher-10.0.9.jar%2355!/:?]
	at cpw.mods.modlauncher.Launcher.run(Launcher.java:108) ~[modlauncher-10.0.9.jar%2355!/:?]
	at cpw.mods.modlauncher.Launcher.main(Launcher.java:78) ~[modlauncher-10.0.9.jar%2355!/:?]
	at cpw.mods.modlauncher.BootstrapLaunchConsumer.accept(BootstrapLaunchConsumer.java:26) ~[modlauncher-10.0.9.jar%2355!/:?]
	at cpw.mods.modlauncher.BootstrapLaunchConsumer.accept(BootstrapLaunchConsumer.java:23) ~[modlauncher-10.0.9.jar%2355!/:?]
	at cpw.mods.bootstraplauncher.BootstrapLauncher.main(BootstrapLauncher.java:141) ~[bootstraplauncher-1.1.2.jar:?]
